record,id,split,y_abt,y_mta,y_wmh,cv001,cv002,cv003,cv004,cv005,cv006,cv007,cv008,cv009,cv010,cv011,cv012,cv013,cv014,cv015,cv016,cv017,cv018,cv019,cv020,cv021,cv022,cv023,cv024,cv025,cv026,cv027,cv028,cv029,cv030,cv031,cv032,cv033,cv034,cv035,cv036,cv037,cv038,cv039,cv040,cv041,cv042,cv043,cv044,cv045,cv046,cv047,cv048,cv049,cv050,cv051,cv052,cv053,cv054,cv055,cv056,cv057,cv058,cv059,cv060,cv061,cv062,cv063,cv064,cv065,cv066,cv067,cv068,cv069,cv070,cv071,cv072,cv073,cv074,cv075,cv076,cv077,cv078,cv079,cv080,cv081,cv082,cv083,cv084,cv085,cv086,cv087,cv088,cv089,cv090,cv091,cv092,cv093,cv094,cv095,cv096,cv097,cv098,cv099,cv100,ACVRL1,ADAM22,ADAM23,BCAN,CCL11,CCL13,CCL19,CCL3,CD300C,CD300LF,CDH3,CLEC10A,CNTN5,CSF1,CTSC,CXCL9,DKK4,EDA2R,EFNA4,EPHB6,FCRL2,FLRT2,GFRA1,IL12A,IL15,IL17C,IL18,IL1B,IL27,IL33,LAT,LAYN,MMP12,MSR1,NCAN,NRP2,NTRK3,PLXNB3,PVR,RGMB,ROBO2,RSPO1,SCARA5,SCARB2,SCARF2,SMOC2,SMPD1,TNF,TNFRSF12A,TNFRSF21,TNFSF12,ULBP2,UNC5C,VWC2
cluster,cluster,,,,,,,,,,,,,,,,,,,,,,,,,,,,,,,,,,,,,,,,,,,,,,,,,,,,,,,,,,,,,,,,,,,,,,,,,,,,,,,,,,,,,,,,,,,,,,,,,,,,,,,,,3,14,14,6,9,9,16,16,8,1,3,8,12,16,13,9,14,1,12,12,4,2,7,16,16,14,16,16,13,16,7,10,3,15,8,2,7,2,5,4,11,7,15,8,10,3,7,16,11,12,13,5,2,6
network,ACVRL1,,,,,,,,,,,,,,,,,,,,,,,,,,,,,,,,,,,,,,,,,,,,,,,,,,,,,,,,,,,,,,,,,,,,,,,,,,,,,,,,,,,,,,,,,,,,,,,,,,,,,,,,,0,0,0,0,0,0,0,0,0,0,0,0,0,0,0,0,0,0,0,0,0,0,0,0,0,0,0,0,0,0,0,0,0,0,0,0,0,0,0,0,0,0,0,0,0,0,0,0,0,0,0,0,0,0
network,ADAM22,,,,,,,,,,,,,,,,,,,,,,,,,,,,,,,,,,,,,,,,,,,,,,,,,,,,,,,,,,,,,,,,,,,,,,,,,,,,,,,,,,,,,,,,,,,,,,,,,,,,,,,,,0,0,0.73053341084329149,0,0,0,0,0,0,0,0,0,0,0,0,0,0,0,0,0,0,0,0,0,0,0,0,0,0,0,0,0,0,0,0,0,0,0,0,0,0,0,0,0,0,0,0,0,0,0,0,0,0,0
network,ADAM23,,,,,,,,,,,,,,,,,,,,,,,,,,,,,,,,,,,,,,,,,,,,,,,,,,,,,,,,,,,,,,,,,,,,,,,,,,,,,,,,,,,,,,,,,,,,,,,,,,,,,,,,,0,0.73053341084329149,0,0,0,0,0,0,0,0,0,0,0,0,0,0,0,0,0,0,0,0,0,0,0,0,0,0,0,0,0,0,0,0,0,0,0,0,0,0,0,0,0,0,0,0,0,0,0,0,0,0,0,0
network,BCAN,,,,,,,,,,,,,,,,,,,,,,,,,,,,,,,,,,,,,,,,,,,,,,,,,,,,,,,,,,,,,,,,,,,,,,,,,,,,,,,,,,,,,,,,,,,,,,,,,,,,,,,,,0,0,0,0,0,0,0,0,0,0,0,0,0,0,0,0,0,0,0,0,0,0,0,0,0,0,0,0,0,0,0,0,0,0,0.75360139066857501,0,0,0,0,0,0,0,0,0,0,0,0,0,0,0,0,0,0,0
network,CCL11,,,,,,,,,,,,,,,,,,,,,,,,,,,,,,,,,,,,,,,,,,,,,,,,,,,,,,,,,,,,,,,,,,,,,,,,,,,,,,,,,,,,,,,,,,,,,,,,,,,,,,,,,0,0,0,0,0,0.82740643808679082,0,0,0,0,0,0,0,0,0,0.83205229932031455,0,0,0,0,0,0,0,0,0.37392129650254247,0,0,0.75764972137276165,0,0.47530179536009348,0,0,0,0,0,0,0,0,0,0,0,0,0,0,0,0,0,0.52185640431133717,0,0,0,0,0,0
network,CCL13,,,,,,,,,,,,,,,,,,,,,,,,,,,,,,,,,,,,,,,,,,,,,,,,,,,,,,,,,,,,,,,,,,,,,,,,,,,,,,,,,,,,,,,,,,,,,,,,,,,,,,,,,0,0,0,0,0.82740643808679082,0,0.55724486079372149,0,0,0,0,0,0,0,0,0.83205229932031455,0,0,0,0,0,0,0,0,0,0,0,0.25247476714235484,0,0,0,0,0,0,0,0,0,0,0,0,0,0,0,0,0,0,0,0,0,0,0,0,0,0
network,CCL19,,,,,,,,,,,,,,,,,,,,,,,,,,,,,,,,,,,,,,,,,,,,,,,,,,,,,,,,,,,,,,,,,,,,,,,,,,,,,,,,,,,,,,,,,,,,,,,,,,,,,,,,,0,0,0,0,0,0.55724486079372149,0,0.43994635172818169,0,0,0,0,0,0,0,0.76757119069207702,0,0,0,0,0,0,0,0,0,0,0.46165457236547047,0.25663493539182697,0,0,0,0,0,0,0,0,0,0,0,0,0,0,0,0,0,0,0,0.45349242666423817,0,0,0,0,0,0
network,CCL3,,,,,,,,,,,,,,,,,,,,,,,,,,,,,,,,,,,,,,,,,,,,,,,,,,,,,,,,,,,,,,,,,,,,,,,,,,,,,,,,,,,,,,,,,,,,,,,,,,,,,,,,,0,0,0,0,0,0,0.43994635172818169,0,0,0,0,0,0,0.20254396195713456,0,0.58409535911498411,0,0,0,0,0,0,0,0,0.38165142724072743,0,0.51912050318894554,0.78655234282874276,0,0,0,0,0,0,0,0,0,0,0,0,0,0,0,0,0,0,0,0.81452125800621245,0,0,0,0,0,0
network,CD300C,,,,,,,,,,,,,,,,,,,,,,,,,,,,,,,,,,,,,,,,,,,,,,,,,,,,,,,,,,,,,,,,,,,,,,,,,,,,,,,,,,,,,,,,,,,,,,,,,,,,,,,,,0,0,0,0,0,0,0,0,0,0.39728934303334562,0,0,0,0,0,0,0,0,0,0,0,0,0,0,0,0,0,0,0,0,0,0,0,0,0,0,0,0,0,0,0,0,0,0,0,0,0,0,0,0,0,0,0,0
network,CD300LF,,,,,,,,,,,,,,,,,,,,,,,,,,,,,,,,,,,,,,,,,,,,,,,,,,,,,,,,,,,,,,,,,,,,,,,,,,,,,,,,,,,,,,,,,,,,,,,,,,,,,,,,,0,0,0,0,0,0,0,0,0.39728934303334562,0,0,0,0,0,0,0,0,0,0,0,0,0,0,0,0,0,0,0,0,0,0,0,0,0,0,0,0,0,0,0,0,0,0,0,0,0,0,0,0,0,0,0,0,0
network,CDH3,,,,,,,,,,,,,,,,,,,,,,,,,,,,,,,,,,,,,,,,,,,,,,,,,,,,,,,,,,,,,,,,,,,,,,,,,,,,,,,,,,,,,,,,,,,,,,,,,,,,,,,,,0,0,0,0,0,0,0,0,0,0,0,0,0,0,0,0,0,0,0,0,0,0,0,0,0,0,0,0,0,0,0,0,0,0,0,0,0,0,0,0,0,0,0,0,0,0,0,0,0,0,0,0,0,0
network,CLEC10A,,,,,,,,,,,,,,,,,,,,,,,,,,,,,,,,,,,,,,,,,,,,,,,,,,,,,,,,,,,,,,,,,,,,,,,,,,,,,,,,,,,,,,,,,,,,,,,,,,,,,,,,,0,0,0,0,0,0,0,0,0,0,0,0,0,0,0,0,0,0,0,0,0,0,0,0,0,0,0,0,0,0,0,0,0,0,0,0,0,0,0,0,0,0,0,0,0,0,0,0,0,0,0,0,0,0
network,CNTN5,,,,,,,,,,,,,,,,,,,,,,,,,,,,,,,,,,,,,,,,,,,,,,,,,,,,,,,,,,,,,,,,,,,,,,,,,,,,,,,,,,,,,,,,,,,,,,,,,,,,,,,,,0,0,0,0,0,0,0,0,0,0,0,0,0,0,0,0,0,0,0,0,0,0,0,0,0,0,0,0,0,0,0,0,0,0,0,0,0,0,0,0,0,0,0,0,0,0,0,0,0,0,0,0,0,0
network,CSF1,,,,,,,,,,,,,,,,,,,,,,,,,,,,,,,,,,,,,,,,,,,,,,,,,,,,,,,,,,,,,,,,,,,,,,,,,,,,,,,,,,,,,,,,,,,,,,,,,,,,,,,,,0,0,0,0,0,0,0,0.20254396195713456,0,0,0,0,0,0,0,0,0,0,0,0,0,0,0,0,0,0,0,0.384241732900515,0,0,0,0,0,0,0,0,0,0,0,0,0,0,0,0,0,0,0,0.36118123064241109,0,0,0,0,0,0
network,CTSC,,,,,,,,,,,,,,,,,,,,,,,,,,,,,,,,,,,,,,,,,,,,,,,,,,,,,,,,,,,,,,,,,,,,,,,,,,,,,,,,,,,,,,,,,,,,,,,,,,,,,,,,,0,0,0,0,0,0,0,0,0,0,0,0,0,0,0,0,0,0,0,0,0,0,0,0,0,0,0,0,0,0,0,0,0,0,0,0,0,0,0,0,0,0,0,0,0,0,0,0,0,0,0,0,0,0
network,CXCL9,,,,,,,,,,,,,,,,,,,,,,,,,,,,,,,,,,,,,,,,,,,,,,,,,,,,,,,,,,,,,,,,,,,,,,,,,,,,,,,,,,,,,,,,,,,,,,,,,,,,,,,,,0,0,0,0,0.83205229932031455,0.83205229932031455,0.76757119069207702,0.58409535911498411,0,0,0,0,0,0,0,0,0,0,0,0,0,0,0,0,0.28923505194893356,0,0.16484707388642256,0.50542707060663272,0,0,0,0,0,0,0,0,0,0,0,0,0,0,0,0,0,0,0,0.39728934303334562,0,0,0,0,0,0
network,DKK4,,,,,,,,,,,,,,,,,,,,,,,,,,,,,,,,,,,,,,,,,,,,,,,,,,,,,,,,,,,,,,,,,,,,,,,,,,,,,,,,,,,,,,,,,,,,,,,,,,,,,,,,,0,0,0,0,0,0,0,0,0,0,0,0,0,0,0,0,0,0,0,0,0,0,0,0,0,0,0,0,0,0,0,0,0,0,0,0,0,0,0,0,0,0,0,0,0,0,0,0,0,0,0,0,0,0
network,EDA2R,,,,,,,,,,,,,,,,,,,,,,,,,,,,,,,,,,,,,,,,,,,,,,,,,,,,,,,,,,,,,,,,,,,,,,,,,,,,,,,,,,,,,,,,,,,,,,,,,,,,,,,,,0,0,0,0,0,0,0,0,0,0,0,0,0,0,0,0,0,0,0,0,0,0,0,0,0,0,0,0,0,0,0,0,0,0,0,0,0,0,0,0,0,0,0,0,0,0,0,0,0,0,0,0,0,0
network,EFNA4,,,,,,,,,,,,,,,,,,,,,,,,,,,,,,,,,,,,,,,,,,,,,,,,,,,,,,,,,,,,,,,,,,,,,,,,,,,,,,,,,,,,,,,,,,,,,,,,,,,,,,,,,0,0,0,0,0,0,0,0,0,0,0,0,0,0,0,0,0,0,0,0.63618618379996184,0,0,0,0,0,0,0,0,0,0,0,0,0,0,0,0,0,0,0,0,0,0,0,0,0,0,0,0,0,0,0,0,0,0
network,EPHB6,,,,,,,,,,,,,,,,,,,,,,,,,,,,,,,,,,,,,,,,,,,,,,,,,,,,,,,,,,,,,,,,,,,,,,,,,,,,,,,,,,,,,,,,,,,,,,,,,,,,,,,,,0,0,0,0,0,0,0,0,0,0,0,0,0,0,0,0,0,0,0.63618618379996184,0,0,0,0,0,0,0,0,0,0,0,0,0,0,0,0,0,0,0,0,0,0,0,0,0,0,0,0,0,0,0,0,0,0,0
network,FCRL2,,,,,,,,,,,,,,,,,,,,,,,,,,,,,,,,,,,,,,,,,,,,,,,,,,,,,,,,,,,,,,,,,,,,,,,,,,,,,,,,,,,,,,,,,,,,,,,,,,,,,,,,,0,0,0,0,0,0,0,0,0,0,0,0,0,0,0,0,0,0,0,0,0,0,0,0,0,0,0,0,0,0,0,0,0,0,0,0,0,0,0,0,0,0,0,0,0,0,0,0,0,0,0,0,0,0
network,FLRT2,,,,,,,,,,,,,,,,,,,,,,,,,,,,,,,,,,,,,,,,,,,,,,,,,,,,,,,,,,,,,,,,,,,,,,,,,,,,,,,,,,,,,,,,,,,,,,,,,,,,,,,,,0,0,0,0,0,0,0,0,0,0,0,0,0,0,0,0,0,0,0,0,0,0,0,0,0,0,0,0,0,0,0,0,0,0,0,0,0,0,0,0,0,0,0,0,0,0,0,0,0,0,0,0,0.48077218389229381,0
network,GFRA1,,,,,,,,,,,,,,,,,,,,,,,,,,,,,,,,,,,,,,,,,,,,,,,,,,,,,,,,,,,,,,,,,,,,,,,,,,,,,,,,,,,,,,,,,,,,,,,,,,,,,,,,,0,0,0,0,0,0,0,0,0,0,0,0,0,0,0,0,0,0,0,0,0,0,0,0,0,0,0,0,0,0,0,0,0,0,0,0,0,0,0,0,0,0,0,0,0,0,0,0,0,0,0,0,0,0
network,IL12A,,,,,,,,,,,,,,,,,,,,,,,,,,,,,,,,,,,,,,,,,,,,,,,,,,,,,,,,,,,,,,,,,,,,,,,,,,,,,,,,,,,,,,,,,,,,,,,,,,,,,,,,,0,0,0,0,0,0,0,0,0,0,0,0,0,0,0,0,0,0,0,0,0,0,0,0,0,0,0,0,0,0,0,0,0,0,0,0,0,0,0,0,0,0,0,0,0,0,0,0,0,0,0,0,0,0
network,IL15,,,,,,,,,,,,,,,,,,,,,,,,,,,,,,,,,,,,,,,,,,,,,,,,,,,,,,,,,,,,,,,,,,,,,,,,,,,,,,,,,,,,,,,,,,,,,,,,,,,,,,,,,0,0,0,0,0.37392129650254247,0,0,0.38165142724072743,0,0,0,0,0,0,0,0.28923505194893356,0,0,0,0,0,0,0,0,0,0,0.53278527159446265,0.55182910613190583,0,0.24026467640269744,0,0,0,0,0,0,0,0,0,0,0,0,0,0,0,0,0,0.58675586562404214,0,0,0,0,0,0
network,IL17C,,,,,,,,,,,,,,,,,,,,,,,,,,,,,,,,,,,,,,,,,,,,,,,,,,,,,,,,,,,,,,,,,,,,,,,,,,,,,,,,,,,,,,,,,,,,,,,,,,,,,,,,,0,0,0,0,0,0,0,0,0,0,0,0,0,0,0,0,0,0,0,0,0,0,0,0,0,0,0,0,0,0.20254396195713456,0,0,0,0,0,0,0,0,0,0,0,0,0,0,0,0,0,0,0,0,0,0,0,0
network,IL18,,,,,,,,,,,,,,,,,,,,,,,,,,,,,,,,,,,,,,,,,,,,,,,,,,,,,,,,,,,,,,,,,,,,,,,,,,,,,,,,,,,,,,,,,,,,,,,,,,,,,,,,,0,0,0,0,0,0,0.46165457236547047,0.51912050318894554,0,0,0,0,0,0,0,0.16484707388642256,0,0,0,0,0,0,0,0,0.53278527159446265,0,0,0.81781065406591091,0,0.54368276690054795,0,0,0,0,0,0,0,0,0,0,0,0,0,0,0,0,0,0.76560976754944721,0,0,0,0,0,0
network,IL1B,,,,,,,,,,,,,,,,,,,,,,,,,,,,,,,,,,,,,,,,,,,,,,,,,,,,,,,,,,,,,,,,,,,,,,,,,,,,,,,,,,,,,,,,,,,,,,,,,,,,,,,,,0,0,0,0,0.75764972137276165,0.25247476714235484,0.25663493539182697,0.78655234282874276,0,0,0,0,0,0.384241732900515,0,0.50542707060663272,0,0,0,0,0,0,0,0,0.55182910613190583,0,0.81781065406591091,0,0,0.59997968933855861,0,0,0.26295877478566704,0,0,0,0,0,0,0,0,0,0,0.17568467487227071,0,0,0,0.83051486933498109,0,0,0,0,0,0
network,IL27,,,,,,,,,,,,,,,,,,,,,,,,,,,,,,,,,,,,,,,,,,,,,,,,,,,,,,,,,,,,,,,,,,,,,,,,,,,,,,,,,,,,,,,,,,,,,,,,,,,,,,,,,0,0,0,0,0,0,0,0,0,0,0,0,0,0,0,0,0,0,0,0,0,0,0,0,0,0,0,0,0,0,0,0,0,0,0,0,0,0,0,0,0,0,0,0,0,0,0,0,0,0,0,0,0,0
network,IL33,,,,,,,,,,,,,,,,,,,,,,,,,,,,,,,,,,,,,,,,,,,,,,,,,,,,,,,,,,,,,,,,,,,,,,,,,,,,,,,,,,,,,,,,,,,,,,,,,,,,,,,,,0,0,0,0,0.47530179536009348,0,0,0,0,0,0,0,0,0,0,0,0,0,0,0,0,0,0,0,0.24026467640269744,0.20254396195713456,0.54368276690054795,0.59997968933855861,0,0,0,0,0,0,0,0,0,0,0,0,0,0,0,0,0,0,0,0.28698671361396633,0,0,0,0,0,0
network,LAT,,,,,,,,,,,,,,,,,,,,,,,,,,,,,,,,,,,,,,,,,,,,,,,,,,,,,,,,,,,,,,,,,,,,,,,,,,,,,,,,,,,,,,,,,,,,,,,,,,,,,,,,,0,0,0,0,0,0,0,0,0,0,0,0,0,0,0,0,0,0,0,0,0,0,0,0,0,0,0,0,0,0,0,0,0,0,0,0,0,0,0,0,0,0,0,0,0,0,0,0,0,0,0,0,0,0
network,LAYN,,,,,,,,,,,,,,,,,,,,,,,,,,,,,,,,,,,,,,,,,,,,,,,,,,,,,,,,,,,,,,,,,,,,,,,,,,,,,,,,,,,,,,,,,,,,,,,,,,,,,,,,,0,0,0,0,0,0,0,0,0,0,0,0,0,0,0,0,0,0,0,0,0,0,0,0,0,0,0,0,0,0,0,0,0,0,0,0,0,0,0,0,0,0,0,0,0,0,0,0,0,0,0,0,0,0
network,MMP12,,,,,,,,,,,,,,,,,,,,,,,,,,,,,,,,,,,,,,,,,,,,,,,,,,,,,,,,,,,,,,,,,,,,,,,,,,,,,,,,,,,,,,,,,,,,,,,,,,,,,,,,,0,0,0,0,0,0,0,0,0,0,0,0,0,0,0,0,0,0,0,0,0,0,0,0,0,0,0,0.26295877478566704,0,0,0,0,0,0,0,0,0,0,0,0,0,0,0,0,0,0,0,0.19728412636862036,0,0,0,0,0,0
network,MSR1,,,,,,,,,,,,,,,,,,,,,,,,,,,,,,,,,,,,,,,,,,,,,,,,,,,,,,,,,,,,,,,,,,,,,,,,,,,,,,,,,,,,,,,,,,,,,,,,,,,,,,,,,0,0,0,0,0,0,0,0,0,0,0,0,0,0,0,0,0,0,0,0,0,0,0,0,0,0,0,0,0,0,0,0,0,0,0,0,0,0,0,0,0,0,0,0.37649108122735331,0,0,0,0,0,0,0,0,0,0
network,NCAN,,,,,,,,,,,,,,,,,,,,,,,,,,,,,,,,,,,,,,,,,,,,,,,,,,,,,,,,,,,,,,,,,,,,,,,,,,,,,,,,,,,,,,,,,,,,,,,,,,,,,,,,,0,0,0,0.75360139066857501,0,0,0,0,0,0,0,0,0,0,0,0,0,0,0,0,0,0,0,0,0,0,0,0,0,0,0,0,0,0,0,0,0,0,0,0,0,0,0,0,0,0,0,0,0,0,0,0,0,0
network,NRP2,,,,,,,,,,,,,,,,,,,,,,,,,,,,,,,,,,,,,,,,,,,,,,,,,,,,,,,,,,,,,,,,,,,,,,,,,,,,,,,,,,,,,,,,,,,,,,,,,,,,,,,,,0,0,0,0,0,0,0,0,0,0,0,0,0,0,0,0,0,0,0,0,0,0,0,0,0,0,0,0,0,0,0,0,0,0,0,0,0,0,0,0,0,0,0,0,0,0,0,0,0,0,0,0,0,0
network,NTRK3,,,,,,,,,,,,,,,,,,,,,,,,,,,,,,,,,,,,,,,,,,,,,,,,,,,,,,,,,,,,,,,,,,,,,,,,,,,,,,,,,,,,,,,,,,,,,,,,,,,,,,,,,0,0,0,0,0,0,0,0,0,0,0,0,0,0,0,0,0,0,0,0,0,0,0,0,0,0,0,0,0,0,0,0,0,0,0,0,0,0,0,0,0,0,0,0,0,0,0,0,0,0,0,0,0,0
network,PLXNB3,,,,,,,,,,,,,,,,,,,,,,,,,,,,,,,,,,,,,,,,,,,,,,,,,,,,,,,,,,,,,,,,,,,,,,,,,,,,,,,,,,,,,,,,,,,,,,,,,,,,,,,,,0,0,0,0,0,0,0,0,0,0,0,0,0,0,0,0,0,0,0,0,0,0,0,0,0,0,0,0,0,0,0,0,0,0,0,0,0,0,0,0,0,0,0,0,0,0,0,0,0,0,0,0,0,0
network,PVR,,,,,,,,,,,,,,,,,,,,,,,,,,,,,,,,,,,,,,,,,,,,,,,,,,,,,,,,,,,,,,,,,,,,,,,,,,,,,,,,,,,,,,,,,,,,,,,,,,,,,,,,,0,0,0,0,0,0,0,0,0,0,0,0,0,0,0,0,0,0,0,0,0,0,0,0,0,0,0,0,0,0,0,0,0,0,0,0,0,0,0,0,0,0,0,0,0,0,0,0,0,0,0,0.19555390284807112,0,0
network,RGMB,,,,,,,,,,,,,,,,,,,,,,,,,,,,,,,,,,,,,,,,,,,,,,,,,,,,,,,,,,,,,,,,,,,,,,,,,,,,,,,,,,,,,,,,,,,,,,,,,,,,,,,,,0,0,0,0,0,0,0,0,0,0,0,0,0,0,0,0,0,0,0,0,0,0,0,0,0,0,0,0,0,0,0,0,0,0,0,0,0,0,0,0,0,0,0,0,0,0,0,0,0,0,0,0,0,0
network,ROBO2,,,,,,,,,,,,,,,,,,,,,,,,,,,,,,,,,,,,,,,,,,,,,,,,,,,,,,,,,,,,,,,,,,,,,,,,,,,,,,,,,,,,,,,,,,,,,,,,,,,,,,,,,0,0,0,0,0,0,0,0,0,0,0,0,0,0,0,0,0,0,0,0,0,0,0,0,0,0,0,0,0,0,0,0,0,0,0,0,0,0,0,0,0,0,0,0,0,0,0,0,0,0,0,0,0,0
network,RSPO1,,,,,,,,,,,,,,,,,,,,,,,,,,,,,,,,,,,,,,,,,,,,,,,,,,,,,,,,,,,,,,,,,,,,,,,,,,,,,,,,,,,,,,,,,,,,,,,,,,,,,,,,,0,0,0,0,0,0,0,0,0,0,0,0,0,0,0,0,0,0,0,0,0,0,0,0,0,0,0,0,0,0,0,0,0,0,0,0,0,0,0,0,0,0,0,0,0,0,0,0,0,0,0,0,0,0
network,SCARA5,,,,,,,,,,,,,,,,,,,,,,,,,,,,,,,,,,,,,,,,,,,,,,,,,,,,,,,,,,,,,,,,,,,,,,,,,,,,,,,,,,,,,,,,,,,,,,,,,,,,,,,,,0,0,0,0,0,0,0,0,0,0,0,0,0,0,0,0,0,0,0,0,0,0,0,0,0,0,0,0,0,0,0,0,0,0,0,0,0,0,0,0,0,0,0,0,0,0,0,0,0,0,0,0,0,0
network,SCARB2,,,,,,,,,,,,,,,,,,,,,,,,,,,,,,,,,,,,,,,,,,,,,,,,,,,,,,,,,,,,,,,,,,,,,,,,,,,,,,,,,,,,,,,,,,,,,,,,,,,,,,,,,0,0,0,0,0,0,0,0,0,0,0,0,0,0,0,0,0,0,0,0,0,0,0,0,0,0,0,0.17568467487227071,0,0,0,0,0,0.37649108122735331,0,0,0,0,0,0,0,0,0,0,0,0,0,0,0,0,0,0,0,0
network,SCARF2,,,,,,,,,,,,,,,,,,,,,,,,,,,,,,,,,,,,,,,,,,,,,,,,,,,,,,,,,,,,,,,,,,,,,,,,,,,,,,,,,,,,,,,,,,,,,,,,,,,,,,,,,0,0,0,0,0,0,0,0,0,0,0,0,0,0,0,0,0,0,0,0,0,0,0,0,0,0,0,0,0,0,0,0,0,0,0,0,0,0,0,0,0,0,0,0,0,0,0,0,0,0,0,0,0,0
network,SMOC2,,,,,,,,,,,,,,,,,,,,,,,,,,,,,,,,,,,,,,,,,,,,,,,,,,,,,,,,,,,,,,,,,,,,,,,,,,,,,,,,,,,,,,,,,,,,,,,,,,,,,,,,,0,0,0,0,0,0,0,0,0,0,0,0,0,0,0,0,0,0,0,0,0,0,0,0,0,0,0,0,0,0,0,0,0,0,0,0,0,0,0,0,0,0,0,0,0,0,0,0,0,0,0,0,0,0
network,SMPD1,,,,,,,,,,,,,,,,,,,,,,,,,,,,,,,,,,,,,,,,,,,,,,,,,,,,,,,,,,,,,,,,,,,,,,,,,,,,,,,,,,,,,,,,,,,,,,,,,,,,,,,,,0,0,0,0,0,0,0,0,0,0,0,0,0,0,0,0,0,0,0,0,0,0,0,0,0,0,0,0,0,0,0,0,0,0,0,0,0,0,0,0,0,0,0,0,0,0,0,0,0,0,0,0,0,0
network,TNF,,,,,,,,,,,,,,,,,,,,,,,,,,,,,,,,,,,,,,,,,,,,,,,,,,,,,,,,,,,,,,,,,,,,,,,,,,,,,,,,,,,,,,,,,,,,,,,,,,,,,,,,,0,0,0,0,0.52185640431133717,0,0.45349242666423817,0.81452125800621245,0,0,0,0,0,0.36118123064241109,0,0.39728934303334562,0,0,0,0,0,0,0,0,0.58675586562404214,0,0.76560976754944721,0.83051486933498109,0,0.28698671361396633,0,0,0.19728412636862036,0,0,0,0,0,0,0,0,0,0,0,0,0,0,0,0.34120313194497015,0.16942462884383228,0.6876277032352448,0,0,0
network,TNFRSF12A,,,,,,,,,,,,,,,,,,,,,,,,,,,,,,,,,,,,,,,,,,,,,,,,,,,,,,,,,,,,,,,,,,,,,,,,,,,,,,,,,,,,,,,,,,,,,,,,,,,,,,,,,0,0,0,0,0,0,0,0,0,0,0,0,0,0,0,0,0,0,0,0,0,0,0,0,0,0,0,0,0,0,0,0,0,0,0,0,0,0,0,0,0,0,0,0,0,0,0,0.34120313194497015,0,0,0.83205229932031455,0,0,0
network,TNFRSF21,,,,,,,,,,,,,,,,,,,,,,,,,,,,,,,,,,,,,,,,,,,,,,,,,,,,,,,,,,,,,,,,,,,,,,,,,,,,,,,,,,,,,,,,,,,,,,,,,,,,,,,,,0,0,0,0,0,0,0,0,0,0,0,0,0,0,0,0,0,0,0,0,0,0,0,0,0,0,0,0,0,0,0,0,0,0,0,0,0,0,0,0,0,0,0,0,0,0,0,0.16942462884383228,0,0,0,0,0,0
network,TNFSF12,,,,,,,,,,,,,,,,,,,,,,,,,,,,,,,,,,,,,,,,,,,,,,,,,,,,,,,,,,,,,,,,,,,,,,,,,,,,,,,,,,,,,,,,,,,,,,,,,,,,,,,,,0,0,0,0,0,0,0,0,0,0,0,0,0,0,0,0,0,0,0,0,0,0,0,0,0,0,0,0,0,0,0,0,0,0,0,0,0,0,0,0,0,0,0,0,0,0,0,0.6876277032352448,0.83205229932031455,0,0,0,0,0
network,ULBP2,,,,,,,,,,,,,,,,,,,,,,,,,,,,,,,,,,,,,,,,,,,,,,,,,,,,,,,,,,,,,,,,,,,,,,,,,,,,,,,,,,,,,,,,,,,,,,,,,,,,,,,,,0,0,0,0,0,0,0,0,0,0,0,0,0,0,0,0,0,0,0,0,0,0,0,0,0,0,0,0,0,0,0,0,0,0,0,0,0,0,0.19555390284807112,0,0,0,0,0,0,0,0,0,0,0,0,0,0,0
network,UNC5C,,,,,,,,,,,,,,,,,,,,,,,,,,,,,,,,,,,,,,,,,,,,,,,,,,,,,,,,,,,,,,,,,,,,,,,,,,,,,,,,,,,,,,,,,,,,,,,,,,,,,,,,,0,0,0,0,0,0,0,0,0,0,0,0,0,0,0,0,0,0,0,0,0,0.48077218389229381,0,0,0,0,0,0,0,0,0,0,0,0,0,0,0,0,0,0,0,0,0,0,0,0,0,0,0,0,0,0,0,0
network,VWC2,,,,,,,,,,,,,,,,,,,,,,,,,,,,,,,,,,,,,,,,,,,,,,,,,,,,,,,,,,,,,,,,,,,,,,,,,,,,,,,,,,,,,,,,,,,,,,,,,,,,,,,,,0,0,0,0,0,0,0,0,0,0,0,0,0,0,0,0,0,0,0,0,0,0,0,0,0,0,0,0,0,0,0,0,0,0,0,0,0,0,0,0,0,0,0,0,0,0,0,0,0,0,0,0,0,0
sample,D001,train,1,0,0,4,1,4,5,4,4,3,1,1,1,1,5,5,2,2,1,1,5,5,2,3,3,3,2,1,2,5,5,2,1,2,2,5,2,1,5,1,3,1,3,4,3,2,1,1,4,2,4,3,2,1,5,3,3,1,3,2,3,3,4,5,2,4,5,1,1,5,2,2,1,2,2,1,4,5,1,1,5,4,5,4,4,1,1,5,4,4,5,3,4,1,4,5,4,3,5,1,5,5,3,0.58791406798882007,0.061344711263017992,0.62595068366562456,0.68178919984759667,0.98977179065934895,0.94492731298069121,0.4730476003551678,0.039928913384728482,0.62924464269853808,0.97561339964923999,0.39631169267191269,0.70012641592993341,0.44566353406506365,0.91835157509145993,0.50437463199700139,0.70466020962867593,0.34792702697987699,0.59446016411328206,0.95528629305326185,0.54885729288568008,0.14428111039429481,0.80760032686540772,0.43122091562739928,0.28017639551404405,0.98055958707259649,0.71128511106263848,0.90904269595542087,0.7903455590819255,0.15292260080720388,0.6029958432773046,0.52198727150899293,0.74134850680924635,0.2570871602241771,0.70667271923830077,0.6035908856627924,0.81592072434841612,0.59838304300773115,0.26561702255824227,0.0011253524965388895,0.82140334628053058,0.37149809609148687,0.19833166148739823,0.5754000767878501,0.72975668244070502,0.27497787841401655,0.37618025972061686,0.21957926368370095,0.29682588658434295,0.43296868707266378,0.81486360195337104,0.1992412588793423,0.14806439216553691,0.35580893342144637,0.83392202274459493
sample,D002,train,0,1,1,3,1,3,2,5,4,5,3,5,1,1,1,1,4,1,5,5,3,5,4,3,2,1,3,4,3,2,5,4,2,1,3,1,5,4,3,1,1,2,3,4,5,1,3,4,2,2,5,2,2,3,5,3,3,3,3,4,1,4,4,2,3,1,3,2,5,5,1,1,4,2,1,4,2,5,3,5,5,4,4,1,3,2,5,4,4,3,3,3,5,3,5,2,3,2,2,2,3,1,3,0.63590937756987576,0.35612788976798049,0.29794119951659592,0.38126707948280192,0.9014633001732052,0.52097874395641375,0.20299874810150209,0.11224443841287479,0.93538109981071804,0.32398317767601315,0.84046067849993444,0.73316753078589791,0.94502916758704758,0.43119678419305318,0.047670307513756116,0.39590912323735461,0.32004780164799462,0.91384006529797879,0.033589420063956932,0.55308271261847652,0.55972321151696525,0.43021449711593174,0.3127845682681677,0.33054369264995598,0.23010293257244374,0.37044098329945407,0.41498967886519988,0.15768134921082988,0.69946638275031248,0.76836676670660653,0.45811771302765414,0.78643984691562518,0.96331103768270776,0.17672216773787786,0.3857865783327028,0.42480606175760105,0.53068517272095439,0.84653996159408285,0.4998302492875264,0.4460445642990627,0.80221643653367147,0.99116344038471837,0.22630849178761925,0.83832462368145266,0.43869835647102118,0.11031127309920519,0.35974293340946961,0.20658679462087948,0.37667788236155308,0.16916731620664438,0.40738223462330181,0.96700547426797279,0.91147780718968296,0.33699140300723407
sample,D003,train,1,0,1,1,3,5,3,5,1,4,2,2,2,4,4,3,2,1,2,3,1,3,3,2,2,2,5,2,4,2,2,1,4,5,4,2,4,3,2,2,1,1,2,1,2,2,2,4,5,1,5,2,3,2,5,2,4,3,1,4,1,2,2,3,4,5,5,5,5,4,1,2,3,1,2,5,1,5,3,4,4,3,1,2,1,1,2,3,5,2,4,1,5,2,4,4,2,4,5,3,4,4,3,0.67560555036398628,0.5524229379706298,0.93172439914221494,0.57343922345405718,0.3392312943051351,0.75428311976291351,0.73780629668599462,0.84549821761151966,0.26494694870404623,0.76976621127985367,0.5611045767651911,0.78087315217438724,0.40291886919803366,0.78177584917276688,0.78947365501639066,0.69632554181834649,0.72374593923808583,0.94837447022130528,0.48059786355278145,0.55497829849457014,0.10929594493499539,0.76506725452483337,0.73391037637140533,0.2495155565723397,0.5899217899864978,0.017172953656607093,0.71088207827955341,0.25883620383858541,0.88672607930698355,0.83256539837684429,0.32563461014194606,0.0058695318595012314,0.90576244736139599,0.48819347767276089,0.70615032962363966,0.27452802298561274,0.40855890703364373,0.76661527317992562,0.0084222515382454954,0.71514674105884479,0.50710800696573877,0.1322115392404094,0.70207792101585986,0.5657331139998516,0.45901435126681223,0.7850717292552708,0.71120385031613775,0.60765744091140994,0.79190472386604627,0.96085914893774504,0.62227523342996727,0.60473869489158572,0.49876871467771067,0.50459205340956126
sample,D004,train,1,0,0,3,1,5,4,4,4,1,1,1,3,5,1,4,3,3,1,1,1,3,2,2,2,3,1,3,4,1,4,5,5,1,5,2,1,2,2,2,4,3,5,3,4,3,1,4,4,4,2,3,4,2,4,5,1,3,5,3,1,2,4,4,1,3,2,2,2,4,1,4,3,3,4,2,2,1,1,3,2,4,5,3,4,5,2,1,5,2,3,5,5,2,5,4,4,5,5,5,5,3,3,0.98433995946149833,0.44489029099509136,0.94062510984068171,0.23691521032804697,0.90251225153802084,0.55522723142474129,0.32075775423996422,0.95253750556228045,0.6145326151324525,0.12888160634673806,0.54601807103649402,0.47711344114473364,0.30598992108476575,0.59950639211791767,0.44414066570808974,0.71302826929759067,0.05463625999634536,0.82477406179986568,0.554042472079182,0.62228792106041164,0.50252740499712267,0.50934482793840441,0.34900249071885336,0.2962242243921227,0.55150036742158848,0.82420055583312335,0.25116134679053082,0.61193889599391071,0.32076984219199933,0.87707924727463804,0.73625912079126155,0.95506251464285019,0.24157819131677638,0.052703558082941027,0.46468107175596041,0.46597840127195744,0.85755662574278946,0.16011562973945026,0.2093320667564833,0.78589664817324367,0.29520463992072909,0.6107085970194811,0.41949019508905872,0.052301174221547231,0.83767413040242122,0.97762050224150043,0.090806415548579156,0.90374784492966131,0.43632517319048902,0.75830809025170975,0.66143053310236433,0.33756833017629606,0.78295420038244912,0.62550394946452648
sample,D005,train,1,0,0,4,2,5,1,1,1,1,2,4,5,1,5,2,5,1,3,3,3,2,3,4,1,3,4,5,3,3,5,1,2,2,3,4,3,2,4,5,4,3,2,4,1,2,4,3,5,3,4,4,2,1,5,4,4,1,4,4,2,5,1,3,5,5,4,2,3,4,3,2,3,5,1,2,5,3,3,1,5,1,4,2,4,3,2,5,3,3,2,4,2,3,1,2,5,5,5,5,2,3,3,0.28746586744167324,0.63802448894759567,0.63243046595944696,0.91907379428522418,0.60413856676749111,0.66861616165562376,0.63322187846784195,0.16489834729386099,0.2857894858112533,0.87965369861624942,0.72889257859471823,0.50131571992585244,0.5931843828421276,0.033422250899231898,0.17543073150154787,0.47318993340188087,0.61092218839741141,0.72992139435023895,0.81501252286191095,0.44805865617190088,0.025685579589712737,0.88943870979578477,0.71265256561871704,0.40135620265070671,0.54665319604139306,0.7247045914760194,0.10145743872606183,0.25203736413636657,0.45064528927011704,0.64749948396904777,0.39577441482453501,0.89073277469430778,0.25577613102957242,0.68990481027572126,0.26414170548970517,0.036672768106239984,0.70900402706947396,0.62162418107286033,0.49029338463424266,0.12173132086121319,0.80390123615094444,0.30149522096663683,0.98079882895307258,0.47600446994473877,0.064672496997120188,0.54082333280856809,0.11109195206493605,0.53733845652001877,0.6737450768804859,0.82315402260136428,0.65583321105984571,0.028268156811529277,0.53836694428826048,0.15151409763436319
sample,D006,train,0,0,1,5,1,4,1,5,4,4,3,3,4,4,4,1,2,2,5,5,5,3,2,2,1,2,4,4,5,3,1,3,4,5,2,4,1,4,3,1,5,4,1,1,4,5,3,3,4,1,2,3,5,1,3,1,2,3,2,3,3,3,2,3,5,1,1,1,3,4,3,5,2,5,2,1,5,4,5,1,3,1,2,4,2,3,5,5,2,1,4,3,4,1,5,5,1,1,1,4,5,3,5,0.28806529643319356,0.85816684832968482,0.7318929213398685,0.35327564305914561,0.51299119994780773,0.46792801291132236,0.56874968438422835,0.28397687246118486,0.21785502674313895,0.38532632733536387,0.76684384935402117,0.63432859194444824,0.59760413704115822,0.033854759994777051,0.87325091913700381,0.14426080681426989,0.75755897185772358,0.67227661367161839,0.70624876272603609,0.62223995676998045,0.77223218390660364,0.19220247181561767,0.84821751112679389,0.3942802147399691,0.53799478453167549,0.4577474048109208,0.019888404512443114,0.075653152138878688,0.21184213998026302,0.95592317691049411,0.29313481664443741,0.82559158978846559,0.84545613060109337,0.35991278274435057,0.070874426318951578,0.090075593306463753,0.46439531532915468,0.94557543493041929,0.47548736698363514,0.80218429197732333,0.18436940276139424,0.70617750822803349,0.10451431995938232,0.66655503596036059,0.83812987261942984,0.047862441522559251,0.78815228725437625,0.03260533195029669,0.11921355545086654,0.37391219385514307,0.62009613826803422,0.17705916771488217,0.059449786660752513,0.76809736458425659
sample,D007,train,0,0,1,1,2,2,3,3,5,3,1,1,1,3,4,3,1,5,2,3,1,5,3,2,5,1,4,5,5,2,5,1,3,5,4,5,5,5,4,5,1,3,5,4,2,2,2,3,3,5,1,1,2,5,2,3,4,1,1,5,3,5,4,2,5,2,5,4,2,1,3,2,3,3,4,1,3,4,2,1,1,5,3,4,3,5,3,1,5,5,5,4,4,4,5,1,3,2,2,3,3,5,5,0.46243897610052076,0.10093205537088334,0.60044168791509578,0.14639418395286508,0.73983164176475691,0.43230210878104525,0.1772840097327556,0.084346775574315469,0.44045044260711841,0.60259627464170851,0.12346340363225505,0.85926894590310743,0.18790431021810994,0.26330952518883621,0.74021689254401057,0.52842656875729987,0.52628706464023434,0.64803611531473249,0.80924687991219535,0.24416265317008778,0.63224190480353959,0.78621395484593037,0.64751302831179547,0.49221154015661617,0.64334074400421271,0.52675345580331911,0.37416800325950306,0.86860015970087057,0.59031109282875893,0.62264852630089484,0.9227728259891157,0.034354235418307622,0.87015083153898765,0.50970361692342814,0.59245731198902807,0.16026665386746097,0.59596972210764299,0.18570807821840973,0.43908323593848675,0.33241242771915036,0.73970294345151888,0.24188460105799447,0.96320947409497326,0.17171566538273286,0.77218984685967962,0.51343335533305745,0.92485089748878446,0.0055709286412789494,0.90493642125139662,0.91302649623644228,0.45304527401972983,0.17925837400390243,0.37388189192407195,0.028569672737379981
sample,D008,train,1,0,0,1,5,3,2,2,1,4,3,2,4,4,4,5,5,5,4,2,1,2,4,2,4,2,5,5,3,2,5,1,2,1,3,3,5,1,3,1,4,2,5,1,4,1,1,2,3,4,2,1,2,2,1,3,2,4,1,1,4,1,4,2,4,2,4,5,2,5,5,1,3,1,3,2,4,4,5,2,3,5,1,3,1,4,2,1,1,4,4,1,1,4,5,2,5,1,3,5,2,3,4,0.6349413220722776,0.32526456824078753,0.67799932329772894,0.87241077471314954,0.78160742554439555,0.75280178699277711,0.23630956429417949,0.86443384548482294,0.13379773555970143,0.077607254067619369,0.78111261218280448,0.17760951144552184,0.22843577730127396,0.14911527606768515,0.37543451071332734,0.74806452100894461,0.98388806719030297,0.93869776899963397,0.54050937395379672,0.81565756009541435,0.67351346597486272,0.90283273865977276,0.75194879095083533,0.74863530917537813,0.86275589976228373,0.48983865766374324,0.092252909910383263,0.27869687244772845,0.3390430583555144,0.47135843032555858,0.73541199277201186,0.81727512214414111,0.9032144036621913,0.58142926284927909,0.17137620873528669,0.55041679599671611,0.37220908796874486,0.26133005496038431,0.57348010821465212,0.64889104690351596,0.70456174271242478,0.48292938444057842,0.5218636030607835,0.39577016623820926,0.65798241738263197,0.95793346411340341,0.66928922372684163,0.89352653663069936,0.72719281270632974,0.23589815398663028,0.94105792538792199,0.43231235760064468,0.13401790021299742,0.66950453463191073
sample,D009,train,1,1,1,5,2,5,2,5,1,2,3,4,4,4,2,4,3,2,2,1,4,4,5,3,4,1,3,1,4,3,5,1,3,4,3,5,2,2,5,5,5,5,5,2,1,4,1,3,1,2,3,5,1,3,2,3,4,5,1,2,4,3,1,5,4,2,5,4,5,2,4,5,4,2,4,1,2,1,2,1,4,5,1,3,4,2,1,3,3,1,5,4,3,2,5,4,2,2,4,5,5,4,1,0.81253101957526608,0.86911356264785111,0.79504626528893529,0.92465587426556473,0.80166919583541607,0.22596959176775722,0.42281842598507791,0.78752225466819947,0.00096794373774655718,0.61169827908876062,0.40123445705510863,0.87084183668230697,0.087595420254264589,0.041936399144782865,0.59141057614600578,0.46723585403488388,0.89562143269159245,0.20597689792863094,0.89205849211045174,0.69125649100018205,0.36522555214971952,0.82875965271327967,0.76869447889486908,0.66932586916366932,0.75388917901178587,0.59937413646459192,0.96099313791157193,0.51760512931419078,0.11473955200784258,0.23331577097809442,0.90797564869699654,0.20775432472931665,0.84278951946932001,0.19172370795608007,0.52104408401152358,0.19472216132952214,0.6589006017191027,0.81726005361464937,0.82441338883047188,0.79089703069719675,0.028532187980085943,0.58884594841713189,0.33870615597123777,0.97473628883080043,0.4910485165156806,0.73548426373941567,0.68892134201682464,0.75605507581818765,0.26202763517307059,0.51709948820262353,0.22542608188045676,0.73534840053316819,0.20319136790391945,0.40940376490074559
sample,D010,train,0,1,0,4,4,3,5,5,3,4,2,5,1,5,3,4,4,5,1,3,1,3,4,2,5,4,3,5,3,1,1,4,1,1,2,4,1,5,1,3,4,2,2,2,3,5,4,1,3,2,3,2,4,3,4,4,1,1,5,1,5,2,4,1,4,3,5,3,1,4,5,3,3,3,1,3,3,1,2,3,4,2,1,2,2,5,4,1,3,4,3,4,5,2,4,1,3,4,4,5,2,5,3,0.34687094647987382,0.019488751476737898,0.64258336193932974,0.69488740246736902,0.84492169110561455,0.25141775684576118,0.39422272673072012,0.9463283584858162,0.19920690573273647,0.77414770568991143,0.034336689853907143,0.52972674510999496,0.52333600040616179,0.744075518753186,0.11707879178776281,0.79434119149871574,0.89451123031487922,0.98251328570823548,0.50405201684628709,0.47638718644755962,0.18835805341671963,0.88346351033496495,0.17389820140739398,0.7317441772520008,0.70296280404051836,0.74020873860276459,0.018966914880383268,0.54033548584710278,0.10059177925148566,0.73021044690595527,0.18938376751456798,0.70632452897164644,0.80593942595489942,0.59374882277386121,0.76543966267657648,0.42862165159199483,0.92544039419274182,0.25357804833961695,0.24198152399250183,0.11832784434623655,0.12618451221484606,0.13172094360598785,0.30499062886193296,0.71175805190192731,0.91382502572251789,0.10886987349149757,0.41579157206083872,0.10865030328188852,0.0028372977411630362,0.18524729183426769,0.52967995519765876,0.31795057014241623,0.76435101545510253,0.9453329135206372
sample,D011,train,1,0,0,1,4,3,2,3,3,3,5,4,5,2,4,2,2,1,3,4,2,1,1,4,5,4,4,5,3,5,3,2,3,3,2,1,3,5,1,1,5,4,5,4,2,5,2,5,5,1,5,5,1,4,3,5,1,1,3,3,5,1,5,1,5,2,3,2,4,5,4,3,1,5,2,5,3,2,4,1,1,4,5,5,3,3,1,4,5,5,1,4,1,4,4,3,4,3,1,3,5,2,1,0.20232882827075283,0.077767284713606832,0.13503211895672795,0.91707989397715461,0.65454208535974145,0.26559911561016036,0.25693892643526517,0.97730935183997392,0.097677681981567122,0.15725089132166736,0.059257687092593159,0.2001692233033846,0.94305600441596082,0.36424180844239451,0.1601584361183197,0.042710128398608882,0.63384220252369927,0.15895068183983796,0.20702376651405863,0.50801208636284467,0.80723638572705481,0.81814594007368957,0.98291986855902413,0.15218872205545453,0.78544744114169762,0.31955706236613501,0.56002379137851421,0.57881800912814685,0.81708849952484364,0.50405590871540473,0.33254316540085194,0.99075760269916391,0.27031198840143533,0.46300010636922784,0.18407069456573699,0.84999931852792421,0.73969508825162711,0.71149798840323097,0.52957533612563812,0.44983350754730178,0.36677462316083143,0.38001372863635141,0.6877220006893715,0.78950916550639316,0.57833066727501736,0.5945403529494302,0.094090032565612547,0.4605416798329397,0.24305257565589422,0.97012031463539583,0.33966774095047203,0.6754414836305499,0.93022395080244391,0.31345316125158684
sample,D012,train,0,0,1,1,1,3,2,4,1,3,2,2,2,3,3,1,3,3,4,5,4,4,2,4,3,2,5,2,5,3,3,5,2,3,5,5,1,2,5,3,5,1,1,4,5,3,4,5,4,2,4,1,3,1,3,5,4,3,4,1,5,4,4,2,4,1,2,5,3,2,2,5,5,2,5,4,1,1,4,3,4,4,1,2,2,4,2,4,5,4,3,5,2,1,5,4,4,4,5,5,4,1,3,0.26720544587327544,0.6729888587830386,0.53263656866914999,0.5997797395281228,0.013313658619866997,0.56446433214565661,0.32724423470698027,0.53474721979916406,0.99343084457338604,0.96493819678206794,0.89310302246558804,0.54537815381126575,0.17054718265374413,0.0070390330210945429,0.8402786174043404,0.032333093620641518,0.30939410085266228,0.8534966439370919,0.26240670310669056,0.51257611071670806,0.85617600736722532,0.9529544476996058,0.17375077087665558,0.39870517303000141,0.99267072435335046,0.67057853347103602,0.64139785460821364,0.20862142017269347,0.017349498637809324,0.90197714378785887,0.40847453030351655,0.10481387484957772,0.76344928784700361,0.13493208694705683,0.048600476817416638,0.67547948168964211,0.23209610652404211,0.44692120035198502,0.51190878674414786,0.30196317111233184,0.89418492811613215,0.26669466139813314,0.15750927861598896,0.31914943500302628,0.26515589594337108,0.86564001887080833,0.94864178416833755,0.46538866333599493,0.5211871004878198,0.16373159243423407,0.379199124387953,0.3975758567572012,0.67650757451817201,0.62988975557945193
sample,D013,train,0,1,1,5,3,3,5,3,5,2,5,2,1,2,2,2,5,5,1,4,2,5,1,2,3,2,1,3,5,5,4,3,2,2,4,2,5,5,3,2,5,5,1,1,3,1,2,2,1,5,2,4,4,4,1,1,5,1,2,1,4,3,1,5,1,5,5,2,5,4,1,2,2,3,3,4,2,2,4,4,2,3,4,1,4,1,4,1,5,5,4,3,5,1,4,3,5,2,4,5,4,4,2,0.50738129624647033,0.48697538534645091,0.75677709102876045,0.072057670368730231,0.82059990172191899,0.9972445182703199,0.99390338986076787,0.072377037482565632,0.052705955485353506,0.72889177793895576,0.76106225250040305,0.64503832950197093,0.1098181712403592,0.41266883108970942,0.28540609106770276,0.97497544316892781,0.47970286663359651,0.84900952958860765,0.62328393676053151,0.89242445165561413,0.097254426608478828,0.48622580227656576,0.18980251598207387,0.39478610107014322,0.069376483755370866,0.29314592305672871,0.39994626244349241,0.92571861564960034,0.40841392823639788,0.0049423313852674511,0.11444254530379261,0.52206994612768787,0.83094329039560522,0.43626513737556682,0.96831604883805877,0.071828938656978591,0.17326323058200066,0.16380842167113197,0.80887909021957549,0.68949451960690911,0.99532480668703438,0.79951543343872633,0.45299602811937012,0.039057904789872144,0.0015909304394072787,0.65806201825129429,0.69347348651811935,0.83041238713479171,0.61931746275018018,0.43683157344704449,0.22673680202621527,0.99691377279644977,0.34491104204550693,0.51759754862257412
sample,D014,train,0,0,0,4,3,3,4,3,1,2,5,2,4,3,1,3,5,2,1,2,2,4,3,3,1,5,3,4,3,5,2,2,5,4,5,1,4,2,2,2,5,1,5,1,4,5,3,4,3,4,4,1,5,1,5,3,4,4,4,5,5,4,1,2,2,3,3,3,2,5,1,4,2,5,5,3,4,3,5,1,2,4,3,5,2,4,5,3,5,3,5,3,4,5,1,1,1,2,2,1,1,2,5,0.67630468030198387,0.92843733563622977,0.92622833743511157,0.49990532194672488,0.16209032159894665,0.63105795490026717,0.82197490798332118,0.79208457540743782,0.30389207887026692,0.38261330975840202,0.93897039094082058,0.28517482980012254,0.82549988166243504,0.09362079736242368,0.29153715456782492,0.067240997980180461,0.39862603828528509,0.53880310003651133,0.11011474314451442,0.40248932530517567,0.78601516739738586,0.7684627736691001,0.34714334679312264,0.10931066389867272,0.071777196571408908,0.45204402260992382,0.6622940786898982,0.0070378190691269271,0.72271940659412315,0.86915748207612287,0.27157874686626071,0.67376866417079395,0.98422796127215884,0.15424198593689709,0.81131596508371207,0.65295656694311899,0.31369545193199555,0.44997227811464158,0.46551939191781611,0.69472055015840695,0.91018033241876661,0.17657616417189614,0.86532510260684559,0.84459226281734723,0.74686360704281429,0.86597520096935821,0.73196995550169686,0.24949820642803699,0.33560863630706039,0.26957620894819112,0.80623745412597037,0.48637837175074716,0.41742607505977047,0.13782978211477537
sample,D015,train,1,0,0,4,2,1,3,5,4,3,2,5,2,3,2,1,2,4,4,2,4,4,4,2,2,3,3,5,3,3,3,4,5,4,2,5,3,4,5,4,4,2,1,3,3,4,5,4,4,4,3,5,5,4,4,1,2,3,3,4,3,2,1,5,5,2,4,3,3,2,2,4,4,5,4,1,2,3,5,4,5,1,5,2,4,1,3,2,1,2,4,5,5,5,3,1,1,5,2,5,2,3,1,0.062843109047405754,0.9161592842214088,0.90333188572281431,0.54885420985701072,0.97399870778741826,0.76157712432838742,0.93173241691102093,0.10870662118276686,0.82019088879693669,0.68410876267383924,0.68099224844215334,0.78921724724938846,0.046823897494901345,0.11138251746590533,0.84850776839262942,0.49718569008875158,0.14865107107279474,0.76988754236116552,0.614532570302327,0.51283195263204484,0.48789621717690468,0.045654418765768479,0.53328960720288254,0.43958864548106868,0.43784453431943771,0.73304424333749407,0.7213166139315792,0.8082029004896617,0.99990009614621667,0.66048981324004863,0.33444964742533168,0.57442307113301461,0.72153140765286039,0.94940899959130087,0.575964498325652,0.5390491268625256,0.45934919966395837,0.54768597517562723,0.54108374696469874,0.50882890853238916,0.8997695748894684,0.012239223016933698,0.83584595804522166,0.42319854431667658,0.49038227988690086,0.21552598349016339,0.19835613013750819,0.73037497424499276,0.033585530985695722,0.3097064773218744,0.073799163830530978,0.87179660083331179,0.61358460462810027,0.57004217537675961
sample,D016,train,0,0,0,5,4,2,3,1,5,5,5,2,3,5,2,5,5,2,1,3,2,3,4,5,2,2,5,2,5,3,5,1,1,2,5,3,1,2,2,2,5,5,4,1,5,2,1,5,5,5,5,1,2,3,1,3,1,5,3,1,2,2,3,2,2,4,2,5,1,4,5,5,3,2,4,4,2,1,4,5,5,5,1,1,2,2,2,1,5,2,3,2,3,5,1,1,2,5,3,2,1,1,1,0.31033786271644215,0.94749006379762846,0.16494302117539561,0.1257005156545743,0.48361014375950706,0.4357590872740611,0.3171502288187793,0.8853038750715968,0.96509358925432598,0.26173048893275064,0.22195811568768065,0.55410479386267131,0.29673952383130198,0.88947606851307226,0.48400373523098428,0.87183852875793111,0.70220475713286623,0.25567159767384129,0.98649244653442481,0.43490490865270892,0.29932060207182043,0.71248174650960805,0.28474197089762365,0.86648651063879467,0.43146572262095151,0.20815854236271247,0.207813763262095,0.53078386532256039,0.61729592865603755,0.94250340839786939,0.56261976859339502,0.79918652529492473,0.43295233839013836,0.07296924309094921,0.64037300212885817,0.088351868996641936,0.058514122045032035,0.057160771095711271,0.85368958274496221,0.89574203809480923,0.80456489605517134,0.44749821068269635,0.46438300152456435,0.083103466335205156,0.70987265306433789,0.91692587011782245,0.14025640397646078,0.87355767511135018,0.94912153389730958,0.86761443565861418,0.50560502239082827,0.1462804386531581,0.8063539294809241,0.69013487966179998
sample,D017,train,0,0,0,3,3,1,3,1,1,1,1,1,2,3,5,5,5,5,3,1,2,5,1,4,2,1,1,1,5,2,5,1,1,1,1,5,2,4,1,4,4,5,5,5,2,1,1,1,4,4,2,5,3,4,1,2,1,4,5,3,5,4,4,2,4,2,4,4,2,1,4,3,5,3,3,4,2,3,4,4,4,5,2,1,2,2,3,1,3,4,5,4,5,2,2,2,4,5,4,1,2,3,3,0.021707252036711644,0.41530693098597304,0.77353624895734741,0.36255663557659024,0.4170495462604823,0.16425603095570418,0.60834317724313958,0.36974881123391234,0.16721655665990909,0.3240630141952201,0.3606889599573998,0.42107496129133504,0.88524910577866234,0.79178714209709766,0.44223720929219512,0.87310130670552721,0.15693909672734718,0.02434415474145657,0.6823424611506903,0.25899885012255763,0.4905558649481333,0.57355591185507604,0.90596743253770484,0.80519870154363227,0.69431040830007007,0.7305343206082674,0.37988957368981435,0.45891619767915615,0.46658556659627104,0.53682218636422663,0.18658354638979957,0.65903624094961788,0.5583752758814039,0.79794730823989568,0.45172019342121494,0.550608429925316,0.80474227191808623,0.63403747646604525,0.96170985962626798,0.60129173352636522,0.20450902966516105,0.28821394370911901,0.7082417414626142,0.60307267983375246,0.094585956797227477,0.28268017555719638,0.78426784605364497,0.23636012730918154,0.63161673068877711,0.88437467103008682,0.99514660159161006,0.63702612197447761,0.033632128817489226,0.32843182046732178
sample,D018,train,1,1,1,5,3,5,1,2,4,1,2,2,5,3,4,2,2,1,4,4,3,2,1,5,2,4,4,3,4,2,1,3,3,5,4,3,5,5,2,4,4,2,4,3,4,1,4,2,5,2,4,2,4,5,2,1,4,3,1,4,1,2,3,4,5,2,2,1,5,3,3,3,3,5,4,4,5,1,3,3,2,4,5,4,4,5,4,1,1,3,5,1,4,1,3,3,1,3,5,4,1,2,4,0.8571117867818655,0.78802097705710794,0.37891226986427773,0.94612857824152741,0.090402185391524115,0.16514704785841983,0.82288710710413981,0.68660724741973522,0.23771857748733927,0.011560449372851167,0.519062744690308,0.66251320587445506,0.056906849108921853,0.32906510832807068,0.4260888285963651,0.49041325045252915,0.093218815510784259,0.43911550574586811,0.37438923452697326,0.09779632488876,0.3856853460167301,0.039434463979150625,0.11587991925891872,0.31882469146121051,0.65083012521484052,0.64494262866564966,0.28460019351127797,0.34605434082110165,0.66281709963586277,0.63861127725115818,0.26034797283287536,0.16491793449842174,0.22990057815866038,0.058719810826901253,0.80961815839767903,0.99949023725390751,0.60911064681436189,0.96393271585497697,0.79034696058059317,0.30487061951699557,0.53626775573185992,0.85908246714102432,0.91679070840860588,0.57608988996040178,0.95492808431330944,0.20136504303931879,0.54174072573108401,0.28444621325673425,0.9682661797526958,0.26833560599529671,0.47909958850630374,0.56445856697143548,0.062906343160891165,0.45519072764452917
sample,D019,train,0,1,1,1,5,4,2,2,1,3,2,5,5,5,2,2,3,2,5,2,5,1,2,2,1,5,5,1,1,1,2,4,5,5,3,5,3,5,4,5,5,1,1,5,4,2,4,5,3,4,1,5,1,5,4,4,5,1,4,4,4,1,1,2,5,2,5,5,1,1,4,5,3,4,4,3,5,3,1,5,5,5,3,4,1,4,3,2,2,4,2,1,1,1,2,4,2,1,5,4,4,2,3,0.66290279055472101,0.63530711685735852,0.78704040896079375,0.40427367795701574,0.19146991489096354,0.88474947303967599,0.23227171227070187,0.59384324221760298,0.70143175193333962,0.22598530408320505,0.076073037092579399,0.17247373387928666,0.4450561297838892,0.48657022811747308,0.93164185146291612,0.59323064744556764,0.12857479971470887,0.74116754136634089,0.10612551867062847,0.27907456353001059,0.69707202833894366,0.051395185106575481,0.93036908726995715,0.57693432072973161,0.64868132059082173,0.23449460052705173,0.84104257810123684,0.0039759771779634967,0.58104454642730707,0.74612708764671409,0.35816795051963302,0.25402152944219436,0.66773101140563573,0.56912190276179064,0.90040108997949775,0.52444217933763138,0.91847209588212275,0.13332711780868733,0.12682893134414674,0.048643429394616966,0.22629629860650191,0.82630513119961668,0.96806146928366898,0.62622472031220833,0.70984874242272655,0.081108163230368513,0.96178234802201623,0.55143663016086553,0.76579814749536967,0.5565249691831049,0.37538526957601293,0.84824713975733945,0.069769652041468677,0.72227739421200499
sample,D020,train,0,0,1,3,5,2,3,2,1,2,4,5,2,4,2,4,2,5,1,5,3,1,3,4,2,1,5,2,2,3,3,5,5,3,3,2,3,1,3,5,4,5,4,5,5,3,3,4,3,4,3,1,3,5,1,2,2,1,2,4,4,1,1,2,4,2,1,2,4,1,3,2,2,5,5,3,3,3,2,4,1,1,2,2,1,2,1,3,3,1,1,3,5,3,1,5,1,2,2,2,1,3,3,0.22613135701477671,0.33131494950810736,0.36309051866684727,0.12556467556432571,0.27289750334422247,0.42539158119666476,0.84382076159748998,0.14155360732767674,0.7495447888558936,0.012078943375109508,0.68093930807096459,0.70032113942400298,0.18917394445325675,0.7139320072438089,0.44918845625574866,0.35250112672247025,0.10243115086033527,0.27711081040710805,0.26441058547392471,0.42325257603937005,0.27144776834924,0.84828458540097551,0.54563974624377254,0.25529895158693161,0.1250445425671094,0.0050428650222984484,0.18973845526034816,0.00034990591285510853,0.39370467972230161,0.53331893284875032,0.28447268836811401,0.80812425740930449,0.49237854733915842,0.15079194927679107,0.60212103638861902,0.82504779398614259,0.27749867389637772,0.26117829462887332,0.23966663412501021,0.98577628808010676,0.8582327771115158,0.60625073515752836,0.7081861460171669,0.73921517243183521,0.49044285641299057,0.26113220542683924,0.75064754098062259,0.51063248611303091,0.84252873002497386,0.93033931784028312,0.91248946116265706,0.23170484459853469,0.26555050373912359,0.17129715253830013
sample,D021,train,0,0,1,1,3,3,5,1,3,2,2,3,5,4,5,4,4,5,2,3,3,1,4,3,4,1,4,4,5,2,4,4,5,2,4,2,2,1,5,2,1,4,2,5,1,5,5,1,3,4,1,2,1,2,2,4,5,3,2,3,2,2,4,4,5,4,2,1,5,2,2,3,5,2,5,1,5,1,1,3,4,3,5,3,4,3,3,4,3,5,4,2,3,5,3,3,3,3,1,3,4,5,3,0.75849603097561302,0.58109818040517336,0.91734729124738268,0.45483315891927623,0.4429417146787783,0.36892328304887023,0.94969486481714871,0.072337377190313301,0.37351348441070564,0.97026760451453731,0.99426928678326387,0.58814643090608354,0.42670809330329829,0.35642443039806992,0.71102417255819039,0.65168825586645662,0.19818599264884751,0.60389209596351434,0.60335374824549248,0.25804117227537271,0.19307973126213307,0.10744602853124829,0.8304148194403993,0.097175748953118646,0.51585691904679432,0.26193750216546907,0.24406485872661221,0.25009905328015358,0.74802006806782351,0.36384578978864957,0.12156537435983439,0.32128242879678992,0.72654067841848702,0.56136054287419968,0.13023937373738159,0.53740608553344105,0.74150347448431353,0.93412199829456133,0.26555617935072262,0.90882551282088397,0.86544347291851842,0.80922084008157147,0.4880230233530477,0.78755636501911108,0.29454194890375673,0.57024333542133454,0.47236524666650137,0.63552084190665459,0.35774255486832662,0.51918552541422458,0.86321208551804074,0.050126296164222373,0.046696206040900856,0.2217176683135923
sample,D022,train,0,0,0,5,3,5,5,4,3,2,2,2,4,3,2,1,3,2,3,5,1,1,2,2,2,2,5,2,4,4,4,1,5,5,2,4,1,1,5,1,4,4,5,1,5,5,1,3,2,5,3,4,1,4,3,4,5,4,5,5,1,1,3,1,3,3,1,3,3,3,1,3,2,1,5,1,1,1,4,2,1,5,3,1,1,3,5,2,1,3,4,2,2,5,5,5,2,2,3,5,1,5,1,0.17722364218785847,0.71652951100094087,0.36022116606782195,0.33928492584816683,0.15449632149241899,0.72149977355403927,0.75676784950608167,0.88404311776607747,0.95797348279221151,0.037451797492207395,0.78503662806921892,0.07446221453574986,0.73958400614363484,0.29368604210128457,0.46811630983338259,0.45783090415128747,0.51537234573554014,0.82494453871321405,0.72697960032089026,0.50144795988711832,0.052346079551351732,0.17494462924170029,0.45335219792536663,0.045188963153398598,0.69652811025400185,0.29964274185872997,0.80580203630020864,0.54158740747460177,0.87888675640568725,0.94753496408102889,0.83279029274865568,0.99879362508964542,0.49284038844264977,0.39997908168973906,0.170043378641484,0.36098220823012617,0.89666502840615769,0.92722944043826627,0.19529991361646581,0.57547456679874054,0.25461097291276846,0.79702840730779068,0.55704910657010109,0.90609650939908137,0.57791437778133559,0.13244249829039234,0.4447954654771582,0.034125460981998867,0.70127188995751644,0.10877631476275917,0.36887916997343506,0.20238159181166626,0.18291201110552435,0.4203220540403404
sample,D023,train,0,0,0,5,2,1,2,1,3,4,2,1,1,3,1,1,5,1,2,1,1,2,3,4,5,2,1,4,5,4,4,5,1,2,5,1,2,2,1,1,2,3,4,3,2,5,4,1,5,3,3,5,5,3,4,5,1,2,1,5,5,3,1,5,2,3,2,2,4,3,3,2,4,2,4,1,3,2,1,4,1,5,5,5,1,5,5,4,2,3,4,3,2,4,2,1,1,3,1,4,2,3,5,0.76113059980007192,0.83038899565275071,0.58075138363610768,0.3156794720905578,0.31759360510241874,0.68199748676935068,0.13052684587463914,0.43981283385572556,0.033789754918881254,0.85004188432343053,0.51956084056353458,0.41380247248532809,0.58685434269758674,0.10883402080492011,0.29372002368972394,0.33173522730042404,0.52736762879943788,0.16557734846881356,0.47481131243096164,0.69127384952562099,0.20335145580605063,0.73054729307456989,0.053008129977485496,0.94673061646118084,0.76292041498456042,0.17354956426251211,0.4910767002070261,0.22240940518756369,0.0068667180145026707,0.41377593321747808,0.45420920883045501,0.98450368464582327,0.27289781673057012,0.13069427715455806,0.44628448240920571,0.46200342617510071,0.13280882624071011,0.34723224752342929,0.42437802523366686,0.82424732255570887,0.24136276320977545,0.66768525673405488,0.71836025283168115,0.27505616459761539,0.52187097522036752,0.71387675820545415,0.018589462555376302,0.33101679515761817,0.71746152536359276,0.61487807411227668,0.64090547440247214,0.90500715436572476,0.70097022354391902,0.41152080714246375
sample,D024,train,0,0,1,4,5,2,4,4,5,1,1,3,4,4,3,3,2,1,1,3,1,1,4,3,1,1,3,3,1,2,1,1,4,5,5,1,5,5,1,4,1,5,4,5,3,1,1,3,4,3,1,5,5,2,5,3,5,2,5,4,5,1,3,1,1,2,2,3,3,1,5,2,2,1,3,5,3,4,2,3,4,3,2,2,3,5,1,5,4,5,4,5,4,2,3,5,1,2,2,3,1,1,5,0.60677755814695877,0.85242875850950528,0.65727961205139152,0.90968107503889961,0.56760206860690821,0.6793626167907022,0.16792485139638158,0.55825876897877602,0.68308704131159359,0.60520590752509806,0.54684796427512095,0.94297712714772786,0.45818092906395258,0.068992928612016446,0.751021760126384,0.42225706916466865,0.15330814130308446,0.84598687860719324,0.27872785329956185,0.90185045977109657,0.37733315679146151,0.77290415126814771,0.52734001155885168,0.54475391388565331,0.13259590666247845,0.31084498279993311,0.14645705726871849,0.32745780005326919,0.6334317198670959,0.09303830946469327,0.59532079926259729,0.66816182935150481,0.081943963872828096,0.75914713825171276,0.36211932704732475,0.055274806721066772,0.087520470997276889,0.0957214372852222,0.9493178176018684,0.5800904857222785,0.98078549292893635,0.30400324074154805,0.042330887703050712,0.049386957805110265,0.24068382899484708,0.53847418258830826,0.74425822713761103,0.20040171204881918,0.42618481494437122,0.89272312926475395,0.16026568714368383,0.28180653749147488,0.52482413559936636,0.77645245216561343
sample,D025,train,0,0,1,3,3,5,2,4,2,1,2,1,1,3,3,2,3,2,5,4,4,3,2,1,2,1,1,4,2,1,1,3,5,3,1,3,3,5,3,3,5,3,2,2,4,5,5,3,2,1,3,3,5,5,2,1,3,2,2,5,5,3,4,3,4,3,4,3,2,1,2,1,1,4,1,4,1,2,2,3,5,5,4,1,2,1,2,1,3,2,2,4,3,2,4,3,4,3,4,5,1,4,2,0.80355874139944627,0.94747118111134132,0.95264514591017646,0.30046720542985506,0.19557732441109499,0.38433893388992912,0.044645231395256113,0.13141519332041995,0.09128224070015134,0.78564260668232,0.66008892201274605,0.3347949218465005,0.55281093743894949,0.88286051803078081,0.11675383022027697,0.29650528955771549,0.88820580869728205,0.17217844986407738,0.71450705107866974,0.15191798398624767,0.12602427154650109,0.2397287322941325,0.42846013325155374,0.72692330879892564,0.482978396009484,0.45689429287042427,0.6664650403061041,0.77908531981620399,0.97497902480019694,0.38572054010694035,0.12835244379189004,0.061148250284684069,0.043291463311332934,0.10683863854886866,0.27508278542624842,0.070982591821328045,0.6248203776029202,0.14326849044225454,0.032437850309616656,0.7476577689064301,0.9657953215004268,0.87563312046746455,0.87474233247486199,0.58320765051422152,0.041870598213769483,0.68388714139451734,0.49931688400966268,0.1059162394679658,0.37427983588742719,0.40773766727204364,0.086861098493063227,0.97371630536481613,0.77580183652410284,0.20288450502091193
sample,D026,train,1,0,0,2,3,4,4,5,5,4,5,1,2,3,5,2,2,4,1,5,4,3,5,1,1,3,5,3,2,1,4,3,3,2,5,3,3,3,3,4,5,4,1,4,4,2,3,3,1,1,2,2,5,4,3,2,4,3,1,1,3,4,3,2,3,4,1,1,4,3,1,4,2,1,1,2,4,1,3,2,2,2,2,5,4,4,2,3,4,3,3,4,2,4,2,1,1,5,5,4,1,5,1,0.56288183078690213,0.34519691313869405,0.23501640315544881,0.69015986679015584,0.94321776279739555,0.35445857013933435,0.45697379272119043,0.98200135090796969,0.1556169966359251,0.23571806967098685,0.24000392085684341,0.18006532423202415,0.87927921363992301,0.91322841051967807,0.91103096894262314,0.96230336533707639,0.75292900479404179,0.90571518997117573,0.64292874603982419,0.11891750874399232,0.74308010926779389,0.98455778595527432,0.58527039800455805,0.53886309856868531,0.47910584930034794,0.27633722272719718,0.26860345079830927,0.020824455864550728,0.94126081515387727,0.34908969337345741,0.74070224672894802,0.31793966190093181,0.24178359026611873,0.4738088860134323,0.12499860047356737,0.37110205798404028,0.27897472955827884,0.63754004147393961,0.6569905721215803,0.4084688682898171,0.32118266477197643,0.47381196206182308,0.64470672761589309,0.11719033370870235,0.48258879404042221,0.14281109950033055,0.1342098573454642,0.62386408318751807,0.88836018628414248,0.42615149647000883,0.18653845725764995,0.41695049801867023,0.21780559123614951,0.2576913238600862
sample,D027,train,0,0,0,2,3,3,5,2,5,4,5,5,2,5,3,2,5,1,5,4,2,4,2,2,4,3,4,3,5,1,2,4,5,4,1,2,2,5,2,1,4,4,1,5,4,5,5,2,2,2,4,2,2,2,3,4,1,3,2,2,2,5,2,5,5,4,3,1,5,2,1,4,2,1,5,4,2,1,2,4,4,5,5,5,1,3,1,1,2,4,1,2,4,2,5,4,1,3,3,5,3,4,2,0.22492827522277026,0.60448033936808887,0.23436841633127747,0.95950635139566476,0.79023232010091482,0.22642465548841928,0.18592634294419863,0.88938055213358191,0.89435146765527918,0.25168628934524562,0.83558353546781416,0.99363759742991487,0.095721647458314352,0.014662548608560089,0.58638121402233534,0.42680488401502958,0.90060371269070949,0.62961662584471245,0.29424482363390991,0.28807625978748475,0.36767733252856327,0.37268909456270471,0.2158214117637427,0.37594446028328121,0.42720713253416165,0.9745100438100146,0.40441153628821302,0.42553798550247568,0.51950805228596009,0.94863676832735877,0.56707732093309526,0.45106497216701735,0.81460248653126854,0.066304244426414471,0.68750802066891825,0.13923792414346892,0.19846218956627637,0.3496425651188152,0.97625857331248544,0.27095557629671363,0.94864132909544407,0.39278129749394364,0.16742143820595878,0.81083623815503436,0.073009998491831207,0.82626578683417118,0.0016092915264821483,0.01481151177431872,0.27555626945496503,0.39679833327735536,0.94478654222349756,0.98216107812657971,0.26115214058898795,0.59120574240830248
sample,D028,train,1,1,1,3,4,4,3,2,5,3,3,3,2,4,3,1,3,4,2,4,3,3,2,4,4,2,3,5,5,2,3,1,2,1,4,2,2,1,1,4,4,3,1,4,3,2,4,4,4,4,2,2,3,1,5,3,3,1,5,5,2,1,2,3,1,3,1,3,4,4,4,5,2,3,1,2,3,2,3,4,3,3,4,1,3,4,1,4,2,3,2,5,2,4,2,2,4,3,3,2,2,1,4,0.83427092941078429,0.37244337743926603,0.79131556345104392,0.43858116849209483,0.50015827534740809,0.58613414668342789,0.87671966260625678,0.74588073549902933,0.17808803806748041,0.18294342053408863,0.2754159857965045,0.31180976353427869,0.24067497819155381,0.53968801202364858,0.69405438481143678,0.53787536924421853,0.28452481973886956,0.87357472658471369,0.0208804722589917,0.34018177372686775,0.76711245835852282,0.38225379111668623,0.19581321538500673,0.77437647633981432,0.37504503190114968,0.10397823224765423,0.010126212731130568,0.254382246272016,0.82809385699625326,0.64978327001140213,0.83551152487763913,0.64094349512025239,0.63180042936788527,0.11327843449951114,0.55633551422488381,0.70995917696555966,0.1485817715051474,0.29584647847901646,0.67159430091039629,0.50936924061307909,0.040834913184637611,0.35381154893985189,0.70795078396234234,0.10541580158287489,0.61005135127234678,0.86059178685810989,0.35312631223868773,0.69764661226453362,0.12366627146876652,0.16320206500702383,0.6014085081996482,0.53380607191295126,0.14571813843797865,0.44710536173315385
sample,D029,train,1,1,0,2,3,3,2,4,3,3,2,1,3,3,2,2,3,3,1,1,4,1,2,2,4,5,3,1,2,3,1,4,4,4,3,3,2,1,3,1,5,2,3,2,4,2,4,4,3,5,3,3,2,2,3,5,4,5,5,4,4,2,4,1,4,3,3,4,3,1,2,4,3,1,4,3,4,2,1,2,2,5,3,3,5,1,2,2,3,4,3,5,2,1,3,5,3,2,5,3,2,4,1,0.41792105083954567,0.1384542075871561,0.64696559885591454,0.71908770368130082,0.75687364784565747,0.089615976466688396,0.51358005123467054,0.80541443068284369,0.72274472012155633,0.61169672271623821,0.21358219218515473,0.50168090341635518,0.74962088353751921,0.23047648732226289,0.40309877546795969,0.6867884827618036,0.43252201658407297,0.69604388941493212,0.85231628338767651,0.03878240997203497,0.87651812894585113,0.63679760234758909,0.69639172205719102,0.35151092598498623,0.58621880811810312,0.22063432117613302,0.76722953354126744,0.6554638562106615,0.45030924197797206,0.33843068730054926,0.78408552206596871,0.67100590228320134,0.80034629253962264,0.21272541429328606,0.53516655258564561,0.66457300521466744,0.22741861129143426,0.9456540884252731,0.62543925809651035,0.8385260935863198,0.54382674604200398,0.91309370894752584,0.39042701138691205,0.13912928344680908,0.8803608382050272,0.27219814192485658,0.082509337846407127,0.040450888125048379,0.48912314596609874,0.68008793803744261,0.49533538710787994,0.43561401611638906,0.43192326413370763,0.93863200655131196
sample,D030,train,0,0,1,3,4,5,3,2,5,3,2,4,5,4,2,3,1,3,3,3,1,5,5,4,2,1,4,4,5,4,2,3,3,5,1,2,5,3,2,5,3,5,5,5,2,2,2,4,1,5,4,4,4,1,3,5,3,3,3,2,3,3,4,4,3,2,5,2,2,3,3,4,2,2,5,5,2,4,4,3,4,3,5,4,2,1,4,4,2,4,1,3,3,5,1,1,5,2,3,1,1,2,4,0.65520059725271551,0.12706995111728736,0.3114794617047425,0.34673893529127842,0.25779812498567434,0.84233284176792866,0.92125755884757354,0.88591485362356204,0.56824337412553227,0.84352864634983704,0.59618619970379649,0.49271953466589569,0.043073107958555901,0.94367207751226712,0.37993179549364631,0.031741412928540602,0.66092041117050504,0.77737636662370901,0.39743366034062622,0.82032727948461659,0.70552575798794248,0.88300279018961925,0.73090965786382933,0.9198246402960748,0.29316004704286958,0.0022878828562397091,0.96677440798372749,0.72370272657045742,0.33154756064577795,0.34945603188963503,0.024813379695595827,0.31543752568422501,0.39258646573897527,0.84421345695998851,0.53622869532737638,0.26974342013370844,0.89107462850479846,0.78282294830533239,0.43821475476383176,0.25138054833806522,0.44817300838363905,0.79396312896197563,0.38320326547989436,0.98805484158955337,0.8492966717691065,0.37630332412718404,0.085190571890057742,0.72843275757494419,0.61869950393097006,0.85707184805602965,0.62855159378548187,0.4420039160603757,0.42979183157071377,0.28321550731998202
sample,D031,train,1,1,1,1,1,4,2,4,2,1,4,4,2,4,4,5,4,2,4,4,5,2,1,2,2,2,2,4,1,3,4,2,2,2,2,4,4,4,4,2,1,3,3,2,2,5,4,3,2,4,3,5,4,4,2,1,1,5,4,3,2,2,3,4,3,4,2,3,2,5,1,5,2,2,1,3,5,3,1,2,1,4,2,3,5,5,3,5,3,4,4,3,2,1,1,1,3,5,4,3,1,2,1,0.90235828613680868,0.98700985818020004,0.40942633996324584,0.88718675355351118,0.86292837187143911,0.68252557604272923,0.44934738015810782,0.47403207138904457,0.38873528991097728,0.1826649001486873,0.11596295013914193,0.053433793522347561,0.92889441340429635,0.84308314187365396,0.035078672859219173,0.7046363889826377,0.23667616769678879,0.89193128686043388,0.95795381281595493,0.97488063546448001,0.69650370173913267,0.40676394793306136,0.037479428515458713,0.18383718120274406,0.18855512313739187,0.68298381192501356,0.25033108131745152,0.17134582050651126,0.78930041763900083,0.60840878658202679,0.30347954533484545,0.40872173333739636,0.66738371165211596,0.98812264600188893,0.28692056161488966,0.25295751779430009,0.88991293640234237,0.23104252778283874,0.48923840835772381,0.85386916499427012,0.68816160734148191,0.019442265750247323,0.43162377357889115,0.030582001654868907,0.38273875189007445,0.19399821812710083,0.63836846296772265,0.13058342130848155,0.24444140776122636,0.60696343059931057,0.29497316142616981,0.9150758785823585,0.23468439023290111,0.2797027753899245
sample,D032,train,0,1,1,2,5,4,4,5,3,3,5,3,4,5,5,4,3,3,3,1,5,3,5,1,4,2,2,1,5,4,2,2,3,1,3,4,5,3,4,4,1,2,4,5,2,2,4,3,5,5,5,5,5,1,5,3,2,1,2,2,1,5,3,3,4,1,1,3,4,5,2,3,5,5,3,2,4,4,5,3,5,5,1,5,3,5,2,2,1,1,1,3,1,3,5,3,3,5,3,4,5,3,2,0.41355979319287217,0.072439847792710066,0.75315636270346897,0.63231166111976789,0.67762669976064716,0.82442741424242239,0.5944731066761787,0.28612523996979178,0.66054427816815231,0.42156160936336784,0.84834341549917147,0.83670851219458653,0.60737178197820207,0.34963512764253657,0.73992271010327926,0.1455451091870511,0.40203098919669744,0.61702466789001142,0.29067915356249319,0.99230891998000148,0.90956400945174631,0.54572390032212503,0.024589302027786974,0.6890213310778488,0.64224755108262666,0.742415215857814,0.75775495750995836,0.70723276861875606,0.82137713237306043,0.58300732087000218,0.67502084165711485,0.95604999540081192,0.18343400626114958,0.99953936973692459,0.44183757022887937,0.07851744529069471,0.081732964744933079,0.79020221886614972,0.86417828149572506,0.32639403768845898,0.87114102284835904,0.95881223587470921,0.19165499096639171,0.64518068222859049,0.14545606264739974,0.55169425448148868,0.89000702079058036,0.11304463204742765,0.76318367039171398,0.52295998030464197,0.72460490488693285,0.33167205903072106,0.77987223304985964,0.92884129286616224
sample,D033,train,0,0,1,3,4,1,3,3,3,4,1,2,4,5,5,4,4,5,4,5,4,3,2,2,2,3,2,4,1,4,5,1,2,2,2,5,4,5,4,4,1,1,2,4,4,2,1,4,5,3,2,1,4,5,5,2,3,2,1,3,3,3,3,1,5,2,2,4,4,5,3,5,1,3,4,5,5,5,5,2,2,2,2,1,3,1,2,4,2,2,5,3,3,1,2,5,1,2,4,5,4,3,3,0.4852502241764669,0.71438684046847711,0.79254471173562024,0.38577200026394776,0.33537221061003875,0.22911440110512749,0.41702218583880635,0.8564851019971581,0.33440305433466411,0.13797029015206319,0.12835944201702565,0.1995477775765726,0.7803646352376884,0.91283539016032689,0.50576953586317952,0.34503475490497992,0.93231112828376861,0.5540257138588035,0.36778643010425394,0.086248777616065309,0.10919756493937871,0.36234552767617401,0.21326500353497913,0.46572982090424175,0.56443758151499357,0.9041066782763012,0.39325557936050637,0.12999465321792458,0.79252583892629758,0.70682964373251,0.080195869890875127,0.50406865659566302,0.061848829160330521,0.90934595718835343,0.38314200866473413,0.15469569020132012,0.32519172983523337,0.0066335686633248736,0.85930974177336028,0.057970870095162663,0.27490265822428495,0.56578887412058043,0.19374756163666706,0.95041953188498485,0.23241266958909224,0.28780034912494945,0.1671827960140333,0.27620476174788045,0.22823216046148465,0.99920636233575699,0.32646570213543336,0.95596025934206053,0.9496221560882947,0.075868728823975884
sample,D034,train,1,1,0,1,1,5,5,5,2,4,3,5,4,5,2,4,4,4,2,1,5,4,2,4,1,5,1,3,4,1,3,1,4,3,2,1,3,2,2,4,4,5,4,2,2,4,1,5,1,3,2,2,4,3,2,1,4,2,4,4,2,3,4,3,2,3,5,3,5,5,1,3,3,2,5,5,2,2,5,1,5,3,5,2,1,2,4,4,5,2,2,4,5,3,3,3,5,4,1,2,4,1,5,0.15458137482952161,0.45685895247842034,0.5378909069574983,0.91697741656025444,0.42106758356928475,0.71900097058592627,0.66952636037300983,0.55788529351122074,0.048682055425790849,0.9279685664604046,0.89767355549833383,0.77882391035761855,0.98998514494506629,0.92002025989451375,0.580892447819497,0.99486741144761459,0.05119727872726576,0.49213041793205903,0.52240338080309201,0.013639224186629995,0.037536042333840558,0.40128031993338165,0.3319780904643066,0.41102471963788789,0.71772874174435275,0.55752023937659956,0.20175404290252674,0.87632474267930516,0.99630575968169788,0.72336602350588575,0.61614606923260229,0.23202789130218515,0.9929805557126774,0.39262279250508836,0.26603447227828669,0.26674332779592336,0.7168538648520113,0.75766840475212793,0.90113925900933567,0.93201591169011355,0.23058377256693285,0.40517303356164736,0.5934428878503466,0.11455952489630017,0.30351787608365755,0.086362267934420034,0.8615473151030052,0.66160023410247493,0.20182369863600935,0.91362037035338728,0.49451378276506885,0.082826547602788847,0.85768184127441394,0.082365826848479262
sample,D035,train,0,0,0,2,4,2,2,4,1,3,2,1,2,2,5,2,1,4,4,3,5,1,5,2,4,4,3,4,1,4,1,2,5,1,4,4,2,2,3,5,1,1,3,2,5,4,3,1,1,5,3,4,2,2,3,3,2,4,4,3,5,4,3,3,3,4,4,3,4,3,1,2,1,3,3,1,1,2,5,4,1,3,1,2,5,1,3,5,3,5,5,3,4,4,4,5,4,1,2,4,1,5,5,0.34060192103408293,0.97096026732051655,0.042301566456516948,0.038933428076426746,0.7198639092576663,0.49743952134541591,0.1359396520211732,0.67602895927746853,0.16372252783222441,0.11076927729064523,0.10576482941808041,0.48063195645396239,0.44911384578452673,0.70454163080648291,0.11823543801260694,0.89462484685000432,0.80382470495848268,0.69517320010040007,0.54538107766996713,0.37449232912990293,0.64308829551270064,0.26700554615654404,0.45387464748055517,0.93870450767576197,0.38356898021794739,0.91615456816808416,0.099732581055771985,0.066874219391187317,0.77307251393253162,0.020487482787445499,0.13005195891688415,0.55681267502865706,0.89017433007895497,0.21114005788910073,0.90963332000057262,0.066321094308514073,0.82973196266254912,0.064618871654713028,0.70278708040672577,0.48391723337850301,0.19637246953873966,0.19622506002423468,0.73450330729569935,0.22436830049529666,0.6655291119418616,0.52868831250764026,0.4886692130425383,0.757247396771485,0.28891184738267761,0.0056428220307340737,0.46961352282718438,0.55311400655266962,0.80785191349361041,0.8032531154193534
sample,D036,train,1,0,0,4,4,5,3,5,1,2,4,3,3,3,5,2,4,2,2,5,4,3,4,1,3,1,4,3,3,5,1,3,5,3,2,2,2,3,4,5,2,2,4,3,4,4,1,4,1,5,1,3,4,2,3,2,2,2,5,2,5,4,1,5,3,4,4,5,5,3,1,5,3,4,5,4,4,4,5,3,5,2,3,4,2,5,4,4,1,2,5,1,5,1,5,1,1,2,3,3,4,2,3,0.0056619861460538434,0.18146844250628658,0.83857975213403468,0.5233754676333382,0.50315238403106421,0.223111659320823,0.72103673882573505,0.13367485932394396,0.62534974673143529,0.9706959005568504,0.5867042341790919,0.43198291575322612,0.79283177588940223,0.062805077338099702,0.25236453875331566,0.036247220265503866,0.91682705077215232,0.78320668085910639,0.98614162319317811,0.96818410040443414,0.060600031394314802,0.26954314567482296,0.38381254015663302,0.016407467667071685,0.26081211461732778,0.17768402164212671,0.97538811927902491,0.40305585198171912,0.33313452557485446,0.7881443412368756,0.96793200888575737,0.13021778121795358,0.35835954821793803,0.54210845670728591,0.23439537252780485,0.019742843613817729,0.96600183582231169,0.42991784306160796,0.67805151268352959,0.32701588700351569,0.056855367483043318,0.096219592980461899,0.40240653479511679,0.80896080703827955,0.61296415686214345,0.75743457088936506,0.92264926761635413,0.52955886285414933,0.45365644449794718,0.028312248437591614,0.35556240642096715,0.67133952971624733,0.2105849485588166,0.85587638475501515
sample,D037,train,1,0,1,4,3,1,4,3,2,2,4,1,2,1,3,1,5,2,4,1,3,2,5,1,2,2,2,1,2,2,3,4,2,3,3,4,2,5,3,2,2,4,4,4,2,2,4,2,1,1,1,3,2,1,4,3,2,2,5,1,3,1,5,4,3,4,2,2,2,1,2,1,5,3,2,4,2,5,1,5,5,4,4,5,5,5,2,1,2,4,1,3,2,5,5,1,1,2,5,2,5,2,4,0.16077267414516494,0.84281762149759265,0.72294300845419746,0.54829105315419491,0.34740451443722931,0.17774278731416537,0.35493858010409673,0.66743366033461171,0.17605743295047183,0.49106432925598908,0.31025769522550661,0.97200241403058163,0.74816524080806346,0.13904090733339458,0.97963817482155502,0.14623488351807967,0.49886320559082198,0.32106378163649196,0.66706906073081207,0.92390862006328522,0.79772509654877588,0.45225731284203197,0.51219418060121091,0.74259633681221793,0.42870147209820186,0.11819476775728321,0.594356981380461,0.96568416643571175,0.34439227605503975,0.15182898171294323,0.54350581697994382,0.031335533248953107,0.93948515189407322,0.56788033527292736,0.32451526165465239,0.097082134594259073,0.93763002904111836,0.38697091503920555,0.63706169375291488,0.91089427775274923,0.76274409100053742,0.74519099468960326,0.48643252959477379,0.85114200434606868,0.13541004358795405,0.025808649237419878,0.24217725252845312,0.038505277957187944,0.88604459007681158,0.87212704237669325,0.84966905901395728,0.19209444131254783,0.085725454831990344,0.5250694358601482
sample,D038,train,0,0,0,3,3,5,3,4,3,5,5,5,5,2,5,4,5,5,4,5,1,5,1,2,1,4,3,2,2,5,3,2,5,1,5,2,3,3,3,1,2,2,2,2,1,5,1,2,5,5,1,2,4,4,4,5,3,2,1,2,4,2,3,1,1,4,1,5,5,5,4,3,4,4,5,2,4,3,2,5,2,1,4,5,4,5,2,5,5,4,2,3,5,1,4,1,5,4,2,5,2,5,1,0.63686641920000453,0.13726333749692265,0.77616518704646542,0.5360226124925167,0.23210903529444382,0.87060117612794585,0.63524932655689215,0.11369247133405591,0.71438048358264883,0.54542302518135577,0.98769611128617874,0.2805406283040377,0.41640552815448373,0.52369416459351592,0.1002463507180319,0.22232094540077862,0.72425208697896937,0.88301788002779857,0.78515359291360343,0.87063571968710718,0.32784197650683844,0.26442293810985518,0.89318752226921594,0.1344562333595013,0.60433776665466354,0.78172894099757784,0.79729032062085803,0.44384399706155142,0.48914819396384279,0.2119748450820732,0.83047058863782586,0.3453907947520426,0.94303356753204948,0.21333518522196204,0.36198966074600392,0.094165863266674199,0.21802541769218275,0.35945882441374366,0.15570514862615048,0.60115171214316498,0.235693956648374,0.90205666257479089,0.67210242209767213,0.016617849854064004,0.89645932794539074,0.80547013706418036,0.40214776147989251,0.27295263373483725,0.61573143433153821,0.17190910735267118,0.67373213944378552,0.53077525933640901,0.36712422398864242,0.16212689083821441
sample,D039,train,0,0,1,5,1,3,5,3,3,2,5,5,3,2,1,3,4,5,5,5,4,5,3,4,2,1,2,3,1,4,4,2,1,1,2,2,4,5,5,4,2,1,5,2,4,4,2,4,5,4,4,3,1,2,1,2,2,1,5,2,3,3,3,1,3,4,2,1,1,4,1,1,3,1,2,2,5,3,4,2,2,5,2,4,1,2,2,1,4,2,3,4,3,4,1,2,4,4,2,2,5,4,3,0.7762821548076746,0.57888461166625449,0.1838663373431435,0.61827993557992889,0.56379861764444839,0.32880539136537024,0.34605194068589384,0.3399712625569532,0.99047836112292087,0.20739065718031813,0.40949560091398407,0.98376494233848555,0.55064570084504083,0.24924175887806521,0.27605885577983846,0.40769946299427662,0.54062446410348863,0.85075877280632539,0.30308059615567018,0.18975222576569917,0.55445644154943829,0.61013536820216596,0.51104197030519805,0.82904502410171299,0.6859728995484573,0.70313935761852042,0.90311525672979687,0.59913058833954391,0.13746462449010832,0.91826546796337427,0.95019645663150532,0.27454356774276689,0.55005616986549344,0.62674831544489251,0.53838537239238382,0.066092791224209413,0.47357148049955911,0.98237494463877795,0.21541158735392651,0.84957119927882907,0.5962887102745873,0.38453980572571067,0.55537390870565373,0.56817763919203568,0.53790875532410742,0.93203101514300923,0.52479391830080846,0.41888791966187922,0.66552715889895342,0.66776416917153258,0.59472051912712853,0.31780338116342455,0.34834110987715305,0.69973038737891557
sample,D040,train,1,1,1,1,2,2,2,5,3,4,1,1,3,3,1,1,3,3,5,1,4,2,2,4,5,1,5,5,2,4,4,2,4,4,2,4,1,3,4,2,2,3,5,5,2,5,1,4,5,3,3,3,1,1,5,4,5,3,3,4,5,4,5,5,2,3,4,4,2,3,5,2,5,5,3,3,4,2,4,3,3,3,5,2,2,2,5,4,4,5,2,3,1,3,3,3,4,2,3,2,2,5,1,0.43260413453542879,0.86381071667230935,0.1772711904530998,0.30113769007716928,0.48238547607702154,0.47733546236951929,0.51921507695151881,0.84080691899840454,0.15188087924578286,0.40775065780012221,0.089414833603445598,0.5599652606250004,0.051102308397501628,0.19175575372409959,0.52624371202537135,0.023005079942185258,0.86402736676949887,0.66313688260814452,0.87256430190793333,0.36584885284248037,0.88535125290408467,0.12167073173511667,0.054715408680009459,0.074367747218905933,0.96256993437336102,0.96866462459628355,0.95241077978334154,0.25908171657786827,0.72392520127722726,0.0096910441194413277,0.16387095551164677,0.088380343918178839,0.70996054211873683,0.63630931443801053,0.82008711436415804,0.89165177119804417,0.81739040684247799,0.61477113365742853,0.15092429749272085,0.22316753929017852,0.67679655150931184,0.58668443625350397,0.080753985601861089,0.57749261033185906,0.58274939049057162,0.17862691498121597,0.13325751606688518,0.45371287886034628,0.45257383760825898,0.6071410709470767,0.38010456096850398,0.087488683079168683,0.45262470708184133,0.60884323823878717
sample,D041,train,0,0,0,1,4,3,1,2,2,2,5,2,1,4,4,2,2,4,5,5,3,4,5,2,3,4,5,5,5,2,2,4,4,4,4,1,2,5,1,2,3,4,1,2,3,2,1,1,2,3,2,1,1,3,4,2,4,5,5,2,5,5,5,2,5,4,1,4,1,2,2,4,5,2,3,3,5,5,3,2,5,3,1,4,3,4,2,5,5,5,3,3,4,5,3,2,5,5,4,4,5,1,1,0.57265130633739847,0.41325384086189876,0.52045420675032306,0.61936509445344878,0.7853342934814278,0.75455874076024776,0.56610628635028226,0.19713199382642632,0.95646231890195765,0.56367310396260484,0.81672639314465445,0.97549517685518583,0.28665999247213636,0.39448281857088419,0.79339110594872286,0.76408666066186803,0.22785926595984152,0.32954055264316195,0.94969285278391891,0.98926753324195582,0.051247536130406446,0.060783785035515736,0.0152273255207519,0.63102130792452082,0.79976681465154831,0.44984307018330705,0.05237794323059608,0.61244904681470147,0.7510533553858485,0.18822388468621709,0.98282992533400726,0.95814481339312318,0.53599130554870178,0.47912782640321383,0.50936522434077869,0.27178613882723157,0.74314367704622197,0.8067629150202249,0.99823125803321011,0.41519482137850572,0.20522579604839508,0.48995184272908532,0.34897329408758127,0.14886778315511706,0.8548220794327458,0.22785146534932943,0.12764070215554724,0.7079898559921195,0.57712997916972364,0.070962862763221279,0.91625603707976344,0.73993363945387236,0.020065809430517167,0.40021847378362352
sample,D042,train,1,1,1,4,4,1,5,3,4,5,5,1,1,3,5,4,1,3,3,2,3,1,2,2,1,5,5,2,4,5,2,5,2,2,3,2,4,4,3,3,3,4,2,5,5,4,2,2,2,4,4,4,2,2,3,2,2,4,4,4,5,4,5,2,1,3,5,3,4,2,2,4,4,2,2,5,2,5,4,2,4,2,1,2,3,3,1,3,5,2,4,3,2,3,3,1,4,4,2,3,2,4,5,0.39400753983030778,0.19675628231241649,0.98729971794629623,0.5694033508218791,0.41594435733317248,0.39628051678856557,0.8802648734964742,0.032966181378813686,0.51029789340122567,0.94708216609159046,0.91941962223255191,0.062985168903688882,0.87438267220314914,0.53501403500381461,0.92069799222222415,0.96633303420721317,0.24544557624056729,0.15599037346774547,0.77617341006925489,0.61792094553661758,0.86068902607602571,0.72403222171425197,0.73902175331824815,0.42569374137716576,0.55394915897098884,0.99798059904246095,0.81991118746535563,0.046337627690315353,0.6601529555950012,0.64097411623662248,0.4140459958520063,0.46228730333347412,0.61462663365590797,0.80350221626284024,0.13659372490091493,0.8063607525043005,0.01247138787530655,0.19236550180668999,0.24946600468111413,0.48093250991852843,0.75446625768801856,0.61323801478884854,0.03617628755491864,0.63629565734495908,0.7938583901401427,0.33155366038866596,0.075545474627608855,0.48910145672955319,0.20220642519758869,0.023068933727144914,0.87620068838839871,0.54712421523608112,0.0034019803367769663,0.42325239584057539
sample,D043,train,1,1,0,2,4,1,3,2,3,1,3,2,4,1,2,3,4,1,2,5,4,3,4,3,3,4,3,1,3,5,4,2,2,5,3,2,5,5,4,1,5,3,5,2,4,4,4,4,5,2,4,1,5,3,3,5,2,4,2,1,3,3,1,3,4,2,3,2,3,4,2,2,4,4,4,1,2,2,4,1,3,1,5,5,3,2,2,5,5,3,3,2,2,1,2,4,3,4,3,4,5,3,1,0.37022179024770774,0.32902625405802099,0.20401279401960948,0.063245010965522597,0.76904944224138905,0.0021975954925265162,0.85691800287199893,0.17547161840195846,0.054252555263496371,0.93531554830338226,0.73600261414598411,0.69007417349266953,0.025395013243513564,0.59368283824585344,0.84975821265883866,0.0050869400416396759,0.70363104654984687,0.79653238789182534,0.50834922857149578,0.95275757226364044,0.97310318630557413,0.34723594039277517,0.45789782590252515,0.02488370754931879,0.99226031066666598,0.55361040759579039,0.69219637169729398,0.0044880092314407705,0.44024363868008598,0.45441639007787016,0.85325184650261199,0.97095100056311368,0.86971078914825772,0.86800568955085333,0.68084565062208713,0.085606427947229058,0.225348711459463,0.063479732157129987,0.54770411681479625,0.7368366198676729,0.0036009375159368195,0.62962285342482194,0.66493056244994031,0.36836208643750279,0.17214519065258949,0.79992583159397146,0.38841590632233514,0.15898280214695892,0.4727705437445977,0.44410603748229949,0.71846550725516445,0.19707130425787311,0.29374104598963569,0.027042516448030463
sample,D044,train,0,1,1,2,1,1,1,4,5,5,2,5,3,1,2,2,3,4,2,3,1,5,2,2,4,5,4,2,5,2,3,4,4,5,1,3,2,3,5,1,2,4,2,3,2,4,1,5,1,2,5,2,4,1,2,2,5,4,3,3,3,1,2,3,2,2,3,1,3,2,5,2,1,4,2,1,3,4,1,1,2,2,2,3,4,2,5,5,4,4,4,3,1,4,1,1,1,2,2,3,4,2,3,0.21640523707033865,0.19486251260982834,0.89158057507138666,0.37689480908923279,0.94013927398856667,0.65941996421397064,0.56869718527224222,0.99047429340302107,0.86457488355531953,0.22600368104594615,0.68540918760446057,0.50589890177985086,0.1865910725218457,0.12625123351784395,0.871857814562086,0.99946412468259749,0.066281500857020115,0.22914323121026148,0.76077911216600103,0.44410485564148727,0.54171106149073422,0.57069976786195342,0.76331643124853321,0.84341269184963197,0.022298166381805928,0.24114550333612539,0.50248775182191507,0.38691307611688985,0.1174936102031594,0.33027991163679982,0.6835539517488527,0.7784637326682583,0.59462533562716047,0.37327083344400946,0.7246244241151657,0.97035001148499467,0.78280024745832844,0.49571413021236188,0.72002845683290206,0.83098494693600633,0.45863321871919605,0.80120059978154123,0.1174200215028145,0.21384171072102209,0.96654067110570829,0.89854217537534797,0.84252854280356804,0.75649077229669515,0.76505908156840607,0.22000729583777623,0.89039617329041854,0.79378428854744931,0.92507873568305865,0.52061938526056695
sample,D045,train,0,0,0,4,1,1,2,4,4,4,2,4,1,1,1,1,4,4,5,5,1,5,5,5,2,2,2,3,3,4,3,2,4,4,2,5,4,2,2,2,2,5,4,2,5,3,3,4,2,4,2,3,1,3,5,2,2,4,2,4,4,3,2,4,3,1,4,2,4,1,1,1,3,4,4,1,1,1,4,5,1,2,3,5,4,1,4,5,5,1,5,3,5,3,4,3,5,3,4,3,1,5,5,0.72003467735482252,0.66618096100413626,0.57266716819782681,0.50469081885471512,0.10602938346239943,0.048570567364800699,0.23743620916001162,0.69456734343834869,0.52872017768700819,0.79620295602833158,0.20062694149281746,0.75574471290407574,0.59768482581128768,0.74221843304542212,0.11054662537665327,0.59718534609016904,0.93294097526155051,0.51408906938033916,0.89942415158409961,0.37806750759012708,0.61911664123162136,0.41344622268801934,0.30804368799241777,0.47194374325140453,0.013399343812969033,0.23874079791397629,0.41889517038732504,0.17197678534875993,0.29650526188927029,0.6819174187724204,0.80804235710666183,0.62952236088136948,0.43203458184392807,0.56157718301834847,0.98062563170607431,0.40466661004468274,0.51377439752139298,0.99565638444990445,0.90991973571624918,0.31480567477857413,0.99108599201315883,0.35600269712747334,0.26597657840798505,0.3347033686922527,0.79918002435961721,0.79029860631302351,0.95509706644083925,0.59660563933815991,0.38551777363050488,0.87628131284098676,0.94245953188102949,0.74751913615740151,0.73672755382271971,0.60714222034055065
sample,D046,train,0,0,0,4,3,2,3,2,4,2,2,5,4,4,1,1,5,3,2,3,4,2,3,4,1,2,1,4,3,1,4,4,3,4,3,4,1,1,2,4,5,2,3,3,4,5,1,5,3,4,1,1,2,2,1,1,4,2,2,2,4,3,3,4,1,2,4,1,3,1,3,2,4,1,5,1,5,4,5,2,1,2,5,5,5,5,4,5,3,4,2,4,3,3,5,2,1,4,3,4,1,1,4,0.33194352720522446,0.99912059939343056,0.0353481833269923,0.36933494244262222,0.062283970640681585,0.26852118725386354,0.48551298656474096,0.18092501387582727,0.23031008795002894,0.31255922586428719,0.69458153604476947,0.29329012012801925,0.33787133948233061,0.94949312496748439,0.29062990230814134,0.74560671684765756,0.1863203023893808,0.42745677790356262,0.9915764565433377,0.39421112025082017,0.77674939711783964,0.087154268852085548,0.76911569709886718,0.11042038513549013,0.30969299183194321,0.46626633976904264,0.82423422487678599,0.58467811440994022,0.18237362839189863,0.2422834736549121,0.59482180344913138,0.50313201076495462,0.47634351784768558,0.37529641830709626,0.85904179953698045,0.44543187619353308,0.22858844261127576,0.28242440902633648,0.90707242426595669,0.94104051068374206,0.098433243724312058,0.86875330174928578,0.87087534514778775,0.19406353748259919,0.62178128635697827,0.95745345599715759,0.35525498076664763,0.99807183031878532,0.8667383165723318,0.012672751436314966,0.54876104564775763,0.38769284803870163,0.72234062727343229,0.91247320107160412
sample,D047,train,0,1,0,1,5,4,5,5,1,3,3,4,1,2,1,5,5,2,4,5,2,2,1,2,2,2,4,3,5,5,4,2,5,2,1,2,3,5,3,5,5,2,5,1,2,1,3,3,3,1,2,2,3,4,5,4,5,5,2,4,3,2,4,4,1,2,4,2,1,3,1,1,3,2,1,3,2,2,4,5,4,2,5,1,2,1,3,4,2,3,1,3,2,2,5,1,4,4,3,5,2,3,2,0.70877575107690738,0.94746446880304447,0.34045044949393333,0.60992941946309143,0.71830000045961651,0.82897168149547573,0.88722820730008212,0.01553085901168183,0.7776107981002307,0.90393284192616619,0.22048613792556371,0.71523243084320365,0.7204096596330658,0.44500735256837687,0.5472961077123687,0.38502641217756528,0.036563455121034094,0.15726939939976026,0.13968944472607114,0.27120474605307765,0.097492042241316801,0.73478590153321977,0.13236144206982925,0.061302511268426563,0.14144686276281215,0.44828070342255932,0.37670567035431901,0.3627024910482719,0.27868017469211404,0.96790902938788304,0.69137579923844239,0.11115532643423554,0.40681246838517893,0.28069670554747217,0.78255539263901086,0.59646926111630749,0.51355850186318719,0.087037265521611507,0.19756829555242805,0.053796528693132895,0.45081245342594889,0.76070240703025849,0.44360243001437272,0.049000785618454668,0.85931918623574721,0.24786019387696279,0.29231285574023114,0.88797640706739722,0.27668466630406952,0.63050213298865909,0.079350846620180548,0.18890071823043275,0.82870816264725455,0.41786497485624086
sample,D048,train,0,1,1,2,1,2,4,1,3,1,3,1,4,4,4,5,2,3,1,4,1,4,1,2,5,1,3,2,2,3,3,3,1,2,5,4,2,5,2,3,4,1,4,4,1,5,1,5,1,5,5,1,3,4,2,4,3,4,3,4,1,5,5,5,4,4,4,1,2,2,4,2,1,1,2,4,1,1,2,2,5,4,2,2,2,4,5,2,1,2,5,2,5,2,4,4,3,1,2,2,3,1,4,0.68448935668145938,0.065219336313943388,0.58658253322822373,0.57228536856518142,0.44245728872425161,0.99943328814451782,0.75393203516258556,0.36121315633596585,0.22533680329317063,0.83829453380808827,0.23175021945631191,0.48007069610082787,0.87274140862252425,0.93917656747917899,0.58201729868420427,0.9639306495776977,0.11246405688867434,0.10880800321858564,0.44476029684742435,0.661003774233065,0.10633847916138517,0.42582312131749944,0.020141318272339892,0.34327702546509431,0.42342017828709599,0.80856062894935388,0.29689325786709964,0.83212050619053468,0.26591606835638304,0.4296965083582106,0.76740810310563357,0.88545858689386148,0.43672017517066108,0.3315577462410999,0.52912711278156077,0.56665646489349952,0.34434161627778426,0.62870830941992173,0.60359751065852529,0.23825615761655616,0.20537420379949556,0.0017999599180208437,0.88179776207742233,0.19618250093544998,0.64555640667900627,0.57002191203972241,0.63751396673648442,0.5409827463165604,0.23093058564633673,0.45174549997761471,0.66595325118604465,0.51856735592698877,0.59821017419441258,0.57724391448248402
sample,D049,train,0,0,1,1,1,1,3,2,2,4,2,2,4,1,3,2,1,2,3,1,2,2,2,4,2,2,1,5,1,3,3,2,3,1,4,4,5,2,2,2,1,3,1,2,4,4,1,3,5,3,4,1,5,4,5,4,2,3,5,4,4,1,1,4,5,1,4,5,3,5,2,1,1,5,4,4,4,3,1,1,2,3,5,1,1,4,5,2,4,2,1,5,4,1,3,1,5,3,5,2,2,3,5,0.18527266407275911,0.19454029995666833,0.013633461340453845,0.84403538168267855,0.90630612920479425,0.80191749337828,0.77303615108592061,0.12712424284729973,0.21958058842782568,0.39280736354471957,0.7468315738829131,0.038607616189455074,0.62200836585913699,0.9512072953868157,0.59796024543730297,0.29492434109020982,0.34197518391737469,0.58466832335048724,0.69043622618588063,0.29572407382623034,0.078663098886492699,0.32631478653780432,0.79901709576517588,0.051197811359270151,0.69322419584410755,0.72864998003769454,0.19648748625438484,0.64701012222359156,0.29739174926033751,0.48509800815463566,0.3599267738815648,0.63981364094253668,0.54827919534265612,0.5396015455765496,0.14315628426962423,0.70539347708950662,0.92421850807957073,0.82015500678853537,0.0052077158387210387,0.51968192811045788,0.99649613045443264,0.94231994781085537,0.66734114921818943,0.99358071132238435,0.58402019486689127,0.93237619898611812,0.17067168013272138,0.91680289062522657,0.85260984875449708,0.69302246800701484,0.45002387988294001,0.46371917717769118,0.46701817028899861,0.48540768168442905
sample,D050,train,0,1,0,3,2,4,3,4,4,4,5,3,2,5,4,3,2,4,4,5,1,1,2,1,5,1,2,4,1,2,2,3,2,5,2,1,2,2,5,5,5,2,1,5,4,3,2,5,1,2,1,1,5,3,1,3,4,3,4,3,4,3,5,3,1,1,2,5,3,4,3,5,4,3,5,5,2,2,3,2,5,1,4,1,4,3,2,1,3,1,4,3,2,3,4,3,2,1,3,5,3,4,5,0.060318532618529042,0.08557085450727564,0.98836482151938465,0.12419089101519387,0.9263475371288904,0.9780770077244535,0.20098422219880685,0.57517514836800121,0.11247353788186309,0.6169911730765345,0.066857514591820322,0.6594245163659207,0.65518748112239722,0.082741588319386938,0.85363041990271948,0.144029075681402,0.92806594128254916,0.56759691266469758,0.99060286708527223,0.2422340572019418,0.72095918076440624,0.34057554927778178,0.60149993291783344,0.66410018372495794,0.96311158437252287,0.58890789873382776,0.63225500988436822,0.28082069169852419,0.80646456978972725,0.83959439598015717,0.40189343415529055,0.67320899794012157,0.30542818983997699,0.4993094790213688,0.40225899440777346,0.7311519155192685,0.44019918672687219,0.17578975303916466,0.63665789391390504,0.39092479339954389,0.10830401215322072,0.33866973781644916,0.63413767312522351,0.51916402212708446,0.77757183846586597,0.96871480467105575,0.25342977662329291,0.17549750131134723,0.095128213754325341,0.61795865815503193,0.36025733474163757,0.36012777075275126,0.17203362221549745,0.80344094562233126
sample,D051,train,1,0,1,5,1,4,2,1,5,5,1,2,5,2,1,5,4,2,4,4,1,3,1,3,4,5,5,5,2,1,2,2,4,1,1,1,3,4,4,5,1,2,4,2,1,3,2,2,4,3,5,4,4,3,2,5,5,1,3,5,4,3,4,3,1,4,5,1,4,2,5,2,4,5,2,1,3,2,4,3,1,5,2,2,2,4,5,2,2,1,5,1,1,2,1,2,2,2,4,1,1,3,4,0.19318440412369398,0.67996810071221636,0.77287325768033854,0.95747268594137847,0.45668441258674963,0.20857857286609294,0.068341507190432527,0.31597718011774267,0.17903392122803408,0.16367724466279032,0.74697944186210519,0.80029190555899632,0.078019985256697066,0.66514085586334037,0.72042934718880292,0.482692037626132,0.98143761652966555,0.82280857931650886,0.3571717336015644,0.61535000533651973,0.3715955102776265,0.28163133142510821,0.075244957153354664,0.34146145476837819,0.14731951033726731,0.66779582659946779,0.16900186151836005,0.069069819431622936,0.87668314851303997,0.35127927661266889,0.63200209721739731,0.69522769772409421,0.47200847409762903,0.90161413936717694,0.9568558631900087,0.35994870924022659,0.94980196066601608,0.98981660813955763,0.73500765055787243,0.33383791868718671,0.95268306096629529,0.36933848011913384,0.47678468085302372,0.57563883478578604,0.33386024699177164,0.24594947671113498,0.014584449283674195,0.63321013662297965,0.057938525781030981,0.48915290245070142,0.38858308511083506,0.36358388762925709,0.098814734130501014,0.69228694276372793
sample,D052,train,0,0,1,5,2,2,5,2,5,1,3,2,5,2,4,1,1,2,2,2,2,2,5,2,5,5,4,3,5,3,5,4,3,2,3,3,3,1,2,4,4,5,5,1,1,3,5,1,5,1,1,5,4,5,1,2,3,1,3,1,2,4,2,4,3,2,2,1,3,1,4,3,3,3,2,5,5,4,5,5,1,4,2,1,1,4,1,3,3,3,2,4,3,5,5,1,5,5,4,4,2,4,4,0.70758798085995001,0.00081598355421153013,0.069927272321393508,0.4777612177343542,0.95054461845561744,0.33749845748835849,0.32328989691682031,0.37845139972438147,0.27317108200952134,0.82582423758117585,0.54446931996350423,0.76041237646850646,0.22664680768991707,0.022766673342307975,0.052475748887617191,0.58593360310661347,0.46682148743657592,0.062328804109460401,0.74414050156461664,0.075640037935329696,0.85919950666900702,0.34930291367059807,0.68402452811745318,0.55599637384103884,0.43549267383059964,0.79345563894554094,0.1425991166601368,0.55300571192877324,0.241028930411743,0.26502767218568968,0.51297943816857994,0.77064307043743097,0.93518790404222341,0.19550009285000147,0.73037368800941349,0.39448714428940246,0.73202574707118184,0.47303447612047833,0.49011243068908783,0.91131237065439186,0.30406595841242912,0.3845685494305825,0.8339623432809562,0.64627054183305876,0.42235112118086404,0.10641893419279147,0.0076329379229365113,0.29273720863179675,0.15236432628282215,0.090278926372400536,0.44013832684991738,0.9437852552745607,0.87298411524496555,0.83681983854658493
sample,D053,train,0,0,0,1,2,5,4,1,5,3,2,3,4,2,3,3,3,3,3,2,1,3,1,2,3,3,4,3,4,3,1,5,2,2,5,1,2,2,3,4,3,5,2,5,4,3,1,5,4,5,5,1,3,3,3,1,5,1,5,5,5,5,1,5,2,1,3,2,5,5,2,4,2,4,4,4,4,3,5,3,3,5,1,5,4,5,1,1,5,1,4,4,2,5,4,1,1,5,1,2,5,5,3,0.57528753230161167,0.44046397575667018,0.36597855699816817,0.61719315422070375,0.70924186673096223,0.087817490898567607,0.023746148942199952,0.11504633021514687,0.034782131007257133,0.32508539625059774,0.63738914670095348,0.96213200769802087,0.82573426459720434,0.25550433685689644,0.035741522626564382,0.089922797816246791,0.57054711561953064,0.52345643782058804,0.25233355729764495,0.47840888452372177,0.39878590164843031,0.60311567111324804,0.944399349962179,0.82812659710547887,0.37393753104239325,0.1321097293842145,0.13487862941825113,0.6339350658276719,0.29942859231713514,0.16671358076279819,0.59583807556194313,0.68527628949798913,0.76719123653311827,0.68741217086372797,0.22431759309301869,0.87482755252084576,0.61916503883319418,0.11210957639446772,0.29262758065660666,0.29979458432358119,0.5342159475366236,0.7915408807167813,0.54621717076457865,0.053907261148146923,0.92762319783177416,0.052445119227535808,0.4090954127787918,0.51959401751985046,0.76495994469996009,0.33533229273778953,0.17386187039856693,0.4382492723701098,0.723974665519172,0.27507956130271127
sample,D054,train,0,0,0,2,5,3,5,2,5,3,1,4,3,4,3,3,3,4,4,5,5,1,5,1,3,2,5,5,5,5,4,1,2,5,1,5,4,5,5,1,4,1,3,2,5,2,2,1,5,4,5,5,5,1,1,5,1,1,3,2,3,2,1,5,3,5,5,5,1,1,2,1,5,1,2,4,4,2,4,1,5,5,1,1,4,1,5,1,5,4,1,1,5,1,2,5,4,4,2,4,4,4,2,0.5949423928465154,0.88478346288281762,0.68433844062183902,0.38550253601167539,0.55869292681217619,0.62294515938276473,0.11198130407910212,0.96464351880034294,0.39870515360738634,0.52919773482133281,0.72382255231154058,0.056969771256422774,0.30092331920157722,0.1185085775189656,0.97357678327635888,0.63619571088689386,0.27135659104501342,0.59622128876444358,0.44788435241401348,0.59424102582070382,0.22890413052757896,0.93659311137320067,0.47464038329228697,0.3651508822657874,0.33813086514952362,0.62617373737821669,0.89436535356319502,0.27053411976824704,0.65469914260822459,0.80261365480323588,0.58188987908082712,0.30723480608797782,0.078823764761587589,0.1633991484023618,0.23059913264193677,0.42667206856155937,0.9352468520425401,0.86104414875999435,0.53478392807714958,0.5048616624599932,0.41515687835960391,0.78787288222056684,0.55907118725913563,0.92707238997817987,0.37570515078719025,0.75745477385724869,0.69423202824273411,0.69128890334000448,0.83906997477041889,0.023089902029941878,0.69423098708696518,0.34228130008662683,0.019346800250085616,0.55116920865500263
sample,D055,train,0,0,0,1,4,2,3,5,4,3,2,1,1,2,2,4,4,2,3,1,5,1,2,3,5,4,1,3,3,2,5,1,3,4,3,5,5,3,1,3,5,5,1,5,1,2,3,1,2,1,4,1,4,5,2,2,5,3,5,4,5,2,1,2,5,4,3,3,3,2,3,1,2,5,5,4,2,2,2,4,4,5,5,2,1,2,2,4,4,5,2,5,5,5,1,3,4,4,5,2,4,1,5,0.83121416439004348,0.86478883867700573,0.2171716869745216,0.59031853859230077,0.11263727598238515,0.03398865655044081,0.1478223996087209,0.89662803990626694,0.82389896689758824,0.31515161928944291,0.96981907999963135,0.78845464633613371,0.53647098155929107,0.42109661141978927,0.18295710283640021,0.47989925924684729,0.74221785333379409,0.59498256665821325,0.36606729000035643,0.31910469571082989,0.73887414981503985,0.74825447413154667,0.15280956080936436,0.45317112337998333,0.99053337992680512,0.51676217874202179,0.44715372525106656,0.64217554564189161,0.33695216587379384,0.072441518182567166,0.72254533578584523,0.34420130779211366,0.48654851129048171,0.17730236056176663,0.26892316726949261,0.81342416059715783,0.4199442009230353,0.68127727855124554,0.30031976173524788,0.33347795296331839,0.59358944126886992,0.47082673506712791,0.59034705045921165,0.51465934553496895,0.66008546864156248,0.55967577893152065,0.35283388783643876,0.36650516739024397,0.59191397822394609,0.97426256678392231,0.29063721359908568,0.24444972308921586,0.076985437586082228,0.40928442192212056
sample,D056,train,0,1,0,2,1,1,3,5,2,4,3,5,4,1,5,2,3,2,2,1,5,3,3,3,3,3,5,4,5,1,1,1,3,2,5,3,3,2,5,4,2,2,1,5,3,3,3,2,5,1,1,1,5,1,2,1,2,2,3,3,4,1,5,5,2,2,1,1,4,3,2,2,4,5,5,2,5,3,1,3,1,5,3,2,3,5,4,3,4,5,3,4,1,2,2,4,1,3,2,1,2,1,2,0.043794357100996217,0.4907420845825754,0.87321095954221939,0.77873841674126965,0.61638443073067273,0.13704766911863808,0.35036857122557441,0.47952914371729904,0.36275423613112334,0.41256762113592105,0.58355393962285762,0.94847894159683954,0.54230884823818259,0.58863586652408895,0.2916085554927027,0.18590843569345827,0.43046638242369095,0.007983534785448887,0.44039093179522293,0.456501332841456,0.22236595393079839,0.032353084198592286,0.82185995799582157,0.73506602061208492,0.53048316717832389,0.41582633168750271,0.30040371430713597,0.91575722779006619,0.83056873390401409,0.69319477641047489,0.95092285707171642,0.086956471408690672,0.30038375865417988,0.83804347193006501,0.34554566886318316,0.055858798025993694,0.12637743561260883,0.72747426537703896,0.93871525413441215,0.28957398016958813,0.60069650823936538,0.86723528506738934,0.76930636818388165,0.92388601734854514,0.66977275362450717,0.84576094949181968,0.3319092557282447,0.090082166325359481,0.9873571311481919,0.56449426427411198,0.31469015276227241,0.60038492987997027,0.27452191499172363,0.55149510197438467
sample,D057,train,0,0,0,3,1,1,5,2,1,1,2,2,1,3,3,3,3,2,3,5,5,2,1,5,3,1,5,5,4,4,4,2,5,4,4,4,4,1,2,5,1,5,4,1,3,5,3,1,4,2,3,2,1,2,3,4,3,3,1,2,1,2,4,2,4,5,4,5,5,3,5,3,3,4,5,1,4,5,2,1,2,5,5,5,2,5,2,2,2,5,4,5,2,1,1,3,3,4,5,1,2,4,4,0.10247823278653467,0.52146102536618022,0.95016104865229489,0.8677289032986546,0.4258659414055912,0.093455628592576168,0.28691179834777247,0.89822680670030131,0.39580463541175515,0.30143517499406325,0.70420075871718424,0.14795427799652172,0.29212100851212386,0.23312532850504819,0.82858371154019772,0.73281802174005672,0.98737980860884478,0.96231597001040015,0.99702982671163976,0.73296052041469195,0.031128596194826219,0.88308566761706253,0.10187784359608876,0.47621799701020151,0.45399150635711183,0.58652331727230655,0.83130812522962938,0.81223623780879417,0.94205867578699332,0.75133589580861693,0.76929789660272829,0.065897709666549731,0.94411432521336802,0.75782075394290771,0.29284384854476653,0.4103461968180806,0.48583426924310447,0.19530156646390417,0.24493522521762934,0.64323619165317414,0.18164654978262262,0.42146775694871219,0.5289828035845231,0.062560443433961388,0.82601510034623693,0.44164423629399829,0.2451430852570794,0.60479268811452946,0.27710254524770117,0.88761213832660135,0.83265732508525925,0.8949665603156467,0.42775564895698526,0.69545596023325995
sample,D058,train,0,0,1,3,3,4,4,2,1,5,5,2,4,3,1,4,5,3,1,1,3,2,4,5,5,4,1,2,3,2,1,2,4,5,3,2,4,2,5,4,3,2,1,1,3,4,2,3,2,3,5,4,5,1,2,3,4,3,4,3,2,1,1,2,2,5,1,5,1,4,5,2,5,2,2,2,4,2,4,3,2,1,5,3,3,1,4,2,5,1,2,4,5,2,4,5,3,5,4,2,3,1,5,0.049077553027622844,0.69738980499674808,0.59814790533413398,0.55721363833049087,0.28438107043945449,0.18182517287424627,0.78677660306114805,0.014390735833752499,0.89132635217044887,0.50882990932375394,0.33298712006835629,0.97405391786350404,0.89022851749628573,0.12171686478828403,0.35396303736926182,0.84933121555939628,0.29038656965905008,0.62969255144282854,0.074761431828087033,0.69264154750226237,0.92218017302753463,0.17153390836327531,0.23157439924068735,0.60466460759159391,0.055483105463111082,0.85148182863846367,0.052177147512761368,0.37297017248117736,0.74003014164375913,0.73603270710274959,0.11082236766798415,0.79677434946947623,0.85563409701039783,0.27007622139564602,0.69586840575414766,0.70109241021637392,0.93060030982513964,0.48251652021257285,0.017477950685101162,0.81559975204576196,0.70307340409056196,0.97017390119062874,0.83463471409055023,0.10777969693014933,0.37418749710740773,0.60359469641381569,0.94657399043413526,0.5182601936262714,0.21757336546806916,0.14729542505300519,0.43954139960180771,0.92808973304526554,0.37619565037757285,0.8436493856088304
sample,D059,train,0,0,0,2,1,3,3,5,3,2,4,1,3,1,2,5,3,3,1,4,1,5,3,2,5,1,4,3,3,1,1,2,4,1,1,3,2,4,1,3,1,2,5,4,4,5,3,3,1,3,2,1,2,2,4,1,1,2,3,5,3,3,3,3,3,2,5,1,1,1,2,1,1,3,2,2,2,2,1,3,1,4,1,4,1,2,2,2,1,3,3,1,3,5,3,4,2,1,2,1,2,2,5,0.93922039348690456,0.3920557064661554,0.59554817254766101,0.57371666056797743,0.5554791133964061,0.33180953149613912,0.24353844932711055,0.94880273924257896,0.60206476925338759,0.9931972645953494,0.98038073787315472,0.0011925257895524233,0.88866140415921213,0.92656806683528548,0.94516329725316861,0.11344212770453077,0.19141673609149212,0.97688612066632718,0.54185708557425716,0.56147806426027269,0.40230457899651562,0.23059332898009921,0.57856213612391838,0.080115165330262417,0.64428610206545056,0.91838740249922313,0.213207436938879,0.40117748523989349,0.26506696315780731,0.24464027786913967,0.68559142572766918,0.88516386430678862,0.55081177923036551,0.49313998895104738,0.014952931532374425,0.44204868576780021,0.97649915415875332,0.027394352063413896,0.10729792101394953,0.64198946555731362,0.95795446479901103,0.26871683611979646,0.97232136854559836,0.56665917511038688,0.74069277196557104,0.9272730704473906,0.77145212155235299,0.73415960307346317,0.77993781523548211,0.71616883671230092,0.58030855669655446,0.90065149424980373,0.89187814542947252,0.047528445142065667
sample,D060,train,0,0,1,2,2,2,3,2,5,3,3,5,5,3,4,1,5,2,5,3,5,1,1,1,4,2,4,4,2,1,1,5,4,2,5,3,1,2,2,2,4,3,4,3,4,5,3,5,4,3,1,2,5,2,3,5,5,1,1,4,2,3,1,3,3,4,2,3,2,2,2,1,4,3,5,2,3,3,1,5,2,4,2,3,4,1,5,5,2,5,2,1,1,2,3,1,5,1,3,4,5,3,1,0.24201144066447033,0.93919118107754951,0.93312520857697723,0.17965782796997842,0.64686979163288283,0.79620119899210906,0.27210469000485882,0.96546498461399777,0.45412285998970692,0.093612223872106437,0.048028514590486182,0.20963244841749018,0.27064641072187279,0.51024293005318122,0.94874953673658369,0.61462137089665247,0.74047544601685567,0.56471186788087246,0.26243913737594271,0.86586140434320469,0.66011133563897317,0.32900201630614423,0.096955097823803293,0.16771524322167952,0.75395145054079749,0.55936576353377676,0.12512744375299445,0.60979729957256956,0.55550907713529196,0.6958887869869671,0.67380819352719856,0.030150158326647469,0.5436113763765299,0.48408430810664083,0.61095846213334204,0.68189703276684765,0.6197383220866558,0.20277139822039891,0.81359236899069631,0.92885143081804766,0.93478282293926651,0.052195244169513377,0.8005370409752558,0.76407552205280294,0.90764266535158655,0.091863549089738594,0.051440453267282082,0.57289444297713554,0.54428003654270007,0.65055359803223167,0.50372936582471617,0.44237326957095746,0.74044036510701727,0.75793848845767675
sample,D061,train,1,1,0,4,5,2,4,5,4,1,2,3,4,4,5,1,2,2,5,5,3,5,5,1,2,1,5,3,5,4,5,2,3,4,5,5,4,2,1,2,3,2,2,4,1,4,2,3,3,5,2,2,3,5,3,1,3,3,4,2,4,5,1,2,5,4,1,3,4,3,2,4,2,3,3,1,5,2,1,4,4,5,1,4,1,4,1,3,3,4,4,5,3,2,2,4,5,4,4,4,1,2,2,0.081677914575205013,0.94314403790376711,0.88389996686028527,0.50368549841683297,0.63599733671430647,0.95684325355647148,0.75139765903847389,0.44840662234851159,0.084491356341186985,0.13375336114817082,0.49442753232973902,0.70732966309059975,0.88462233653470579,0.06931232452695546,0.88412913808644655,0.25654778444380388,0.80097844093402537,0.71765149421017582,0.94541008171485863,0.30087499022046638,0.54570764687012274,0.52681800106686916,0.040601838199296747,0.83539063804898772,0.69595011690074282,0.03939576690773372,0.022275400980508175,0.084132221981723987,0.23724054788671478,0.5162816049958614,0.066220579441248373,0.28505764437128966,0.0061106835282871419,0.15213220715257691,0.94877732760843292,0.92331009209593484,0.93822522696645805,0.95249259993660285,0.5949358379069124,0.3145882660460243,0.20070216896146587,0.22842869578365033,0.74629501079358496,0.2833850491967046,0.96272032771848803,0.83579794087342307,0.97961106542122012,0.24237649209049872,0.53612385528178852,0.69263101576496722,0.39121553233884832,0.40561313085171191,0.4222985025585595,0.61593928224879146
sample,D062,train,0,0,1,3,3,5,1,3,4,5,2,2,3,5,5,2,5,3,5,2,1,5,1,3,4,2,4,3,4,4,4,5,5,5,4,4,1,1,5,3,5,2,3,3,5,3,5,1,1,3,2,2,4,1,4,5,5,1,1,2,2,3,2,1,3,1,2,3,2,4,4,1,1,1,3,4,5,2,2,3,1,1,4,2,1,5,2,3,4,3,1,3,2,2,4,5,4,3,4,3,1,2,5,0.45657436402931217,0.67428085198445775,0.87852228081852135,0.12226788112098552,0.69779013465609452,0.92623992905321861,0.0029397642894908316,0.98176940866204943,0.49982107040343804,0.16383562906629023,0.77663496331221626,0.74231069921051918,0.43520927617014982,0.96603304290325598,0.30317034907231744,0.51442940635338008,0.24512182745425071,0.50507853211138676,0.53611394907305299,0.83558010223318013,0.56616695034568187,0.90938169138406078,0.91619908998092137,0.23872627055896012,0.7897764345858842,0.24544725256621369,0.45194542386640546,0.50530906647931306,0.94855622378748705,0.76805297975697706,0.23865169230821059,0.29621661995841897,0.069368195463824112,0.85489051061076682,0.048129863980670429,0.31005572670914572,0.33459765795354324,0.25774974225272296,0.73541554685436361,0.48794775796673895,0.45937201621221879,0.68106375868577684,0.17343742350970914,0.93142491367620728,0.25856847520464976,0.68473022008530404,0.37421951477789084,0.35980638609439097,0.83095818636213215,0.12115989808196548,0.08995257268488821,0.48051055204064119,0.80506267982545066,0.85697811927338174
sample,D063,train,0,0,0,2,1,2,3,2,2,3,3,5,4,4,1,5,1,4,4,4,4,2,2,4,4,4,3,5,4,5,2,4,2,1,3,1,2,1,3,4,3,4,2,3,1,2,4,1,1,1,2,5,4,1,4,4,2,5,1,1,3,3,5,4,5,3,3,2,2,2,4,1,1,2,5,2,2,4,5,1,2,3,3,2,5,3,1,4,4,3,5,5,3,1,3,4,4,1,4,2,1,2,4,0.76797355066346484,0.21504546865723873,0.41707136591692118,0.059464777391511348,0.56254405636592464,0.039463295285611655,0.46953489113224678,0.47766079706529185,0.72274154184871475,0.037340304891684828,0.43560004951834941,0.71389212275517255,0.61718139306796216,0.39939043844906941,0.045145957257352265,0.32351466200782364,0.70352830630080188,0.62368508112755072,0.48091679435182821,0.56865092363201208,0.32590332296896896,0.83560943736871351,0.67293602459098778,0.33677667763607122,0.6395042950781038,0.57962383716577937,0.27869240105741244,0.95606104016135662,0.38517957898511979,0.19564605565426518,0.79089919374793094,0.61137325804572207,0.73230714755501614,0.4789452719291728,0.4909839890008908,0.24739523760807003,0.35066640169100038,0.48008234573146602,0.81383046803395442,0.80686360722779482,0.63271731382272656,0.4759085183337618,0.84735249117229983,0.1273420959449385,0.33796833362214451,0.20569302587576577,0.3449726189101,0.92876693870932159,0.66826097778285576,0.36500495564355928,0.33002452190910092,0.064037128813404509,0.54573057734517438,0.72305343839655412
sample,D064,train,1,1,0,3,2,1,3,4,2,4,1,2,3,1,4,5,1,5,4,4,2,1,4,4,2,1,1,3,5,4,4,2,3,4,3,4,4,1,2,2,2,3,4,5,1,5,1,2,2,4,3,3,2,4,4,3,1,2,4,5,5,5,3,4,3,1,2,1,3,3,3,1,2,1,3,4,4,1,3,3,4,2,2,2,2,5,3,2,4,3,2,1,2,4,4,1,2,5,5,4,2,2,2,0.31724672639000173,0.1699826082511865,0.86487446244452104,0.95133058438486262,0.25685782139415025,0.38430509568036186,0.64626546654167549,0.58195139193296652,0.53265567569834604,0.7639062984991517,0.64328331996894894,0.30374810648843464,0.646426086364005,0.82930502445457521,0.55773326705327242,0.65165106120492899,0.073054132232911573,0.8961362458670733,0.58433923201198357,0.39541120723221623,0.44071810600968253,0.35997483536638064,0.92074074651755422,0.50664439316193222,0.097724987397315499,0.71852602308567393,0.91380204292250944,0.88963278561030368,0.98021059541158073,0.5704771626303764,0.59088522478506256,0.86457291309765638,0.63313824080314685,0.10791688408552391,0.70107680576397635,0.75539684232525783,0.67363690861674164,0.80640792380900872,0.5826082181424056,0.70634681777578878,0.031940049518587865,0.74055375276462732,0.74227023312163454,0.59676056887995665,0.36694185576683414,0.93834428635643607,0.41497384705119444,0.88024192834145232,0.12772797691543991,0.21871220775335021,0.38914372524796281,0.092327920270165231,0.0059581375355841626,0.22227970883218418
sample,D065,train,0,0,1,5,2,5,2,2,1,5,3,4,1,4,2,5,3,5,3,3,1,1,2,3,2,5,3,5,2,2,4,2,1,4,4,1,4,4,1,5,3,2,3,1,3,4,1,2,3,1,5,1,2,3,5,3,4,2,4,2,5,1,2,1,2,2,2,4,5,2,2,5,3,2,4,3,4,3,2,1,5,4,3,1,1,1,1,1,3,3,5,3,3,4,4,2,1,2,5,2,4,4,5,0.95425972246582269,0.018553123359081214,0.78879236232580741,0.2503342026271308,0.049368341230891399,0.46588340962327601,0.23452810113987355,0.1985424926525674,0.61708281551090982,0.77741789057635247,0.18590710810890521,0.34247054960432222,0.76108114789111203,0.43803151435779875,0.18623348778817905,0.61391287551662432,0.51587976168783312,0.6888955641008141,0.70899732882003963,0.34213425162441302,0.034254236021459494,0.82467485362162207,0.458983087183922,0.75669251282704741,0.16854754185804044,0.2175063507986944,0.34018091752365132,0.74196834235063058,0.6986218372527554,0.46699202963553321,0.90298269529123543,0.54981301856596443,0.6915750705565884,0.41308926635684617,0.29201310101030953,0.91298943401576571,0.69677122409364656,0.67232251434833279,0.3809939838994133,0.046124718795721442,0.23721466837926686,0.30883152327182162,0.053636836976074798,0.0012088735972483056,0.62101349330314604,0.5339376220207509,0.35478672092568553,0.30284966135746338,0.20398182078378946,0.17465769440498036,0.17582289429748932,0.22230017519163003,0.82685964089308117,0.87426528815927296
sample,D066,train,0,0,1,4,4,5,2,4,2,1,4,4,5,2,1,4,5,1,4,4,3,4,1,4,2,4,1,4,3,1,3,5,4,3,2,2,5,4,1,3,5,5,5,4,1,5,4,5,4,2,1,4,2,4,2,1,1,2,3,3,2,4,2,3,3,5,5,3,2,3,2,3,3,3,1,4,4,5,1,1,2,1,5,5,3,4,3,5,4,4,3,3,3,2,3,2,3,4,1,2,5,1,1,0.36654819979297271,0.3413117757983849,0.59918555195025702,0.060024144430550486,0.10460235909732019,0.95139000487014791,0.82356858521865184,0.54078607889957886,0.42127960097321993,0.7907529439915304,0.60878961128042719,0.23209570598623808,0.14365504947569874,0.26719841147891621,0.65167219230949702,0.56590264431883641,0.3346361717299754,0.65247051576548964,0.45106393492420871,0.11104596184007953,0.31306520718805586,0.56955125587216249,0.38731305767047752,0.26940111183151116,0.37709177787387016,0.76216351164201435,0.24039427894035692,0.83522492806112469,0.15204842324868117,0.085939506234032237,0.019280274611403025,0.36276315493435229,0.79508037170928247,0.083847432087327256,0.63546401045085454,0.097435587801309675,0.015123594402840834,0.6321491277328084,0.40127066692507207,0.52308423139773974,0.45845741122296979,0.076400939498438736,0.010504160998961565,0.91470700621315881,0.38068528943516544,0.97907961316953651,0.5970810051943477,0.17518710645304225,0.96127312564546274,0.26373974229631802,0.98667520200003678,0.75836086295916849,0.73165008209092697,0.37108414715047133
sample,D067,train,0,1,0,4,4,1,2,4,4,1,4,1,3,1,2,4,4,3,1,1,5,1,4,4,5,3,2,5,4,4,3,5,5,1,3,4,1,1,1,4,5,5,2,1,5,2,2,4,5,5,2,5,1,2,4,2,3,1,5,4,5,1,2,1,2,1,1,4,5,2,5,2,4,4,2,4,1,5,1,5,5,1,4,3,3,4,1,5,5,1,4,2,1,5,4,1,4,5,3,1,4,2,4,0.71048638107001738,0.85432558512449774,0.57772993074614942,0.91408052062350542,0.11354390649782486,0.14524405691608677,0.63310395427296406,0.86092810817632592,0.11418639475537729,0.66920224455675914,0.31977418043003769,0.30890381146326318,0.086908555656786457,0.1104446911154876,0.59001603431939298,0.287003993874276,0.9913632291180422,0.089863814891925076,0.6842184163568451,0.65757829363897291,0.87578434876477762,0.25484769190405065,0.41727216818342505,0.67320964362154601,0.41055234577465993,0.69707911995912752,0.82976526574067122,0.10454234405233342,0.63393612770018704,0.21966725663436526,0.19976422217651713,0.059078347290100086,0.47975772506042591,0.91625762816545386,0.88099965186203266,0.35122748494498235,0.10228906504156499,0.62124008707614053,0.48828260403647139,0.80535762696475788,0.31558220652765467,0.51279017095202606,0.46628061344352723,0.11561162286780435,0.78576896267735763,0.92256699629769356,0.601039642091175,0.19150216274888399,0.11557740826017082,0.079726275972438976,0.8381555883584042,0.44529297029850901,0.6773967720460885,0.86884296915620729
sample,D068,train,1,0,0,4,1,3,2,5,2,1,2,2,1,3,1,1,1,1,2,2,4,3,4,1,1,5,1,1,4,1,3,4,4,4,2,1,2,1,1,3,4,5,4,1,2,4,2,2,3,4,5,3,3,4,4,1,5,2,3,2,4,1,1,2,5,4,2,3,2,5,3,5,3,5,5,4,3,2,1,1,5,4,4,5,3,2,2,1,4,2,5,3,4,2,2,3,3,2,5,4,5,1,5,0.33839164076247752,0.46339211368213218,0.1142899341130299,0.51334418180477481,0.1904882105281086,0.90467504232537133,0.97989476496237071,0.055836305105766537,0.54732210351729293,0.9867302380660169,0.3069616795048945,0.29524613715085624,0.57635447974283038,0.29423132352394243,0.6619689488651076,0.31347868585236449,0.69503743836919873,0.31017323854539114,0.19488556291962622,0.39696324195374533,0.83352653622534034,0.6668459340734525,0.097257457857892859,0.18387624522173951,0.16432202316947897,0.45198207209628238,0.64097894196645344,0.4903470455322495,0.90356202201879354,0.54989411131496668,0.85812807583070794,0.76040541702398134,0.50921107162864476,0.15413545076408719,0.14481671982695143,0.81928134574764122,0.42078643108971159,0.54859741023552355,0.49277838378362615,0.37850706134294454,0.37781810055727361,0.39177168292955367,0.70105171389076781,0.34874972196668574,0.89712787558841245,0.43581821185020275,0.84544753350873592,0.50570133199291178,0.42979836096638735,0.27367357454663788,0.87653850985745008,0.51061849696664385,0.87885154147731837,0.61314078812334094
sample,D069,train,1,0,0,4,2,4,1,3,4,1,1,2,5,4,1,2,5,4,2,5,5,4,3,4,2,2,4,3,4,2,1,1,2,5,2,2,5,2,4,2,5,1,2,2,5,2,1,1,2,1,1,3,4,2,1,5,3,2,5,3,2,3,3,4,2,2,4,2,4,1,5,5,5,4,4,3,1,2,1,3,1,1,3,2,5,1,2,3,4,3,4,5,3,1,4,4,3,2,4,2,4,5,1,0.50665068199502838,0.93989099939228404,0.12535567146898785,0.12026754113596783,0.030034976995429119,0.11059039916982816,0.73803084701464616,0.084569963653872926,0.10189792467281866,0.21922326965582772,0.83362416558415975,0.51855401821862723,0.12660459192768048,0.099036858594093391,0.75452833544312969,0.12762408786624813,0.10169804893844847,0.35451636663804531,0.34446508646151153,0.14959656098903185,0.38414813845405182,0.28915977967813689,0.54635176546572017,0.7713660631178576,0.61784761017691114,0.4611990755705947,0.049230795139666772,0.16400646508792671,0.8840331491951392,0.86259972748988678,0.03503456906891067,0.094920419270605572,0.31972010043127308,0.42643261278809907,0.22205637190236582,0.11985287707589398,0.68096957283388171,0.47452445446436464,0.23809402483132813,0.79955391532573294,0.14289813257680228,0.055857298054002302,0.47615954963822837,0.73524623033905512,0.91271440242802071,0.33043248451555007,0.56431663827978595,0.13418582297925841,0.19717576160627537,0.9933095092350821,0.66924442226874914,0.19379159092496734,0.31764276121461066,0.31739378947394548
sample,D070,train,1,1,0,5,3,4,3,2,5,5,3,1,1,3,5,1,5,1,3,3,2,2,3,4,4,4,1,5,5,3,2,4,1,2,1,2,3,2,5,4,4,1,1,4,5,3,3,4,3,2,2,2,2,2,2,5,5,1,2,2,3,5,2,4,5,2,5,5,1,4,3,2,4,4,1,5,1,4,4,5,2,1,4,2,2,2,2,1,3,1,3,2,1,4,5,3,2,5,3,5,4,4,1,0.18408000375821454,0.57044432747221907,0.21501894207635175,0.24090514255046425,0.53647681123468238,0.063446200658362817,0.51233558930393974,0.025262039517163881,0.22383135048196323,0.26994195272268418,0.32525392408074805,0.049838392891779382,0.33687836062037058,0.82551875146727249,0.047332122277280453,0.83058777184143129,0.80441393214949497,0.016600952965083238,0.98902099246853337,0.6998361689626601,0.098753264066073321,0.93216831310012926,0.35548599402170544,0.63650959560351139,0.6287570382123534,0.084513840621616598,0.46064775529830682,0.86147355888975596,0.69652619788184678,0.62666147702534725,0.47839300660208772,0.80009193687621027,0.27641521382431611,0.2668093904498372,0.11740054773665598,0.52867664291848537,0.25342102677631628,0.68471796417780906,0.33056863525850722,0.64087733309059514,0.66683998038808379,0.50235575502491969,0.69871979726280564,0.25409843861827153,0.27829669594175643,0.98941686964781161,0.21941013569202072,0.18885621158910815,0.87215608536560874,0.084655123694148293,0.65477755532512127,0.94122284078948315,0.028408457285306166,0.76288983732896831
sample,D071,train,0,0,1,2,5,4,5,1,2,3,5,3,5,3,1,3,4,1,1,5,5,1,1,3,1,2,1,2,3,1,1,3,4,4,1,4,2,3,4,3,5,5,3,4,3,4,4,1,2,3,4,3,2,4,4,1,1,3,4,5,1,1,4,5,2,5,3,3,1,4,1,2,2,5,1,5,1,4,5,1,4,2,5,2,3,3,5,2,5,5,5,2,4,4,5,3,2,1,5,3,4,1,2,0.2595064228366466,0.72001695083343265,0.94536362465645496,0.15060645171802201,0.66020337454849698,0.80609216354063629,0.66610477946619895,0.43059263371062118,0.65113343117604094,0.96035039100785557,0.74074851931886665,0.061076499347266444,0.18162915449052697,0.89903478593004915,0.98338221593611663,0.55638486485480587,0.71604452229520676,0.15345967766982671,0.019453029292304524,0.27417147218492433,0.66918939719206361,0.77733138912292221,0.014067759682507619,0.52230113451056459,0.63645270814695276,0.7841000074678266,0.66323386230701331,0.98322289046739697,0.98826402996156504,0.18537595411403784,0.90032485402820717,0.066628207140184581,0.25735381476336394,0.23296378038820198,0.55416663681172518,0.36704390017918498,0.20756586282125744,0.357652167131149,0.77231366433775395,0.37246981369534793,0.64010490075297055,0.56143637144673597,0.55398765846603992,0.44234387210779447,0.16024193118245067,0.46520941279873218,0.70245396535970528,0.59768507830245854,0.29008854764648118,0.96408714307154242,0.44326829574374882,0.98331837573446623,0.4317321940791139,0.42191764951310706
sample,D072,train,0,0,0,2,3,4,1,1,5,5,4,5,3,3,4,5,4,3,2,3,2,2,5,2,4,4,1,3,2,5,1,1,2,2,2,4,3,1,1,4,4,4,4,5,5,1,3,3,2,5,2,3,3,1,4,3,1,5,4,1,4,2,5,2,1,1,1,5,1,1,1,4,2,5,4,1,1,2,3,4,1,2,5,5,1,5,1,2,2,4,3,5,3,3,5,2,4,4,4,2,1,5,2,0.30789277127631021,0.1215331000987232,0.7748741909572604,0.57278164515852215,0.9923333095390281,0.62633823318549686,0.91210367097735889,0.55427977043702792,0.97115267863467536,0.36538059922665422,0.5928662899664372,0.49753674351723554,0.49040067579886337,0.27382153638592988,0.87375294363725764,0.11835384511339564,0.025235873167621214,0.8621918507233709,0.37724844880315467,0.69559915351138357,0.24150454930480736,0.64754327796512745,0.68548567679028838,0.25589973102618579,0.50429883245440876,0.80409350633980925,0.33874763302093502,0.51492657786632856,0.083288011405147744,0.53208715467804713,0.34195859777025328,0.73069664314232097,0.35249192561081233,0.52013502334266903,0.5454254710634423,0.96597771720638959,0.38595444527243761,0.75965756916536054,0.13046745301865137,0.77049234175557657,0.31495738388018446,0.30904445324588192,0.17763953268353283,0.12508034801708534,0.48297734890363997,0.82372520252341563,0.54818326732076395,0.68841980587236806,0.73568670355963139,0.70044888711904651,0.65239453439712791,0.17063325678260488,0.41844911495049708,0.58805537148801956
sample,D073,train,0,0,1,2,1,2,4,5,3,1,5,3,2,1,4,4,1,5,3,4,5,1,5,3,2,2,5,3,3,5,4,5,3,2,2,2,1,2,4,1,1,1,3,5,3,3,4,5,1,4,3,2,5,2,3,3,4,5,5,4,3,5,3,1,5,4,1,3,1,3,5,1,2,1,5,3,3,3,5,3,2,1,2,2,1,1,1,5,1,3,1,1,1,5,5,5,1,2,4,5,1,5,4,0.4321993783102539,0.7411552649779497,0.25010505103841929,0.36313133154942467,0.18712347036029764,0.46433094889550275,0.59597619387727951,0.59135888664805936,0.60878973356350408,0.03400961584083162,0.19315655296796808,0.01374960423507976,0.32830776617455848,0.46037539431083652,0.52047354169307836,0.78462105077121946,0.32441584044704974,0.98921711494783526,0.88429080346947198,0.5338997264785148,0.48322629024132568,0.94423323778212898,0.39217519949130597,0.75945035674742423,0.0027604226331815473,0.82800278748545575,0.45500879625031809,0.78889019057281906,0.15162430602197308,0.49704005068943069,0.41753936744571507,0.40722113873189314,0.23117568558063362,0.38552914801658666,0.51326690948659848,0.72518481141699553,0.23316459595496397,0.55675138408078773,0.87588796284181636,0.05362580343168899,0.026240294608694037,0.30386957863089925,0.41447957638372412,0.45834012634352284,0.66311956670660255,0.33277799182925905,0.23406242732843241,0.15140958027210594,0.53306028053475063,0.28262652037711489,0.64211702181788388,0.74200099272693609,0.71741617136884361,0.68421966025795067
sample,D074,train,1,1,0,1,3,3,2,3,5,1,1,4,4,2,4,4,3,2,5,1,4,4,1,4,3,4,5,2,3,2,2,4,2,1,4,2,4,4,1,1,3,5,5,1,4,3,3,3,5,2,1,4,1,5,4,2,2,5,1,2,2,1,5,2,3,1,2,5,1,2,4,5,3,2,2,2,4,4,5,3,2,3,3,2,3,4,5,5,2,2,4,1,3,5,5,2,1,2,2,2,3,4,5,0.24095267882888105,0.22543219219147126,0.39638948804106378,0.52747934613892233,0.61444457951163778,0.47117303751038109,0.93937188115021586,0.5114639320952824,0.27438091080797788,0.61580940033413378,0.13448373690450133,0.1854223596977812,0.22351405168534544,0.93571268728639745,0.13832473282721824,0.82896513840293828,0.6935952704024253,0.12838407732351953,0.34286349916312364,0.4708882708220623,0.83909244830831275,0.9285207641963491,0.27516161220883695,0.40163922578108258,0.95348251943638551,0.40749740169298854,0.88320177796204802,0.56225043959876186,0.46630271113594313,0.62748478588066692,0.25824924480122002,0.33987789386114153,0.34634325963319657,0.12412413651368792,0.564338895338098,0.90200799909575735,0.64110481456893997,0.093881660282723933,0.3110685916621595,0.35611323465409572,0.38861832001694085,0.50494253787810128,0.20164819107757714,0.65430652328296557,0.99064331943085671,0.38060339492413187,0.78328256606636248,0.010115031728266666,0.17837163767875763,0.62850986544595122,0.33819293937380646,0.14939137650960665,0.54306574454542478,0.1581207971048999
sample,D075,train,0,1,0,2,3,5,1,2,5,5,1,3,3,3,4,4,2,5,3,2,5,4,5,4,4,2,4,2,5,2,2,4,2,3,2,2,4,3,3,5,3,3,1,3,5,5,1,4,3,4,4,2,4,5,1,3,2,5,1,5,1,3,3,1,5,4,2,5,2,2,5,5,5,5,3,5,5,1,3,4,2,3,2,5,1,1,3,3,3,2,1,5,4,5,3,2,1,5,2,3,3,4,4,0.85150877085122456,0.96381084658185057,0.26572938074733909,0.65767130868435608,0.3990517833182794,0.88866924158712335,0.69944640876660291,0.27055550382601712,0.91598870186966275,0.22811928077781063,0.68669785582976739,0.20823337996536928,0.84311216336818584,0.18820485906798823,0.77606010559847238,0.02297700599227781,0.30880943683594453,0.73585908179697657,0.28726232853019051,0.099823826002743199,0.610726286504228,0.85747386779964607,0.16833246316932959,0.011515518011592119,0.7860619416854977,0.38295022950783841,0.39494933623578177,0.15489167477613797,0.66374770856575149,0.85460139381787092,0.84189307317874718,0.73832219946739475,0.20922551607147621,0.89341363912985128,0.31505984066690707,0.05822513080525249,0.84339097143788277,0.68783773040509477,0.39428075917209338,0.39587400901695124,0.53594786677829487,0.9217490328459782,0.74746274274145885,0.65284950297079491,0.67611415254012597,0.33416487083679469,0.91309335695362404,0.29243990595643188,0.58262321723629817,0.75740308730033534,0.8714041210208624,0.96500557733872849,0.26124542167177045,0.060434516329154531
sample,D076,train,1,1,0,4,4,3,1,4,1,3,2,3,2,4,3,3,4,1,4,4,3,1,5,3,4,3,4,5,2,2,1,5,4,3,4,5,1,1,4,5,1,4,1,3,2,5,5,5,5,3,3,2,5,5,3,3,3,5,1,5,1,1,3,5,4,4,4,4,2,5,3,3,4,3,3,4,5,3,2,5,1,4,1,1,4,3,5,3,2,1,2,3,3,3,4,5,3,2,5,2,2,2,2,0.14165767756022107,0.13043582459362224,0.70336087470625064,0.069570957932111321,0.53527623905835442,0.83382107987737075,0.097494335645358254,0.24107913999831831,0.20187210160798452,0.62999415056093411,0.02813297750631194,0.77675445448395419,0.45186858765958904,0.63115742715851375,0.76695800469127695,0.2011411433374527,0.72215692398054343,0.13029552072713468,0.75571606287126925,0.48422878705222483,0.055938794330403607,0.33341371715833046,0.29492550658355554,0.55840224020156803,0.75343629230953246,0.84001437750930052,0.67924848556400308,0.87885956457728354,0.52634593524413753,0.20324830397271521,0.72417325740910388,0.93051228373527206,0.79330227371791662,0.025428929352561358,0.49475004071407758,0.46402159939209031,0.97140843415139344,0.24122597881018826,0.88709037765348964,0.38722109381333647,0.81908080921609838,0.84695636803709773,0.96904005189578735,0.52830028504025461,0.10296627574889483,0.66019341986248403,0.41127592697153137,0.044072552292453882,0.59580826923967856,0.099921460381336979,0.31820880856843448,0.23601898916388386,0.4838597477044736,0.15639351575436899
sample,D077,train,1,0,0,5,2,2,4,1,1,2,3,3,5,3,4,1,4,5,3,2,5,5,4,5,4,5,5,1,1,3,5,3,5,4,2,3,4,1,3,1,1,5,5,5,3,2,5,2,1,2,4,5,5,3,4,3,3,1,1,1,2,4,1,3,4,5,5,2,3,1,2,4,1,2,5,1,1,5,3,5,5,2,5,5,2,1,4,2,2,1,4,3,4,5,2,5,2,2,2,5,2,2,2,0.94383175507028805,0.51298214973111655,0.69994378175499028,0.28733309757831382,0.94048273455660147,0.3112053589085092,0.31583907531795519,0.3201553722071192,0.19189953432808149,0.39166122382730362,0.5267168514234859,0.48371844903461003,0.75730531367698373,0.27425414971602213,0.50248163428991666,0.10342423702560422,0.72464645773905012,0.70475224639137335,0.40404471896793936,0.90802448758986531,0.1882255229372245,0.11884156967757642,0.75206890372710111,0.89302513240903902,0.37492180709695644,0.64030445681574943,0.66601972262729559,0.55455547867132771,0.77705575674318539,0.39127095341769447,0.63475726628446127,0.49342573864735895,0.95503489757692972,0.075909215513297545,0.5185326656739172,0.1366647258119954,0.29028258262461615,0.73221121495142594,0.097155655028671184,0.68669663821032334,0.9850746470025683,0.75934662005667208,0.20966969019619397,0.56269951480718094,0.50235031760796223,0.035979285849328968,0.14359722424989063,0.10696536379013266,0.13122609679888841,0.39040138359538878,0.79676209061026115,0.44394869937078929,0.14381266361990575,0.1159328009106374
sample,D078,train,0,1,0,5,2,1,5,4,4,2,5,2,5,2,3,1,5,1,5,5,3,2,5,3,4,5,1,2,5,4,2,2,4,5,4,5,2,3,1,1,1,1,2,1,4,4,5,5,1,4,5,5,4,1,3,5,4,2,2,3,1,3,3,3,4,3,3,3,1,3,2,3,3,3,3,3,4,4,4,4,3,1,1,3,2,4,1,2,2,5,1,1,5,1,5,3,3,2,5,2,3,5,4,0.32564226367189619,0.79470700523455462,0.24857279844649405,0.911942712908827,0.2735302473365181,0.25658339755237569,0.82098781563946777,0.52162291568279417,0.36228049375358118,0.60212542651992262,0.48397131213581623,0.30053383401643807,0.73311223356873323,0.69350470141347742,0.43548422771877149,0.81460142705033101,0.95815960521345966,0.13618098907273524,0.73352933010045762,0.41679332756081833,0.45726698745138716,0.82483265695327002,0.42205492063460803,0.34594074665986052,0.33045799157464373,0.63509983196318498,0.76561673342592063,0.039620514159491083,0.26489648123383802,0.74092260667722853,0.26072172763864776,0.99450349078889577,0.25173428657314678,0.022887104574754291,0.77693283348247633,0.8126639216161613,0.85299197783168468,0.92010952365648135,0.62483781897942214,0.21660912275761912,0.18002197082904503,0.58440559576274376,0.91243070048723351,0.37883980704441311,0.89196692288436086,0.51473132236427543,0.036496890443881047,0.72095201391887176,0.57582880748954923,0.62949167010119067,0.2891391641271791,0.35692187035128398,0.090173191128182228,0.93014483884048349
sample,D079,train,1,1,0,2,1,2,2,2,4,3,3,2,2,2,1,5,3,3,5,5,2,3,5,5,1,2,2,2,2,4,4,2,3,2,4,3,3,4,4,5,1,4,2,3,1,3,4,3,4,1,5,4,1,4,4,4,3,4,3,2,2,4,4,5,4,5,2,1,2,1,4,1,3,5,2,2,3,3,2,2,5,3,3,1,5,2,2,1,2,3,1,1,1,4,4,4,3,1,2,1,1,3,3,0.8358463551531804,0.60497725949480285,0.52758133618304248,0.10290854779129266,0.52153090373283073,0.12051665546708523,0.45282102265396673,0.65659296797270461,0.33016583679230271,0.46644819669074011,0.16143144775146967,0.14323737996634023,0.30437212320943952,0.65226643906287562,0.24461295454306942,0.074329255777650149,0.59063076745049425,0.43796244741475909,0.99256782527922649,0.64133377481090104,0.42429782652917036,0.0027459030166853138,0.21230831278255768,0.24133448885163278,0.94491030853711144,0.9649388674808933,0.70239773652047699,0.71013234667869263,0.12672383289085976,0.84488746905447354,0.99559453959946298,0.56500422508979997,0.94227640646815092,0.21125393222443145,0.44531260161795805,0.23110568446187141,0.2880000342752369,0.23198677187109251,0.35568092436047694,0.32936333062317436,0.077996502479463437,0.86559243420214982,0.60952850150239835,0.0013119278747100172,0.22855279676779894,0.14152827413056279,0.96471424162852404,0.57553024396558061,0.30891196753310179,0.42032110303089187,0.69247067369272219,0.82424553937992728,0.49925824558643861,0.39095387191588338
sample,D080,train,0,0,1,3,2,5,1,5,2,2,4,4,2,2,3,2,3,2,3,2,3,3,4,3,4,3,3,4,3,5,5,3,2,1,4,1,5,1,1,4,5,3,3,4,3,2,1,1,1,2,5,4,3,2,3,2,4,3,5,5,2,4,5,5,2,1,4,2,5,5,2,4,4,1,3,1,3,2,3,4,4,4,4,3,2,5,2,4,1,2,3,1,5,4,1,4,2,4,4,4,1,5,2,0.21190400003340937,0.78178423748855885,0.29542629550732968,0.38256686682869934,0.18639216847015827,0.98420085067741181,0.13106758906759186,0.95268883511197777,0.56157029166287975,0.025338387948027785,0.82341891522378641,0.23977689148144909,0.34470468699081813,0.82127568626698444,0.16116871628775598,0.95464897533012316,0.54337093617448673,0.66184012295706907,0.99068156216069136,0.8352823618244597,0.10766399390276105,0.51741561731396879,0.51050980027197912,0.92929098466026794,0.37467784210440858,0.34705121444425402,0.065683267935480738,0.85549260034457908,0.90872981450564294,0.50675164307643294,0.6327270327783926,0.29452217803683944,0.91910719141769592,0.16604993324154504,0.94307124012928778,0.87313621658705931,0.10733217975980858,0.48153673443749456,0.9237352586816634,0.88559042171386981,0.18189224938909343,0.16844295656808239,0.81645315038688682,0.27653163542127479,0.73555787290335517,0.75333393174527918,0.48465949818237719,0.085853531470754363,0.42517947372907572,0.19631981963471046,0.65006741630697107,0.30306269652973772,0.59700609388020287,0.063479800224728766
sample,D081,train,1,0,0,3,5,1,3,2,2,5,4,2,5,1,3,2,3,3,1,1,4,1,5,5,2,2,3,4,2,5,4,1,2,5,4,3,4,2,1,3,5,4,2,3,5,5,3,5,5,5,5,4,3,5,5,5,5,2,3,5,5,1,4,5,1,1,1,1,3,1,2,1,2,3,4,4,2,2,2,1,5,2,3,2,3,3,4,2,3,5,1,1,1,4,2,4,5,3,2,2,2,2,2,0.71730398922975769,0.84759906651146033,0.39160588974533161,0.069070285684112331,0.4436802828311126,0.788760390131097,0.98902385977755358,0.67149030181844993,0.50982259804566832,0.34523901613361829,0.70440894266782139,0.80893560045256763,0.77738719732714368,0.43619946092978101,0.90072177260701536,0.34428602582216983,0.55677710635533284,0.0058621111641432577,0.36759862076300198,0.76015966449665473,0.48582765776785275,0.30094962162380812,0.61049658582643773,0.93140928621820063,0.10003511979430424,0.27971889267827055,0.68370008034437901,0.7141900468840896,0.97544287389007089,0.74925185345401335,0.67856797740770392,0.70395529677607704,0.26180284012511135,0.45177881359520988,0.68185952687193896,0.02262360574991773,0.049227345294076685,0.0060838859880052443,0.89655564649265762,0.038393848998288682,0.64666353552884914,0.32071254807470995,0.69691477719637296,0.98003544938586828,0.88643986740767478,0.60894401291797684,0.7778075139647932,0.4363849548423091,0.3023118896887973,0.80741097512340432,0.13792221846197583,0.92340128017424128,0.29367054881214616,0.95499917682694069
sample,D082,train,0,0,0,1,4,5,1,3,3,2,5,2,3,1,5,3,4,5,2,2,5,1,5,3,4,4,1,2,2,5,5,5,5,5,2,3,2,2,5,3,1,4,2,5,1,1,5,3,4,4,2,4,1,3,5,4,1,5,5,4,2,4,4,1,2,1,1,1,4,2,5,4,2,3,4,1,1,5,1,5,1,2,5,4,3,5,1,5,4,4,4,4,2,4,5,5,5,2,2,3,4,2,5,0.19846734177551684,0.76084321923520815,0.037537752387161727,0.6537332234469162,0.47105705053841584,0.62558084511857093,0.60518312263059471,0.76171955120629153,0.36846897334980266,0.95551628420509183,0.058700806113080817,0.7079080586304054,0.44414900767112164,0.23350098773655781,0.092541187073244213,0.34115229533927394,0.99011765172641497,0.87425358085621785,0.52063317848374391,0.68813132516301323,0.79225467459914367,0.48337626591831517,0.43357294893463405,0.2773270357299783,0.44189553040982466,0.65523453022977318,0.083934209924168779,0.65534601386332714,0.48163126154343305,0.62835702020658257,0.32056683399274144,0.26358290065875367,0.51686344003815177,0.06188246788512386,0.8900909215619438,0.31236837236851578,0.0020000734389512553,0.56842963709650363,0.43335256355716323,0.89132833302091485,0.76884436855218685,0.489214417505898,0.69809778704787639,0.79735797904730055,0.23555240164739955,0.45197073868900572,0.038200528842638137,0.74160528220915056,0.35567745000793971,0.18943045110732371,0.077132515426003412,0.13840121798916194,0.18941206001031896,0.80144368720311343
sample,D083,train,1,1,0,3,3,2,4,3,3,4,5,2,1,4,3,3,2,4,2,2,1,3,3,2,5,5,5,4,4,5,2,5,5,1,1,4,5,3,4,3,5,3,3,3,5,1,2,1,1,3,3,3,2,2,5,3,4,3,5,3,2,3,5,4,1,2,1,2,2,3,4,4,1,2,5,3,3,4,2,4,3,5,2,5,3,3,3,2,4,3,1,3,4,5,3,1,2,1,3,2,4,4,3,0.37474069393123088,0.87389913756425452,0.46071376169057865,0.84636410437207799,0.56973915486003268,0.87460919855524255,0.29961966924538341,0.22958964896639023,0.39282679719619618,0.35791215245229435,0.70664981522197778,0.366590968319354,0.20229617994056803,0.35832073023000444,0.32533181729527383,0.93360749453463954,0.47213940581498615,0.038915434725607434,0.64745268790816335,0.37218640342637421,0.28426807634354512,0.3093086074663044,0.33314274644903252,0.25325845797684365,0.0073857055432867691,0.31323481524012076,0.8191856567761211,0.11804783811757646,0.32489655134161499,0.17513757934913232,0.26026055461563491,0.46747708215521355,0.13510632827670743,0.1184754018792098,0.9616369150837033,0.17101860702253657,0.19775576075710444,0.75148909283794896,0.76531393007064119,0.73992983752494912,0.055962253231280235,0.70701214920477917,0.54294676048859614,0.46336338719543224,0.89624148287223893,0.28366674697988292,0.44711714057825458,0.8333953558287992,0.0089242725569332881,0.25952080305410186,0.60376836846015824,0.45569544051183908,0.39896357594191256,0.79199818498683361
sample,D084,train,1,0,0,2,5,1,1,2,3,5,3,1,1,5,1,5,3,2,4,2,2,4,3,3,5,2,3,4,2,4,2,5,1,2,5,1,2,5,2,4,1,4,4,4,1,4,3,3,2,2,2,1,5,5,5,4,2,5,2,5,5,3,3,5,2,1,5,3,4,2,3,3,1,3,1,1,5,1,2,2,3,2,5,4,3,1,5,3,4,2,3,2,5,2,4,5,4,2,3,3,3,3,4,0.25816613927036536,0.89482257681225008,0.071130852989452209,0.26941502991584076,0.17871760922210245,0.33999855750524777,0.53279705559472013,0.086164156792101543,0.56418096717465505,0.549016247882673,0.64464558750125744,0.86744786922828376,0.98309534201118021,0.47392039786849882,0.19877771023735302,0.1668720736787932,0.10524084677485468,0.96222621309654544,0.89139473562380567,0.88929151750254687,0.57402609803534499,0.41747705037644722,0.56901895475160458,0.71043807282082438,0.58714191418738781,0.88334628881039112,0.098288141017272568,0.45973503229862689,0.21133920595181555,0.64836450373817234,0.36755200742177818,0.60498577769653039,0.4554892567158898,0.87764460808411116,0.3769713708150646,0.81061123807587243,0.06596110429001778,0.34781924039981649,0.82518983033852111,0.3088379411740162,0.2243357802002649,0.058784056680710739,0.17469572654868126,0.48882701885151647,0.14438436945249555,0.1839729141333849,0.88484709594399402,0.70927563486250833,0.3382850534254277,0.72901931194269443,0.35721843640689244,0.99333064418984662,0.17479883482496439,0.59293565381317459
sample,D085,train,1,1,0,3,2,5,5,3,4,4,1,5,3,4,1,1,1,3,3,2,2,4,4,3,2,2,4,4,3,1,1,1,4,2,2,1,3,5,2,3,2,5,3,1,3,2,5,1,4,1,5,5,5,4,1,2,5,4,3,4,3,4,5,5,3,4,3,4,3,5,5,2,4,1,5,2,3,3,4,2,5,4,4,4,1,3,5,3,5,5,1,3,4,2,2,2,1,2,2,5,5,1,4,0.67471022745708975,0.53596304592668786,0.17787400828816369,0.24570105084493743,0.30500384568136751,0.65928805733947504,0.45982674086327768,0.8730520105384153,0.21238880915705971,0.89453388708872728,0.3722001135163161,0.14627041198104063,0.82424320111174143,0.634631842358237,0.71594547272096765,0.98202259683592141,0.31834831184790868,0.26346992423058468,0.42904739344844989,0.95891777461391392,0.4187008037156309,0.5079700324219445,0.52518508383342133,0.95714149234205759,0.70110294906382653,0.87747763970225079,0.22929843833007646,0.27161745422587491,0.23537663411182719,0.35706296897078471,0.890208834189952,0.18711542194451403,0.33771774305780067,0.67497044172576559,0.45933222472358859,0.92550565249288042,0.23004477045171623,0.17840420257591205,0.68082212926682983,0.84371920438474546,0.017718607866777591,0.3492246896514114,0.66972425732712149,0.28528743876493101,0.98123387368129111,0.31451779012444914,0.80090167922038291,0.13142200963213224,0.93171462872888633,0.93861453058730016,0.44027751592134723,0.20460410276138596,0.48766831196664862,0.84918688382681018
sample,D086,train,0,0,0,2,5,5,4,1,4,2,3,1,3,1,3,4,5,4,2,3,2,1,3,5,5,5,4,5,5,5,1,3,1,2,5,3,3,5,1,5,1,4,3,5,2,4,2,4,1,1,4,4,5,2,2,2,5,1,4,2,4,3,5,2,4,1,2,2,2,3,5,2,2,4,4,1,1,5,4,5,3,2,3,2,3,4,1,4,5,1,4,5,2,5,4,5,2,5,2,2,4,5,5,0.34600198452755149,0.80575665233382954,0.77380719360187911,0.71650027430983765,0.14305580075125057,0.96272803365375192,0.30598568963014139,0.57147242743545235,0.29150886917986796,0.57558760784145269,0.17456191675887023,0.83134013947951291,0.6127758669020269,0.48436525094944849,0.83137292746842273,0.34364511568570444,0.86083205953564468,0.38974189867510478,0.30878582806305366,0.4980896821869234,0.58129354705880676,0.1178673708332324,0.37627303301883708,0.14764925108194193,0.82134692153784972,0.11867761254796927,0.99786803137424573,0.97147424447688346,0.26243299228511963,0.8785399321099544,0.91506286961171357,0.69209767375033715,0.96932175318271596,0.30198957217137501,0.18853910199880475,0.45487181025006851,0.81714569026072359,0.30302763212141814,0.91085873657901739,0.044211166544902758,0.10345899568997541,0.96234635412072778,0.84049755274788451,0.091136310866656189,0.83703791040600672,0.89150536276020664,0.18019162580904136,0.59952780863104571,0.10594913546654416,0.06936361426803983,0.83021557259613621,0.70852788228615671,0.72981259541609,0.71080190722418857
sample,D087,train,0,0,0,5,5,1,1,3,2,4,2,4,3,4,4,4,4,4,4,4,1,4,1,3,5,2,1,2,2,1,1,2,3,4,5,2,4,5,1,3,4,1,2,1,4,3,4,5,3,4,2,2,2,3,3,3,3,4,2,3,3,5,3,2,3,2,3,4,1,5,2,4,2,4,3,3,2,3,3,5,5,4,4,4,1,5,2,1,5,3,5,1,1,4,2,4,3,2,1,5,3,4,3,0.93880030479647458,0.4242814233883182,0.53458485767089226,0.073323928205364153,0.49980114716037471,0.76852041462317033,0.29577615687683723,0.048192008311793044,0.055860639806345147,0.048434589873576295,0.1502632591805303,0.98984028245150646,0.79563954117065105,0.14133645362636349,0.67804156651968839,0.80526002771132565,0.19407156842091222,0.61635664951633862,0.01729165791737719,0.15144239249456237,0.9806820202455736,0.28568844665644255,0.66385714390182193,0.94251554845504149,0.63341201577588779,0.2934102564811899,0.18434750042832282,0.021528230942363225,0.24441029656855318,0.30903156370328932,0.37286852932478476,0.87253508950721237,0.77323091195104854,0.051153806157224091,0.83541706317200226,0.76660803200283367,0.082178932551334682,0.69786518812895115,0.97512938676270611,0.28417745652441673,0.43437278143103231,0.7699192118625543,0.89931540491806039,0.71529766359658609,0.37462028327449881,0.81435882332844234,0.048316122026674235,0.50196607411702399,0.51786582425017136,0.61519410193911928,0.52282959849111499,0.21393601938053897,0.27584076832009929,0.3414594089871974
sample,D088,train,0,1,1,5,3,2,3,4,2,4,5,3,3,2,1,3,4,4,5,1,4,2,2,2,5,2,4,4,2,4,4,5,5,1,2,5,2,1,5,4,3,1,2,5,5,1,2,3,5,5,3,4,4,5,5,1,3,5,1,5,3,3,1,2,1,2,3,1,1,3,5,2,1,1,5,2,5,2,4,2,1,3,5,2,1,4,3,3,2,1,5,5,4,5,4,5,4,1,1,3,5,5,4,0.53714894311627825,0.9216848556518038,0.65789015080896751,0.15121750840673753,0.13100841412096487,0.4372497196865639,0.52195009369130851,0.43442228735308586,0.10390860529028478,0.25563913126609328,0.10294069449910326,0.61463696030714043,0.086483858074124953,0.054504204713073157,0.27499889406371403,0.93312202316272452,0.010985773360981499,0.067933197715668414,0.64217467821833774,0.81662924538484616,0.22689342902355369,0.26003423129663217,0.061454686958811955,0.11054853346029947,0.56983037791662217,0.93207876368804177,0.92154227017617685,0.93375013469034762,0.14226169491053231,0.33455248753661948,0.79388419517082809,0.13937398470137674,0.67909405103118403,0.41024921113013846,0.66085438314285605,0.090041236917505207,0.0026313658848626797,0.33606309936454792,0.4494096422652476,0.39792953026292699,0.70970262456169952,0.92863751684113305,0.29304672342246807,0.77437071836286342,0.29765672546209165,0.021868990775881558,0.63446902997392585,0.003266129860086453,0.38254000592187987,0.45970351674866616,0.44100709659130943,0.17886577474508614,0.79723099195914626,0.32726224196900799
sample,D089,train,1,0,0,2,1,2,3,4,3,2,4,5,1,1,2,5,1,1,2,4,5,4,3,4,1,1,3,4,2,3,3,5,4,4,3,2,1,4,4,3,3,2,5,5,1,5,4,4,4,3,1,2,4,5,3,3,2,4,4,2,3,1,2,3,4,4,5,5,4,5,3,5,3,2,1,5,5,5,4,1,3,5,2,1,2,3,5,2,2,4,1,3,1,4,3,4,4,1,3,3,4,1,3,0.69248603990385493,0.1176115764223693,0.036565307703193883,0.29825535438031026,0.21542236886241339,0.3925858842023362,0.19540726135377062,0.54260719033274007,0.35558951043231812,0.6731391290113079,0.94214241163350132,0.91190635494267558,0.47419338056686666,0.87011861995234918,0.70135026929477029,0.4393209460522387,0.9225766831113712,0.063984643062954483,0.2069882535591645,0.52582051249906514,0.16684270153606173,0.90665541688203921,0.048564580421794679,0.64638565414830551,0.82525977502939707,0.77009255428031798,0.91406083642194824,0.4895931793138073,0.53527224560579623,0.45128273995425094,0.62984853855383671,0.44296238734139448,0.67013274852317462,0.83104884393779466,0.50652679638368425,0.90839233631493765,0.64649605164659052,0.55797796037802616,0.37494411453017773,0.83986865203015659,0.72675286898088454,0.95351623139136832,0.88881753330793201,0.02590575155292052,0.27926705568146326,0.2978276358696621,0.49755462245780169,0.45529620388042569,0.11893487386142854,0.80400587228931375,0.28382980760018739,0.21133512750437744,0.6405766411739735,0.15048257469802528
sample,D090,train,0,0,0,1,5,5,5,2,3,5,5,2,5,2,1,4,2,2,2,2,5,2,4,1,2,3,5,3,4,3,4,5,3,5,3,4,3,3,1,2,3,3,5,3,2,1,5,4,3,1,3,3,2,1,2,1,5,1,2,1,3,2,3,5,4,4,5,1,3,3,5,3,3,2,4,3,3,3,4,5,3,2,3,3,3,2,4,4,3,4,1,4,1,3,3,1,4,1,4,4,3,4,1,0.76732820859103446,0.82520929198628157,0.96200420423070421,0.10860858120772499,0.51116531898764739,0.39982366958757243,0.076984518704157678,0.537747934324042,0.031728070852291346,0.58157327510457357,0.26394696755162395,0.43398204023862663,0.087920628129988909,0.78375484479349211,0.13410245551120203,0.064687835629262058,0.087833422072710055,0.31293551809234676,0.083333078559188145,0.49400537975227943,0.55769940768287829,0.67065519855165445,0.69108471316222997,0.41062829187549921,0.66663257536321618,0.9206287230785245,0.69757512789078036,0.010970447654230497,0.74385824325955952,0.97475366452724499,0.10566592891452786,0.59418931681908793,0.7133627867104283,0.95250027977967699,0.47001763259505169,0.10744673693092655,0.9286475398855133,0.84990180171909779,0.4214853292588675,0.95113546676178162,0.42942117547746306,0.86282445444638822,0.65227724418401989,0.073413112593417096,0.47367776738925171,0.61660875763328293,0.63723145880878529,0.59145155185760345,0.38265600097764663,0.14458213808554499,0.64425852601121469,0.19414840957315704,0.59558970460871774,0.46988073825068921
sample,D091,train,0,0,0,1,4,4,5,5,5,5,2,2,5,2,1,3,3,4,5,3,1,5,5,1,4,1,5,1,3,3,3,2,5,3,4,1,5,1,2,5,2,2,2,1,3,1,3,4,1,4,4,2,5,3,2,4,5,5,3,4,2,1,4,2,2,4,2,4,2,2,4,1,1,2,4,5,2,1,2,4,5,1,1,2,1,5,3,3,4,3,4,3,2,5,4,4,3,1,5,4,1,1,4,0.55603524267360249,0.87362047856777314,0.61068262982387911,0.19727944138514864,0.8169798409392578,0.91570825221770957,0.097557528217456113,0.72565624301126708,0.99220149888475917,0.29954243886257392,0.1450768466503225,0.2403420154076874,0.36052561274298411,0.6189793100615063,0.63240784415519724,0.52994112099502111,0.75727131401337455,0.55120642312661672,0.16357366952052421,0.50450154187514029,0.92566800437824259,0.11512418966564597,0.27321074176528648,0.64248159359111501,0.61378870637520833,0.88455003477770566,0.80440036159377071,0.23158138408501505,0.37008818432443091,0.25806795194277099,0.98319394300683771,0.47420915853409151,0.93481798476952593,0.29122002719531848,0.46227977471840676,0.39150031493120796,0.47071267091026447,0.82243743698589344,0.25462566891471317,0.52736902570505273,0.31378063914749499,0.29969012329590961,0.65100757090287498,0.47198885472708807,0.65561490075936513,0.87547184796342947,0.78929443072482852,0.75181226169882776,0.23429379756227242,0.69723812276978736,0.33218900504790161,0.19457595745815193,0.80514108803198448,0.83139010389834
sample,D092,train,1,0,0,3,1,2,2,5,2,2,2,4,3,1,1,1,4,4,4,3,2,1,2,5,5,2,2,2,5,4,1,1,1,2,1,4,4,4,1,5,5,3,5,5,2,1,4,5,3,1,4,4,2,5,2,2,2,2,2,2,2,3,3,4,2,4,2,4,5,4,3,1,4,4,3,1,3,3,2,1,3,2,5,2,1,3,4,5,4,3,4,2,1,3,1,2,1,3,2,4,3,1,2,0.95986083262754729,0.79415199479858689,0.00320196669370576,0.54692364855960318,0.91446426638980882,0.55455191650397295,0.61752560908849996,0.05467928308168668,0.13467831583865886,0.58079059785333098,0.68800307786782955,0.61295842351484664,0.36102860478843868,0.49592510755502051,0.71916222032016586,0.73458715314739875,0.32330388089107165,0.77622666390967487,0.23967191011506694,0.53384095600924353,0.83477657242319125,0.79999721403274127,0.61608987426816586,0.56055903563490406,0.61926010982062174,0.37313380662034845,0.066709206910628427,0.24795077437131818,0.1509900076166899,0.59585370110589553,0.79393114676908638,0.33681854393873178,0.32309171254490288,0.3667176486844792,0.40358281977779886,0.49957597514171304,0.71928419037670954,0.75176728542218485,0.59873597360033814,0.62630785827255253,0.90665965582264096,0.24257616279216376,0.96851866609800397,0.28828188405263444,0.55908549742601188,0.18124467993437376,0.50299123563772119,0.072353446423748524,0.6324561555541135,0.91471385384409476,0.16416750608412189,0.92027557458182729,0.39972292125527276,0.51053693962786795
sample,D093,train,1,1,1,2,4,4,3,4,4,2,4,2,3,4,5,3,2,4,1,1,1,4,3,3,4,5,4,2,1,2,3,5,1,3,5,5,2,3,3,1,2,3,1,5,5,2,5,1,1,3,1,4,5,1,3,5,3,5,2,2,3,5,3,1,4,1,3,4,1,2,3,3,4,1,2,2,3,3,5,3,3,1,3,3,2,1,5,2,3,3,4,4,2,4,4,5,2,4,1,1,4,1,2,0.65839952898121257,0.8251139400562395,0.36414658072028849,0.77822857417459035,0.87479534622681399,0.10326126614391151,0.81295471065550795,0.67132295918423923,0.20863038033750103,0.72380449448314177,0.98426767011588445,0.34002300537676755,0.08848788783635908,0.61046600876925583,0.9620365869825831,0.58915318146781326,0.38440390296486171,0.61247643494806436,0.042962221410388191,0.4291807568251883,0.14113367734973736,0.46337187354847142,0.72671630688372624,0.81329857024047236,0.60991411616918145,0.0092265131302506909,0.01622079108860075,0.13503198727748777,0.44817614811809614,0.6600720849624846,0.59382369674713387,0.71749190134032315,0.26449886604662609,0.51188302756298021,0.12652461385717129,0.65590909227368777,0.048324060809476599,0.62105263914407594,0.1330732194702936,0.95141646187691531,0.80241630006650744,0.34860012857954248,0.4064487824517995,0.89682245852204567,0.01896736365710483,0.88712614273255941,0.568605767933134,0.71644666299163673,0.87644141380187279,0.48815252027419609,0.72080714456241801,0.010873925749733226,0.33528110525803512,0.91270110298954155
sample,D094,train,0,0,1,3,3,3,3,2,5,4,2,5,1,4,2,2,1,5,2,3,3,4,2,4,1,3,3,5,2,3,4,5,1,1,1,4,3,3,5,3,3,4,1,4,2,1,4,4,3,5,5,3,3,4,4,3,2,4,4,2,3,2,2,4,4,5,5,2,4,1,2,2,2,2,3,3,3,5,4,4,3,1,2,3,2,5,2,4,2,1,4,3,2,3,3,2,3,4,3,1,5,5,5,0.19166951779679198,0.67539628967566656,0.19760688652527292,0.86010140005548441,0.58674818113836491,0.3951177556800437,0.9349181371419969,0.29359506251919887,0.37129148691953351,0.60579150618429611,0.71047579701711605,0.67819229655007052,0.64708410295308039,0.83869033805242543,0.31990546500067474,0.30227103941518174,0.42814781353508191,0.89265917166217723,0.29696347472261719,0.64976390016938357,0.12582477136863357,0.98161101909794146,0.24291394827417878,0.21598861349687515,0.73804254080732068,0.48394715142860933,0.78179199428005808,0.99937273857912801,0.66853538948761337,0.26601920544461377,0.36807699996456111,0.15013580604393773,0.4726101120562044,0.34805790901467937,0.56941288975325299,0.089354113887478381,0.62392818417616613,0.82143132197158064,0.3662103039143777,0.55458005201729299,0.84276325870089186,0.76877052076779062,0.47945939417918859,0.054308441743161739,0.67624603960794505,0.71084861369902663,0.78973781641016738,0.6268010942842136,0.28548256915426085,0.98461528609607096,0.864874303414367,0.46476614395124316,0.49570129231019766,0.78061522980793407
sample,D095,train,1,0,0,5,3,5,1,1,4,2,5,5,3,1,4,4,5,3,5,1,4,4,1,1,5,2,4,1,1,1,2,4,4,4,5,1,3,4,1,3,5,2,1,4,3,4,1,1,2,5,2,2,4,3,2,3,3,3,3,3,3,5,2,3,4,2,2,4,2,2,5,3,4,3,5,1,1,1,2,2,1,3,3,1,4,3,5,3,4,2,2,2,4,3,1,2,1,4,3,2,5,3,5,0.35394637404235396,0.92383368837876956,0.37004366794948607,0.010985157727948502,0.18788654512490977,0.94368537042499501,0.86280870866905723,0.32211417768400774,0.45995711540114237,0.948130075583827,0.91200321311343668,0.18890269112224223,0.63213664736845077,0.48913016871335868,0.46867630666100768,0.73477116236697571,0.72975521649302832,0.96160525411654407,0.74052319423787494,0.66879084799874622,0.65735554824134834,0.076626060348661595,0.70733961049147565,0.78721192056982159,0.55319631404637504,0.9494489673658103,0.092061818779898497,0.7691279007958266,0.15305537575129202,0.47060217549810512,0.92639329353140931,0.68440531013241845,0.61353993731293288,0.52199584609509952,0.51171872192209777,0.27537376392523571,0.86056815419004795,0.40465277919579257,0.27379966673971656,0.22434234660994246,0.83579805073418767,0.94020116477067517,0.55608406668544652,0.101802834491031,0.6974683483166112,0.38810660197871705,0.37746573870594813,0.94799151219924527,0.60467871151566466,0.042739044814227412,0.073661353427706522,0.72463287799387044,0.77080971623265926,0.045310388641008448
sample,D096,train,1,0,0,3,3,2,5,3,5,3,3,2,3,5,5,4,2,5,5,3,2,4,2,5,3,2,3,4,2,4,5,4,5,5,3,5,4,4,3,3,4,2,4,1,2,5,2,1,5,3,3,2,3,1,1,4,4,2,1,3,2,2,4,4,1,1,4,2,1,3,4,4,5,4,5,2,3,4,4,5,4,2,3,5,3,5,3,5,3,2,5,5,3,5,2,2,2,4,5,4,5,2,1,0.17922046729568741,0.41671418527018955,0.88575200857249869,0.36948918853325174,0.94603810931464194,0.57734261047730706,0.45499216320140401,0.22329525697105113,0.198089016531384,0.65118322884655844,0.070687305559040015,0.98066391743838366,0.98056399363759617,0.57888873746138103,0.82793755979470274,0.30586193805966844,0.75560182762143502,0.49729520512857506,0.57690652151281785,0.40002131943797903,0.38066057236187867,0.26201354087071127,0.26910213466283006,0.97031900298741036,0.90875798845869704,0.19437101515929989,0.045317058311367675,0.44720819177918159,0.45340834103699279,0.56616460128920199,0.37644632385706966,0.16109943731746135,0.22729793964193501,0.060516846630695786,0.09455484671560721,0.16292114227536414,0.87221314603255373,0.0955744026153168,0.048865275678290243,0.21102010568587459,0.77169620128563665,0.2416200651922592,0.29714439900604595,0.67228823096745782,0.76468948904551948,0.90614831394614659,0.12022483201732803,0.37435451952812893,0.99308350542057799,0.9059636828728137,0.37890263549648873,0.32785454070818909,0.56963913564168756,0.25268065769065762
sample,D097,train,0,0,0,3,1,2,2,3,3,2,3,4,1,4,2,4,2,3,1,2,2,2,5,2,4,2,1,5,4,5,1,5,5,3,3,4,3,5,4,4,4,1,3,4,3,1,4,5,1,1,4,1,4,1,3,2,3,5,3,4,2,4,5,3,5,1,2,2,2,4,1,4,3,4,1,1,5,2,5,1,3,1,2,2,5,4,3,3,3,1,1,5,5,2,1,4,3,1,1,4,3,5,4,0.73522049219694086,0.93198302659873244,0.23543431317928809,0.68227685035229468,0.049671484767444762,0.89686275898985934,0.050230292656411102,0.76835526846511848,0.81443057992460732,0.81652047235800029,0.60188956291927165,0.10575331685849476,0.79126903712708752,0.14743242020295166,0.79216394111993615,0.80114417234530377,0.1803585791245651,0.41828758523621423,0.47783779249549152,0.78274858736788799,0.83179199871326404,0.21496958441447211,0.41809115674342456,0.82559930132018899,0.60380175983032469,0.17009692220638017,0.61648655550399101,0.080862685031252046,0.73012677710909479,0.76763608726751309,0.74398325688775846,0.41890524966265175,0.77500279739830846,0.069006815852340364,0.60346777341428059,0.85031534746303894,0.38566797316923229,0.24655627547846037,0.95295205462986732,0.28750849582932303,0.15663413048309738,0.70391731669895785,0.37475438269359573,0.86440549411186496,0.70969049741423773,0.72155789648216972,0.81623398009961468,0.99608092480092614,0.13892518718707791,0.16714046211632694,0.012185494638930927,0.026372124004775732,0.091206189851305242,0.37076386106552894
sample,D098,train,0,0,1,2,5,2,2,5,5,1,1,2,5,4,3,1,2,1,3,1,1,4,3,4,5,2,2,2,3,1,2,2,3,5,2,2,1,5,2,5,4,1,2,3,1,4,3,4,2,1,2,3,1,3,1,4,4,5,1,3,4,2,2,3,2,3,1,2,3,3,3,5,1,4,3,2,2,4,1,5,4,1,1,3,5,4,2,1,1,4,4,2,1,3,2,5,5,3,1,3,1,3,1,0.49877009994064536,0.046173274711507784,0.2932847255846861,0.57844263847316613,0.98696091425669785,0.73026018835026463,0.93414909145503733,0.36451287706200708,0.53893004746657835,0.22749246851435512,0.40189197519115616,0.74330381678883339,0.38810212591132109,0.41596334067411334,0.36330236445486974,0.566721300443085,0.40509312284495835,0.73121112047244086,0.16850523533401007,0.84540666426699573,0.24525786220814338,0.73294283138031557,0.44745031256218837,0.7061164489996733,0.1021413768674142,0.14994565626231338,0.6791581211975064,0.97287041651709882,0.077491658942329567,0.95613037805386314,0.25607170679818581,0.18235686395833717,0.64676773096858731,0.4556997399003796,0.49017973472352294,0.7570746681133218,0.60402480674403769,0.20692145388873218,0.8991491245498886,0.084613637853929502,0.008331469161080074,0.43049792529919506,0.79157300883778681,0.80374658655262865,0.17912564133305564,0.081886308323414259,0.73217759501536517,0.37343966691245611,0.90832773710073567,0.60811120509486349,0.65349362264637845,0.24752844372917626,0.41083092369971597,0.11868296168571046
sample,D099,train,1,1,0,1,5,5,4,1,3,5,4,5,2,2,2,3,5,3,1,2,1,5,2,2,3,3,4,4,1,5,2,1,1,2,5,4,5,2,3,2,2,2,2,4,5,5,1,2,2,2,2,5,3,3,2,2,3,2,2,3,5,2,3,1,3,5,2,2,4,4,1,3,2,3,3,5,5,4,1,4,3,2,2,3,4,4,1,4,1,2,5,3,4,3,4,3,5,3,4,4,3,3,3,0.82014040707869051,0.10912452073742085,0.26458222255389752,0.99986252674722165,0.46818695435810687,0.18899835495113748,0.99430424701363762,0.010240188991409438,0.61592511935737926,0.98754604895744491,0.34427283471435755,0.61270040007299886,0.03403070631113847,0.81220340158573512,0.14069763443762684,0.17615599536765392,0.14242099630941618,0.098499384945635704,0.89262533636071162,0.070609887497120827,0.97867309644839662,0.44347689921016153,0.98363056970553508,0.49859856027090943,0.97895537915260122,0.40728660438027453,0.33830986893718362,0.54483798319544963,0.52398883857770673,0.52993914882372184,0.44520898884412718,0.005531561512340244,0.34420200921899557,0.63867704176688234,0.56504604632309874,0.45629291677694273,0.4794993425350903,0.20442460401039975,0.1554723985558546,0.13938850273650594,0.64066225820552958,0.39794680462700349,0.50353759961091693,0.36851127423928176,0.48895877366388818,0.79259593622678159,0.2028870505703535,0.40991534528829388,0.090190741161607302,0.46291771288813366,0.76217680642642471,0.18185666718258142,0.44807473456049252,0.25886758799526655
sample,D100,train,0,0,0,3,5,1,2,1,4,3,4,5,5,3,1,1,3,4,4,4,1,3,1,5,1,5,1,3,2,2,3,2,2,3,2,4,2,3,3,3,2,5,1,1,2,3,5,4,3,3,3,4,5,3,3,1,4,5,5,2,4,4,2,1,5,2,1,4,2,1,4,5,2,3,2,5,5,5,5,1,4,3,4,3,2,2,3,3,4,4,4,4,1,2,4,2,5,5,1,5,4,1,1,0.070539614027529507,0.37217180969839492,0.84617017035336728,0.73344279270140544,0.3381220800981527,0.64428810103710099,0.039225172287098098,0.68859932968190785,0.37571573653205981,0.16195469475116986,0.82290492377306645,0.8148616368011512,0.053394369485528004,0.057727420659955619,0.98404323346121225,0.61831446726534911,0.31834201405045737,0.44519141521968009,0.39674747225379803,0.98595435231919315,0.90874032343474576,0.69886886982092022,0.41277581187072276,0.0035645572729741115,0.099971411800992893,0.78414611564719328,0.81458289184101029,0.92712533587943791,0.80485272395137453,0.97741115936579281,0.34705348770730515,0.052977431505665251,0.13319833162059569,0.0082110630782922245,0.94295830418301885,0.95432784147697713,0.48909478930895345,0.62855439648179101,0.77249098983859099,0.11665511333800238,0.034171390107617827,0.558984290370098,0.88042822617524985,0.53564727603002726,0.46884950452269714,0.096227268932677745,0.99975736190786102,0.7917673933659134,0.53262672382820875,0.77405583900803576,0.84534340085502757,0.55509601516378781,0.14987788797213675,0.77214461028854353
sample,D101,train,0,0,0,4,1,4,5,1,5,2,3,5,4,5,1,1,2,5,1,3,1,4,1,1,4,5,2,2,1,1,2,2,1,3,4,3,5,1,1,2,5,4,2,3,1,3,1,1,5,3,5,5,1,1,5,1,2,3,2,1,2,2,3,3,3,1,5,5,3,3,3,3,5,1,1,4,3,3,4,2,5,1,1,3,1,1,3,3,5,2,2,1,1,5,1,2,3,3,2,3,1,4,3,0.33694089905548508,0.28182097009753393,0.50599256325523168,0.9111712561228078,0.77080669304247906,0.788598381147262,0.75326942416331977,0.76810217972598438,0.8036886324122694,0.72855359258506969,0.58046505289752237,0.51171222921605619,0.80313999492986299,0.59362955656341465,0.19507577083702266,0.44909046313533862,0.13588354291135574,0.37687799766425401,0.15024814997004798,0.68374278271105315,0.026855683490630056,0.54698637669784655,0.44367206547881266,0.056553385937020306,0.86240042505958081,0.69175371057840618,0.2896223865350106,0.92959111736207323,0.5993283294703059,0.82084753004306465,0.018828122951178305,0.28697204669554399,0.34341071462505535,0.11928797292249704,0.67559947686596722,0.27740342849423316,0.65426161024048834,0.93202345648775076,0.59178832872312348,0.36985011065448303,0.23115375105246427,0.67770783777603072,0.57192091455142102,0.76737865466730693,0.84713025447417278,0.71212864635003159,0.44855611818136709,0.090202326790859266,0.10465299114808291,0.26801009545207699,0.84316752336115863,0.67096587321417067,0.89422401706970256,0.49554688826527915
sample,D102,train,1,0,0,2,5,2,5,3,1,3,5,5,2,4,2,3,3,3,3,4,5,1,5,2,1,4,2,4,1,3,2,3,1,1,3,5,1,4,5,2,1,5,3,4,4,2,4,4,1,4,3,1,3,5,4,2,1,1,4,5,2,5,5,4,1,2,1,5,5,3,4,2,4,3,2,5,1,3,4,3,2,5,1,3,1,1,2,2,1,3,1,5,5,2,4,1,5,5,3,5,3,1,4,0.42368772986991732,0.55486030531025632,0.10928764165188098,0.16924325302601106,0.34834387907092612,0.47318148681294692,0.048974112461591557,0.65942875469499063,0.73343124488346523,0.28543528690221132,0.35860244463025615,0.59291300164637761,0.046383151473174955,0.89451263927832381,0.80554528226546995,0.097452806336759124,0.61809178666752385,0.41589615426057291,0.82964872776073706,0.43228251164402987,0.19697184444859617,0.19078547848345451,0.31286398685074857,0.80946576925075631,0.41869905336766411,0.63350786066213971,0.63403110939494378,0.044988164357126825,0.87928250949966058,0.58046859262951445,0.34387711859889769,0.70064540068631287,0.97204593443151233,0.24000067933749503,0.91425919448116078,0.18573772824489976,0.84786414055999648,0.41263374518464313,0.37978460252782453,0.48523729192285392,0.34436135481603458,0.20717620813955107,0.86574284083697084,0.39671592961294089,0.80653395705489539,0.8612081136444405,0.94485596163298013,0.28696454146554562,0.62771035416008625,0.86234337050354493,0.033020680011298431,0.22693347867233848,0.67303219495684596,0.00093404567255672699
sample,D103,train,1,0,0,1,2,4,4,3,4,4,2,2,1,1,3,3,4,1,3,3,2,2,5,3,4,2,2,5,5,4,5,4,5,3,1,4,3,3,2,5,5,2,1,3,2,4,2,4,1,5,1,2,3,4,4,1,1,3,5,4,4,1,3,3,3,5,2,4,5,2,2,3,1,2,3,3,5,4,4,3,2,5,1,3,2,4,3,3,5,1,5,2,2,3,5,5,3,4,4,5,4,5,5,0.079720472816719679,0.3923100170225613,0.13837376243048782,0.089139310846682918,0.66014720919012426,0.92673646230988271,0.9650008957111661,0.51637076419842254,0.1431865160454292,0.58464032859159798,0.85937388245960966,0.79471642218938676,0.64544605232288177,0.69507292628394168,0.07437128489246847,0.8945060322152697,0.76486969975862573,0.66098694173268258,0.70322704069894926,0.35283652931980536,0.32236193203145758,0.83935508811279147,0.12005868687126264,0.77925025241710089,0.42621190008856003,0.94987414965823269,0.50668820690378702,0.51743910663061543,0.13593892946529651,0.92591890777820174,0.45096622654741148,0.79552675046193633,0.15296507383977331,0.75982477818028915,0.38617269636723672,0.93446107421028002,0.10614363549329442,0.67946765655682528,0.45330513230667024,0.26806121235252567,0.25456242433892506,0.91021850480851751,0.38165887247425179,0.032838454280806895,0.4747968765679027,0.52151130309733706,0.51662113475612015,0.10282814011801711,0.36057328279735346,0.53793838143753048,0.54785100809665999,0.71392722269424103,0.25076535137972589,0.30016037861783762
sample,D104,train,0,0,0,5,3,3,3,3,3,4,1,2,4,4,4,4,5,3,1,4,5,5,5,3,5,5,4,1,3,2,2,4,3,2,5,2,1,2,3,3,2,3,5,3,3,2,4,5,5,4,1,2,4,5,4,2,4,1,1,1,4,1,1,1,4,5,1,5,2,3,4,1,4,5,1,4,3,4,2,3,2,4,4,1,5,1,2,1,2,5,5,3,1,4,2,5,2,1,2,2,5,2,4,0.56000999482114588,0.88860220320250338,0.48281594825794816,0.19294563132852272,0.058060181370643393,0.16772037007259333,0.97393932360239432,0.25867699894073515,0.37691362638718295,0.6014932422007272,0.51152518676359848,0.63322883697399546,0.069229886884117908,0.54389075202571735,0.038371740406108468,0.29994210196520932,0.98468783525396797,0.69690629513897562,0.49835265558477349,0.37613255909336096,0.3649153144542947,0.028504957133766884,0.55383643468470767,0.18690338932963224,0.79095037789641542,0.93809331638988125,0.10873778121649935,0.50938226765731676,0.58669815142378523,0.98082196546488576,0.497148306145617,0.8973025924812783,0.74537939002123377,0.28858658718786523,0.6919047884992342,0.087524840590987751,0.89446978652183118,0.73836057943761124,0.83042606372201488,0.72509634865953754,0.79717912376183919,0.059874503385588862,0.38511084848573474,0.91385607762574717,0.42058848820759354,0.72142663016219677,0.057120343408235241,0.11465382607717178,0.99283244878050581,0.90019868246235391,0.2447462146573387,0.56672403223782875,0.87761834615960521,0.86793790001235072
sample,D105,train,0,1,1,5,4,4,3,1,3,3,1,2,2,5,1,1,1,2,3,3,1,4,3,5,3,1,5,1,1,1,3,5,4,1,1,1,1,4,2,4,2,4,2,2,5,4,5,1,3,4,3,1,3,2,3,2,3,5,1,5,3,5,5,1,2,2,5,2,4,1,4,4,3,2,5,5,3,2,3,4,3,1,1,4,3,3,1,5,5,5,1,2,2,2,4,3,2,3,3,3,4,2,5,0.55916009005464573,0.8097328916043347,0.2352578613495323,0.34162588807360883,0.0092273989558905312,0.89811426355795665,0.37208229700634354,0.62023484101225879,0.092315738120267388,0.52153750670153709,0.05488599341317757,0.31560384834704069,0.65787623952184515,0.22076594212282408,0.75018447660553689,0.7181409118021389,0.43165971569938733,0.43592723916842868,0.47718720557802552,0.89117553696865426,0.046305018657842645,0.14351238797366428,0.37615477127953156,0.71629864594554604,0.28805545687090484,0.7937581583280976,0.78524444347599032,0.32867662138576359,0.7628459895977292,0.62896497934145468,0.835989717052528,0.016049309205535156,0.092744455086227973,0.11236866126062961,0.62418994079745405,0.13448013363208644,0.036201021419426604,0.26799497981513809,0.94971303810706431,0.43961443084453433,0.80048434556818004,0.30953097412547925,0.75267226997328407,0.81703945726255789,0.71128803845079147,0.91808427728624586,0.28068873711371478,0.56860451666390444,0.2960717641388656,0.44681590917489633,0.2052272482175016,0.22979482153925213,0.33634828514972115,0.97137652170587463
sample,D106,train,0,0,0,4,3,2,2,5,4,4,2,4,3,1,2,2,1,3,3,4,5,2,5,5,1,3,5,5,2,4,5,3,4,5,5,5,5,4,5,4,3,3,3,2,3,4,2,4,5,4,3,1,3,2,4,2,4,5,5,2,2,2,4,3,5,4,2,5,4,4,4,3,5,4,1,3,5,4,4,5,4,1,3,5,4,4,2,2,4,3,3,2,5,1,3,5,4,4,4,2,4,2,5,0.274153702286979,0.19287672164781966,0.62461408544052244,0.024110417436800757,0.14041259895824598,0.38618111337108074,0.041299519954961172,0.74445260050444084,0.46663794223022736,0.19596001615864955,0.90539367245162161,0.28833613573949368,0.44558986176511073,0.95756257430461911,0.72098322474824028,0.29689415022744203,0.33585695935491,0.89475638885832476,0.9920364280981735,0.36950734810471852,0.76052398407976363,0.14890018849975084,0.35363875568869185,0.4236387378815496,0.68149850635158393,0.80739142795092722,0.18559427329249623,0.61445359856241344,0.63827666341267297,0.81659046413878367,0.60329027092359044,0.50879849889715367,0.20633567441343348,0.1664058851955722,0.080528957582992944,0.16762633883074218,0.51816962455331927,0.54115922404379335,0.17475019637876121,0.36060430045023462,0.30062610191897221,0.4198530464445267,0.058546542607236352,0.72954742078645751,0.71975146599191819,0.13156665427385827,0.080299145101825675,0.84453481481957671,0.91975039017873217,0.86663272478151787,0.43581330597916568,0.71749758863621926,0.014168858333708623,0.6001411032632592
sample,D107,train,1,1,1,4,5,3,1,2,1,3,2,5,3,2,4,2,5,5,4,5,1,1,4,2,5,2,2,4,1,1,1,3,1,4,5,2,5,3,3,3,3,2,4,1,4,3,1,2,1,5,5,2,4,3,4,4,2,2,5,3,3,3,5,2,1,4,4,1,3,4,3,2,1,5,4,4,2,3,1,3,5,4,2,1,1,4,2,5,2,5,2,1,4,2,5,2,4,4,5,2,5,2,3,0.55916264921355063,0.44397709650679951,0.26481201198627458,0.00024959766092647051,0.024888552409388143,0.93860117343553362,0.2086975327838636,0.84291633461795212,0.64421938552776836,0.42204081136984806,0.7785932152667604,0.34986602050462579,0.90133845065207596,0.0079513284508716531,0.10377703352789747,0.098585797907934647,0.23753246782006887,0.48088485628188671,0.24925629244247971,0.7487362689526853,0.36870902759986857,0.76155907067674,0.74718710565013169,0.65165991851594574,0.3137861971181175,0.52058437889168796,0.081575013873149693,0.57243585189586843,0.70999832552672293,0.58813704573148295,0.30923627949894605,0.86285961357061991,0.48699500140006324,0.13857720684012431,0.75474562343159168,0.83978075081544801,0.35323224379940721,0.6533355491105981,0.18550099818147081,0.026874797988615473,0.79372655461182828,0.73999299148993547,0.8269080130976092,0.14476164858109752,0.45072512120639907,0.83245132865941629,0.35366243399627184,0.18789165805448793,0.94127968227921643,0.62548204938855356,0.99179221852783739,0.87860942551647792,0.78353749691578822,0.26769604287645343
sample,D108,train,0,0,0,1,1,4,1,3,5,2,5,4,4,2,5,4,1,4,3,2,4,2,4,1,3,1,4,2,2,1,4,5,4,2,3,3,5,1,5,1,4,4,4,2,1,5,5,3,1,1,3,5,3,5,4,3,4,5,2,3,1,3,2,1,3,3,5,5,4,3,1,1,1,3,4,5,1,1,3,1,5,1,2,3,3,1,1,5,1,1,4,5,5,1,3,2,2,2,1,5,2,2,1,0.66934915691717722,0.93712769802222695,0.85363573907313117,0.097404644787541073,0.35142091262383623,0.81270773128939122,0.83336573151694671,0.37935781792620449,0.24096837087052703,0.98251340574595503,0.98053947669356745,0.53447029571813076,0.25415363378377898,0.78688668567330122,0.63618917030561939,0.44981739329564729,0.75456813501180298,0.042748619719899184,0.089025968137634304,0.22231331628684337,0.87583775242180217,0.010108745782469453,0.93316940632909051,0.12861213764502677,0.44756815690556151,0.43970668086322973,0.96274084711665298,0.50151708849274512,0.12891283640076201,0.71167616641087439,0.028807123987012906,0.18909841522098181,0.56296936546395804,0.59978770541616178,0.99478734043832884,0.94923489771678304,0.84329397632695779,0.44971264512841869,0.15754393702092795,0.18469616194877791,0.3857942563283534,0.87888518122319614,0.44690945056455966,0.73381020118011586,0.94132036752050297,0.98101054439868052,0.21886671316076267,0.18694161529954645,0.15472915044882218,0.41509200614181485,0.73488224714945083,0.72420332925425912,0.87851368531896723,0.75861443932571637
sample,D109,train,1,1,0,4,4,1,3,5,4,5,4,4,5,1,4,2,4,4,4,3,4,3,2,3,4,1,2,1,4,1,3,3,2,4,4,5,1,5,1,4,2,4,2,3,2,3,4,1,2,1,1,3,3,2,1,4,1,4,3,5,4,1,2,4,1,4,1,4,5,2,3,1,1,2,2,4,1,1,2,3,1,4,1,1,4,5,4,3,1,2,5,5,4,5,5,2,4,5,4,3,4,3,4,0.21219685534193433,0.51460802748157997,0.54845346178505461,0.32456775824733153,0.36506423000796639,0.43497855067596658,0.83405647374048408,0.27044794400113126,0.62639800521017974,0.1431970362278483,0.49208469064213589,0.97979747297732445,0.13400351147576661,0.9003877706244422,0.21136281846593408,0.50978156492855486,0.65377299854838633,0.70007709907588489,0.26360615325654302,0.28830742256970188,0.91470321800127585,0.71467977707348307,0.0033475646278202653,0.94845920655014437,0.83126861662017781,0.2119454169836783,0.98351012791376635,0.023331198600422876,0.46742448482236587,0.56254662293215107,0.97688478850088145,0.28557310590526541,0.46279626430111698,0.98309874466195368,0.40098106655525168,0.4942895309745482,0.97204711113310893,0.17590687353137691,0.76801135521418895,0.85803397473423881,0.69668754842614988,0.033782471157982052,0.27257149230957678,0.30913197766351086,0.92631495971092936,0.24592211708598188,0.64350306249072176,0.4895230098937996,0.81061317657313503,0.88378726801925001,0.36442685549752829,0.11857865061575867,0.69375356262130605,0.3887048506318368
sample,D110,train,0,0,0,2,4,2,5,4,4,5,1,5,2,5,5,5,3,1,5,2,4,5,2,4,2,2,2,1,4,4,1,4,4,1,1,2,4,4,1,5,4,4,1,1,2,2,2,2,5,3,5,2,1,3,4,4,4,4,5,5,1,3,1,3,3,4,3,2,1,4,1,2,5,1,1,5,4,2,3,2,5,3,3,1,1,4,3,1,3,2,5,5,2,5,2,2,2,1,2,2,5,3,3,0.3120136631336683,0.8005434018349048,0.64818652443850833,0.70449150682623352,0.839088351292408,0.37880135074330634,0.72770723038731389,0.30432712794975603,0.62677509674544973,0.11422214698730249,0.57940858145168672,0.67067509234423395,0.22666434052166073,0.14800131558755336,0.34038566695930084,0.9875438971866155,0.062416179790373949,0.10542292515051754,0.99540598093193933,0.70705241895641024,0.66207743876381819,0.017878418099127491,0.63587001327668324,0.81886307412638759,0.4983855716218859,0.52528179145368648,0.70868279209065221,0.35583025431702109,0.56995500086767026,0.044824547410472149,0.0024525510027313402,0.95159187033326453,0.086649723370326504,0.60093886608951674,0.57805548508588156,0.030104267415289487,0.033661043135290503,0.24561810452205535,0.82871919455257392,0.089415538494155733,0.0025380689265460665,0.27358648299258093,0.11034523368120108,0.4364029336526577,0.96810181322160072,0.67022438039270726,0.74611861575539673,0.53110543844682667,0.66997768480371245,0.053324290632128513,0.13893763409304072,0.1857083509948616,0.85375280153020594,0.28026278376436475
sample,D111,train,1,0,0,2,2,5,4,2,2,3,5,4,2,4,1,1,2,5,4,5,4,4,4,2,4,5,5,5,5,3,1,2,4,1,3,5,2,2,2,2,1,1,2,2,3,3,5,4,2,2,1,1,4,3,3,5,1,5,4,1,3,2,2,5,3,3,4,3,1,3,5,2,5,1,5,4,5,1,3,2,3,5,5,2,3,4,2,2,1,4,2,4,5,1,3,4,2,5,1,1,2,1,2,0.55259638809126332,0.87074235314203541,0.7632845911992292,0.66530262868881207,0.41040896267555582,0.84829124154575253,0.2479353784146876,0.49744908409339506,0.418125421914739,0.38048767644881454,0.1806083852521112,0.47882044369105314,0.6474576295863721,0.70944283245716,0.16645017594678513,0.79622630992264731,0.90218772797124158,0.80213072570428423,0.96144064869389867,0.26406338418973219,0.58476811914432625,0.1481643430419104,0.84676178499328913,0.1696560919892115,0.5095489516086078,0.21604451729170437,0.45202608424859481,0.90668930307986628,0.74549836253479729,0.14987941189827947,0.5195172069826135,0.57411096527631578,0.034070190802958367,0.42255500515174138,0.53457885789758675,0.52038968707846067,0.26493741638481583,0.3998559461607285,0.084327460101899288,0.20565631154831521,0.90231392190337123,0.14336831536278316,0.43937575222619485,0.68242443017415133,0.70532710955409905,0.095452325335506183,0.36519457153816437,0.021238945671067655,0.36926095600219466,0.44661171395855637,0.65624198402585132,0.75875570407601844,0.63144823846426557,0.81971010562618929
sample,D112,train,0,0,0,5,5,4,4,4,1,1,3,2,2,3,1,2,5,3,1,1,5,3,4,4,2,1,2,3,5,3,4,3,5,4,2,3,5,1,3,4,3,2,1,5,1,5,4,3,4,2,4,5,1,4,2,3,1,2,2,4,2,1,2,5,2,3,2,5,1,1,4,5,2,3,3,2,2,4,3,3,4,1,1,5,2,1,3,4,1,1,1,3,1,2,1,3,2,1,1,5,2,2,1,0.90488594715144621,0.80355352308315853,0.94309279788452849,0.59816826729731098,0.66500003427537235,0.29710538193533942,0.44525648117032257,0.43736920174625871,0.2416411866899959,0.51112448375361719,0.79595460151980613,0.56059925242897091,0.99146265476467932,0.7829512723940133,0.9327039578158004,0.7424403703502539,0.27446371638798195,0.7358029397457051,0.3487893017158975,0.25915339100903789,0.83251779761681366,0.78639848289193737,0.21836419494078485,0.81527852038022453,0.17135458194892561,0.58529772814938885,0.59652595137746189,0.27819973605342641,0.20074612695918548,0.86082022638022504,0.37873999202372333,0.84211130079434593,0.17564400161389648,0.20357067232338455,0.31842580002259457,0.99481784196929324,0.37112577137416169,0.68174866758365715,0.36965694534175708,0.02110622593436795,0.90477940793486455,0.34063487107913137,0.65008831861670191,0.99002191804257833,0.50733747738723178,0.10815544586552972,0.74076887017393356,0.89289671535936588,0.9588055189646697,0.57820474279110556,0.082808603249610147,0.5362482794598955,0.79066523867882732,0.71214739123635296
sample,D113,train,1,0,0,3,1,5,1,1,3,3,4,5,4,3,5,3,5,1,3,2,1,4,2,3,1,4,2,1,1,1,5,3,4,3,2,1,5,4,4,1,2,2,3,2,3,2,3,1,5,2,5,2,3,3,2,1,3,4,4,1,2,3,1,2,3,5,5,2,4,2,3,3,1,2,2,2,2,4,5,1,2,3,3,3,2,5,2,1,5,5,5,1,2,5,1,1,5,1,5,1,1,2,3,0.05981301698480479,0.9206035101329445,0.92869088376636189,0.29173797854755545,0.052638183110568448,0.33683765311536018,0.58863846229597805,0.0077078929142764263,0.8647746935787578,0.14501781160485427,0.68921103738070799,0.1548523823987924,0.77253864052990784,0.32568027380526532,0.36485706656632222,0.79251504731763689,0.96234350505250654,0.96966385116567788,0.55575273027222849,0.15932513613292076,0.60060396829875629,0.70897859670737429,0.28038386256779346,0.3656303849356719,0.14498087103424084,0.050532547736714117,0.46274827144828545,0.19877518809255723,0.6204494480569942,0.76566607522786456,0.36093609668114301,0.87774482279886246,0.50898259031465676,0.64492444620728417,0.1783795642796201,0.090477561521748018,0.44040041699241295,0.38201412791019462,0.72773973833408512,0.24010283514094488,0.36804503594031712,0.50656508380207932,0.4135809760947341,0.69075678780293548,0.87223773045139497,0.82822144367043837,0.25459432333563181,0.21949177920726359,0.18899793685926358,0.20170414488577471,0.52689092500271251,0.89926812743945017,0.87547417848341191,0.73932247646054206
sample,D114,train,0,1,1,1,4,5,4,3,2,3,2,1,1,2,5,3,2,5,3,1,5,1,3,1,1,3,2,3,1,2,1,3,3,5,5,3,1,5,5,5,3,2,2,2,2,5,2,4,5,4,1,5,4,4,1,5,5,2,3,1,4,5,5,4,4,5,5,4,1,3,5,1,2,2,1,1,3,4,3,3,5,3,1,2,3,2,1,2,2,4,4,5,4,5,4,1,2,2,3,2,2,3,5,0.6412486482151778,0.25993697006795735,0.60531540682609297,0.52704915357853555,0.52395172823405578,0.54211520097322452,0.22399288533059336,0.46015986649916796,0.91672351606821445,0.16639132184503558,0.037167301690600452,0.43229036797313602,0.82743670280541715,0.29505663533494708,0.25052394656270927,0.92620771640891486,0.37764593165945826,0.12975281397560479,0.51124685410511672,0.87872382743339073,0.59457137066126753,0.90585894969093239,0.39997915319325317,0.20420916158360369,0.27982516817339564,0.66482383636192222,0.89510306291896646,0.016456427686710517,0.062430882196661042,0.93241980170541972,0.46186085726976989,0.53675071498610838,0.23931503606176485,0.69702796708157511,0.20935874973462099,0.76952491260722533,0.22562924569696352,0.014411160152259295,0.35580998160285593,0.17165415870156719,0.0010931674960220628,0.78716911985133675,0.90805980809652442,0.12758696829609339,0.84933328486375059,0.27527923544618427,0.25933724829591398,0.73655778780009062,0.97417400017854638,0.14323200203486652,0.3369638555638339,0.47787570914151223,0.34151431308982505,0.75427936278891861
sample,D115,train,0,0,0,2,3,4,2,2,2,1,2,1,4,5,1,3,2,1,2,3,2,2,4,3,5,1,5,2,5,5,2,3,1,4,4,1,2,3,3,2,4,5,1,1,4,1,1,3,4,1,5,5,5,2,5,4,5,3,3,4,4,5,1,5,4,1,2,3,5,2,5,2,4,5,2,4,1,4,1,5,1,3,3,5,2,4,4,3,3,1,2,2,5,1,3,2,1,5,5,1,2,2,1,0.44855010230485715,0.28966477593474915,0.98906975796677299,0.12446855514221011,0.91547436834885731,0.86610523592862654,0.65888898009399366,0.77413556310639198,0.5902795273956728,0.475867432359805,0.48902026155710132,0.45812280587529963,0.086074799165712479,0.87454120039454575,0.24407344168230527,0.16825621176954575,0.72456518466709263,0.72717815993850221,0.66346699645988227,0.61616064206271182,0.32183098089183315,0.072423355544573464,0.21548214666795018,0.61643869696490883,0.24661456555311645,0.27404869544618404,0.14871162276878769,0.71079436330383183,0.21294098148421459,0.98228252189645116,0.035418460302249155,0.44148011674752818,0.13851108151869107,0.90072837933331995,0.087073892689521259,0.41004808112554547,0.25011225740473242,0.16890551844547974,0.19251884117629925,0.75000337285826413,0.8415458402540823,0.37172530140690696,0.1569561320142705,0.55071664833088574,0.8989094131215799,0.77880623879338051,0.5984236100156769,0.3418418778434632,0.27743807017562871,0.042670964253545551,0.72498093699828603,0.7775964835286272,0.1863082587365319,0.98021660852208425
sample,D116,train,0,0,0,3,3,1,5,3,5,1,4,1,4,2,2,2,3,5,2,3,5,2,4,1,2,1,2,2,3,1,2,4,2,2,1,1,2,4,2,5,2,1,5,2,4,3,1,3,4,3,3,1,4,3,1,2,5,3,3,3,5,1,4,1,5,3,1,5,5,3,1,5,2,3,5,4,2,3,5,4,2,3,2,5,5,5,5,3,3,1,5,1,5,4,4,2,5,2,4,2,5,1,1,0.13573138392870621,0.19375215704591764,0.55292313184060315,0.20526249540451125,0.55031281685386435,0.098425512727704167,0.4262091796851456,0.0035212728736209176,0.35472570110494184,0.61637697608508291,0.55736724132286575,0.5746365188150403,0.50286766477549671,0.88989246089490148,0.066589651959683249,0.6250426335764544,0.34683971283299309,0.10441090152999855,0.76497782083854116,0.15638100286480006,0.76469200031430862,0.024170033855356432,0.52475459480208364,0.021821104660176394,0.38247000401889353,0.59557912024227655,0.79478673318673954,0.84254215079323791,0.40706470593990551,0.75714346636157226,0.15729312846262766,0.13236104618570932,0.31556967413608261,0.37428756578928513,0.65483689938915268,0.94740964997578014,0.01598018176524385,0.86748756480945077,0.3018762301918454,0.80221916262313075,0.67228963858473145,0.69252919070151964,0.5468371806038681,0.33939906986516721,0.18818935112376534,0.88707327467321329,0.083719921929482632,0.45328398064191633,0.40431906444424548,0.58139429209904225,0.190794185714389,0.2284564546767881,0.40149103628539506,0.16794677421899373
sample,D117,train,1,0,0,5,4,1,1,4,2,4,2,3,5,4,2,5,4,5,2,5,3,5,1,1,1,4,2,1,5,5,3,5,3,1,4,4,5,2,2,2,2,3,3,4,3,1,3,1,3,3,3,1,1,5,1,2,3,5,4,1,2,4,2,1,4,2,3,3,3,1,2,3,5,1,4,2,2,4,2,3,1,2,2,5,5,1,3,4,5,4,5,1,3,1,3,2,3,2,5,4,1,3,5,0.8347036750435658,0.3539399047823889,0.57437889206374226,0.76703603432599188,0.80116392311039863,0.11438285728476194,0.37950104450938715,0.22371546837907552,0.57600164465692028,0.28625268538424053,0.87166616020491061,0.77229040923495973,0.49731160931387886,0.71088687909856896,0.1585803321545185,0.33554631697447956,0.60212814222195188,0.86285936355556792,0.61788598590373323,0.045720901623123922,0.49162785585499758,0.4952204044222922,0.86022656751901494,0.73332377773438207,0.94395175310373791,0.59790976096507964,0.198395608035424,0.81333208912143529,0.66624310325665115,0.065719710964093347,0.28759424947329282,0.89430237881957753,0.42091566994320817,0.18118998419861787,0.49479432342884289,0.9956999972970807,0.95124574288786612,0.95811703069240461,0.78924612147522122,0.2242062123022337,0.29049844287214421,0.35637816891433349,0.59610018859886371,0.31475558622216304,0.96669046552144222,0.30860336609001882,0.74611320703681483,0.065027152064814242,0.9434059502605614,0.79506432270801941,0.84867248357431391,0.088118404065492095,0.47610286182318418,0.027051860019376428
sample,D118,train,0,0,1,5,3,4,1,1,3,1,4,2,1,1,3,5,4,3,2,5,5,5,3,2,3,3,2,3,1,5,3,3,5,4,5,5,3,1,2,5,1,1,4,3,2,4,1,3,5,1,2,3,1,4,2,1,2,2,2,5,1,2,3,5,1,1,4,1,5,5,1,1,5,3,4,2,2,1,2,1,4,3,1,5,2,2,4,3,4,4,2,2,5,3,2,4,1,1,5,2,5,2,1,0.41036615729981674,0.59278826366884285,0.53843242052420615,0.34392730971653407,0.10686219671366148,0.60635864235074355,0.13638751593627141,0.60554509446591498,0.69743519112593744,0.54160217829803869,0.38771360176315028,0.80117784650906865,0.69632494109400911,0.94528565300609635,0.39226380996547949,0.39219165957556856,0.50898099633647143,0.81937800563884311,0.074041745540806558,0.87847168654108521,0.09079407759697522,0.94866557325584411,0.58424686061092845,0.57677570519987398,0.48933715693767166,0.33786959765114022,0.65167414025865011,0.66493832534562791,0.31913888166055904,0.68902246212362894,0.4600360514212023,0.16105704194291892,0.026084808059358866,0.47555214348401287,0.15727708394008211,0.58282345233297972,0.20372866795001865,0.96481331758135158,0.09940144472159862,0.064049447936390891,0.77357407299629499,0.76381226857046847,0.29548812703951488,0.48683331628327153,0.44715871698939524,0.64459389350981589,0.37100127750778578,0.14275062136977357,0.6209502639436143,0.76662554038327424,0.46732635125774991,0.23206004739286545,0.44924207571822039,0.7279129791882275
sample,D119,train,1,0,0,4,4,3,3,4,3,4,1,2,5,2,4,4,1,3,1,3,3,1,3,4,3,3,3,5,3,4,4,5,1,3,2,1,4,1,4,3,4,2,4,3,5,3,3,2,2,5,5,2,5,3,1,2,4,4,2,5,5,2,3,2,4,1,3,3,3,5,1,1,2,4,3,1,3,4,3,2,3,4,1,1,2,2,1,1,4,4,3,3,4,3,3,3,1,4,1,4,1,5,5,0.041883440154777518,0.71137520521782927,0.11442866342701563,0.050470813066410991,0.57078960163710624,0.94410525746084462,0.35585828228178906,0.84775659505268752,0.47522569675080562,0.62850289679747928,0.21770377074674951,0.1336123080013103,0.12295683786983236,0.055808544397847104,0.22704947173593648,0.0220807575539953,0.58726246943316629,0.47422861919818238,0.18036045596891992,0.076879436414175384,0.55351194288753647,0.46798410096921206,0.9055612505256645,0.42210030360024364,0.20865981539121992,0.073998292762549434,0.36882237629963976,0.79525980857712852,0.74434196052088653,0.9214579772971786,0.19286299685672126,0.52693183346448458,0.040289163790113269,0.14998832701349907,0.07267301405981641,0.97326291590983494,0.9686096180562993,0.43093694888313205,0.60377348065746617,0.61545575547531661,0.89367705040666567,0.77015830039254751,0.8156076252365988,0.15857972212658644,0.54669444660398803,0.28952236972736978,0.37189619008460317,0.59895214083500015,0.10654114920650293,0.79303709001428591,0.03784964184222972,0.62890359658238415,0.095124335662298609,0.9736108663903007
sample,D120,train,0,0,1,3,5,5,5,2,4,1,5,3,5,1,3,4,3,4,2,1,1,2,5,1,5,1,4,3,4,5,1,2,1,3,2,1,3,3,2,1,3,3,1,2,1,3,1,1,2,4,2,4,3,2,5,5,5,5,2,1,4,4,1,1,4,3,3,1,1,2,4,5,3,1,5,3,1,4,2,1,5,4,4,4,3,1,4,1,2,2,1,4,4,2,4,1,5,2,1,2,4,2,4,0.54610815436048643,0.63647028360884406,0.34969522247507245,0.52918627489952186,0.5907290123079334,0.68340647029769608,0.78251581143963744,0.11269183514349157,0.76557005221768293,0.9908068803261626,0.47150953167895959,0.13606284238324562,0.6024098539009638,0.43481460645281522,0.14151499915096477,0.73919339031365627,0.15076156299594035,0.72861897631880579,0.2009689151145988,0.1959536070929756,0.97149810407032355,0.20962153325053201,0.030945129493059609,0.48776683454411929,0.46928801365858397,0.29563980119466227,0.99631201263416724,0.12200146747804341,0.83113722771697285,0.55104822930775288,0.5484799723128142,0.88625022212014892,0.27662607483547996,0.079468752922744468,0.65722020635818246,0.23969237843290436,0.1329790524208917,0.18431458395670752,0.4095848592481478,0.41219591249077692,0.039494280318597141,0.76242352825121928,0.99232468979366206,0.91651472771356979,0.92464436571195319,0.77227207350027138,0.15221899445861387,0.42350721660428337,0.72604113000240722,0.62155193031147682,0.83143499712082425,0.61852600243181877,0.68313642246557205,0.26188996308949186
sample,D121,train,0,1,1,5,3,5,5,5,3,4,4,5,5,4,5,4,5,2,2,2,4,2,4,4,2,4,5,5,4,1,1,5,2,3,3,4,5,3,1,1,5,5,5,1,5,2,1,5,2,4,1,1,4,1,1,1,4,3,2,3,5,2,3,2,1,2,1,2,1,1,1,4,2,4,3,3,4,3,2,4,2,3,3,3,2,2,4,1,1,3,2,3,2,1,2,3,4,3,4,1,3,1,1,0.81781284685870614,0.14052066641752281,0.86983320133105912,0.10076123345856547,0.94243785017827431,0.89926574714454888,0.51104739803625654,0.84561381528368607,0.14834236575762905,0.24719574085984475,0.076551625146024427,0.56207575492209838,0.74046682596756108,0.60183322334858114,0.77194058408469401,0.4277647665624752,0.86086527411792513,0.44407938621987619,0.95937368635800147,0.46303203491907563,0.91892712628651396,0.22606401644385032,0.93748912327180334,0.75234444839350922,0.33462080759135593,0.47644622932289926,0.2637675272486647,0.87756216041232382,0.4104673290728913,0.74274570367793202,0.063026521409916714,0.030073798209573788,0.86649725147074741,0.5216610141535386,0.4874114690240039,0.83328033103689025,0.26954227790079888,0.99426914201966843,0.78291310402509173,0.90085185420123404,0.91050911822323555,0.96609508659315846,0.10336553531277293,0.18471994956754212,0.59938424622945852,0.32120367568904817,0.18378639684556786,0.79413545593016643,0.65309101937629976,0.62711228044668588,0.80668658295274553,0.24565245052144113,0.53170677273813804,0.41234896601181303
sample,D122,train,0,0,0,1,4,1,4,2,4,1,3,1,2,5,5,2,2,2,5,3,4,2,1,4,5,5,1,4,1,2,4,4,3,2,2,2,2,5,4,1,5,5,1,1,3,4,1,1,2,4,2,5,1,4,3,4,4,2,4,3,2,5,5,4,4,1,5,3,1,2,1,1,1,5,5,2,3,1,3,2,3,4,5,4,4,1,4,1,1,5,2,5,1,3,2,1,3,2,5,2,3,1,4,0.53534068819666136,0.2765798388381514,0.41074452536953077,0.69567414302685282,0.044257206164492691,0.095977918011674879,0.8660224691692916,0.88270034292066968,0.52172516623000831,0.46136403608351473,0.75497562485525294,0.95874635226762106,0.070204568371626808,0.41795592195193387,0.66961026554181335,0.051609956722556971,0.36990439101457018,0.39274844778829487,0.065974230092287978,0.28585564549540243,0.24742708555701809,0.20639975843747049,0.40764094365038106,0.82856952485022639,0.96753390973716891,0.26893970652095855,0.22120781111963628,0.6963994445224917,0.25052637267048372,0.072682482606774901,0.79134218286148039,0.29981930193351025,0.98808550804682171,0.0060373728151709161,0.49745272581735112,0.74397474085074222,0.97493480478208916,0.73469619458179802,0.173522888839026,0.90012316799534842,0.49516687165267348,0.86439041889339208,0.3706248049244244,0.37110078886606246,0.68964302755074913,0.6392451956231413,0.88605419568855226,0.93380764126820059,0.58687801011297469,0.064950382593898182,0.37130790173044403,0.34807746048122201,0.29221928008448017,0.44319059170615338
sample,D123,train,0,0,0,4,3,4,2,5,1,1,4,4,1,2,4,1,1,5,2,2,5,5,4,3,3,1,3,1,2,5,4,1,1,3,3,5,1,1,5,4,4,3,3,4,3,4,1,4,5,5,1,4,5,4,2,1,2,2,3,2,3,2,3,2,3,2,1,4,2,5,2,4,1,5,3,3,3,3,5,5,2,5,3,3,5,2,4,2,3,3,2,2,2,1,5,4,4,4,5,1,3,4,3,0.40722200706645217,0.31838305659761013,0.71460608201591092,0.91358023528946497,0.45746729520842611,0.29377628413189394,0.37799250697702336,0.64221175096322958,0.053676367551121262,0.84802453604310879,0.96801033606657616,0.65335622502999691,0.45908573680331943,0.77280125015425249,0.83061886299840471,0.68920154902338737,0.35838277707740707,0.24423866079803713,0.11270370390801165,0.40336225612807186,0.23269758405208285,0.87821648001260622,0.81582083987018683,0.11714931319426636,0.39076124855586336,0.90872677047126182,0.19150857829679169,0.94239742801279469,0.57792449939713564,0.61356084535609967,0.63383945680251708,0.95750454222427495,0.89658887230068474,0.17416285056920633,0.26639348351860426,0.17679945369827554,0.6987798149894946,0.0046067530196546302,0.13101270936079379,0.67303576825803013,0.44572894442090538,0.41890960114869358,0.30942432881619442,0.72418911407989728,0.59571385696552825,0.53108613014970674,0.042919473841648959,0.015604598397761293,0.048794268995880685,0.76569029335913941,0.45398260844937011,0.90788145905081319,0.48382041552437438,0.30519443274778313
sample,D124,train,1,0,1,3,4,3,2,2,2,3,2,3,1,5,2,5,2,5,3,5,4,1,3,3,3,3,2,1,1,3,4,3,5,1,4,2,2,5,5,3,5,3,5,4,1,1,3,1,3,4,4,5,2,2,2,2,1,3,4,2,4,5,3,2,5,3,1,2,2,2,1,4,2,5,3,2,5,2,4,1,2,2,2,1,1,3,1,4,2,5,3,2,2,4,3,2,5,1,1,2,2,1,2,0.39997737514237452,0.096137236986225894,0.70862236286984404,0.72072961190573304,0.28462038754167818,0.057526382926521458,0.79270583804683081,0.34496007710304821,0.68896627106425168,0.26391376624018714,0.16217387336359568,0.9378454186614783,0.94910252493832081,0.78295709187648821,0.98448605944711209,0.44537499101636902,0.73811799329556982,0.31070893302227198,0.77326559032401254,0.30714995644966658,0.81444604462355441,0.65016030347625375,0.014887828120474511,0.95194778526623658,0.73615486709432998,0.00031138253155849061,0.16143818942563826,0.10364698261484862,0.039424074790308961,0.40838033861919554,0.90212672082036827,0.17876111593311417,0.95817497673518393,0.83263459805890983,0.52937063548728547,0.50371135200842332,0.48931983187734085,0.90617220038254065,0.75290926698607319,0.46323798629740498,0.78961372741661084,0.32356824757635072,0.37618427358582596,0.671471403033706,0.65931221404829021,0.92052997313875551,0.44772774703884666,0.38879469968842473,0.90660805261852462,0.11853141066473671,0.86799881092413322,0.71263762003865139,0.89133195116301867,0.19204818350905428
sample,D125,train,0,1,0,1,1,2,1,3,3,1,5,2,5,4,5,2,4,4,5,1,1,5,4,3,5,1,5,1,3,5,3,4,1,2,4,5,2,1,4,5,3,5,4,3,1,4,2,1,3,3,2,4,1,1,5,5,1,4,2,5,3,5,1,4,3,5,5,5,4,4,1,1,1,1,2,4,4,2,5,4,4,3,1,5,5,4,3,1,4,4,3,1,3,1,3,2,5,1,4,4,3,4,3,0.60814391021202874,0.79395697669290199,0.048813723206430626,0.09165949997674927,0.58864891392258822,0.50007250354984512,0.52173566299785845,0.70108183747229291,0.024703233591467866,0.75204991257844023,0.46436060633862697,0.3046511770712711,0.31004135665212207,0.96922542059718209,0.76533554071166421,0.21207373659456141,0.91855627910303217,0.69245277209654177,0.45194277027235241,0.86919879566669989,0.62072807293462628,0.89781255340115784,0.75644404303450052,0.53269420517687771,0.51995557649036228,0.46270134705317001,0.28851260213460084,0.71449255209425311,0.81294763161617833,0.21730429267512286,0.94596041350476201,0.98233266810580577,0.78039180972378686,0.53308066297336831,0.20635261230297619,0.54305525156555057,0.014555735966735761,0.37034766088923532,0.066256624511472628,0.55257774191407261,0.058900248743099293,0.38639359513794658,0.42094929702802641,0.53449662408513088,0.41711893428009472,0.64562298018099962,0.15748502986269297,0.61551687265763899,0.03251436003077135,0.095736979597257577,0.56195647258183756,0.65934301322943178,0.53414985451926544,0.34693984201125638
sample,D126,train,0,0,0,4,4,5,1,2,3,4,2,3,5,5,5,5,2,3,1,1,1,4,3,5,5,4,4,3,1,4,5,3,3,1,4,5,1,1,3,4,5,2,4,2,5,1,1,4,4,1,3,4,2,5,4,3,3,1,2,5,5,4,1,5,5,5,1,2,1,1,1,1,1,2,1,2,3,5,1,3,3,2,2,4,1,3,2,5,2,4,2,3,3,2,5,1,5,3,2,2,3,4,4,0.91933903507458969,0.77181212860305015,0.41701465742094945,0.79497314513507689,0.89564096631556511,0.99509218413690259,0.50879577484274774,0.78691351186934222,0.65051928465520281,0.13123995976231984,0.51896223706638278,0.47654015808786276,0.53688211741303304,0.5282546231894768,0.65948502683308274,0.46341740538208953,0.91877092665832916,0.61784840094738158,0.46681110777615664,0.41112924340790902,0.29309503563811912,0.46059218763753051,0.31234762568157926,0.018267422265028643,0.58979994356844645,0.87127874774209435,0.67501648571415762,0.18006565775082772,0.30652540409265994,0.72627821883521049,0.86925749173671962,0.1901937766397428,0.92537656823341452,0.7079307581474501,0.78773014272398967,0.311322738598523,0.017892060372533103,0.0095742468607542541,0.49873832266961804,0.62737419521363291,0.28704399988219664,0.96204884035309268,0.60957675042537296,0.27828148759633764,0.77927215684127049,0.037228808257246282,0.57655907054215183,0.32366726714675631,0.19875748172297392,0.95499682729581326,0.99645477827112372,0.46789098615436664,0.34161966086692996,0.20671977764789051
sample,D127,train,1,0,0,1,2,2,4,2,4,4,2,3,2,5,1,1,1,4,5,2,1,4,5,5,1,4,3,3,2,5,2,3,1,5,3,2,2,5,3,2,1,1,4,1,5,1,2,4,3,2,4,2,1,2,1,5,2,4,3,1,2,2,5,1,4,2,3,5,2,1,4,4,4,1,2,3,3,5,2,3,4,3,3,5,3,2,4,5,1,5,4,2,3,4,5,2,4,1,2,4,3,2,4,0.95094072646820582,0.860398834569294,0.76441478952615982,0.91892436837518232,0.88343651257617983,0.25827434870728472,0.28686004034297219,0.064983763888159185,0.13621918194739335,0.65017497624033982,0.69103621363061785,0.20218998577255498,0.18410665090281753,0.845985599111163,0.083374095280534521,0.99388239311988069,0.35096308813045707,0.65216294448360956,0.9862028021284398,0.042103769404955416,0.064142606397526225,0.83648013446270642,0.25399518553811218,0.51385262117456976,0.2941046060513558,0.55878386868957108,0.31048655606553877,0.80193190817942461,0.093477259811781899,0.48509426592302873,0.45974482656572935,0.68958926924218378,0.012778866804712519,0.21759417439221063,0.98614305778488975,0.59523851117068038,0.93844837307302997,0.56089141397926945,0.32390102525508058,0.99862139644367431,0.87054496961671668,0.7051641869251104,0.33890602320342733,0.30314941071081214,0.27196636923738027,0.97562406436043236,0.39157494454953923,0.36859732428954051,0.36004777567890744,0.6107675257615629,0.20894960544863361,0.56007988731001535,0.01427796195877673,0.097374963496133393
sample,D128,train,0,0,1,4,4,5,1,4,1,2,3,4,1,1,2,5,4,2,4,3,2,1,4,2,4,3,2,4,4,4,2,2,2,2,3,5,3,1,3,4,1,5,2,3,1,1,2,2,5,3,1,2,4,1,3,5,1,4,5,1,2,5,5,3,1,4,5,2,3,5,2,3,5,5,1,3,4,4,2,5,3,2,3,3,1,2,3,4,5,4,5,5,2,1,2,1,2,4,4,5,1,2,1,0.47140073792654624,0.9790494711395108,0.2936634197721637,0.80335454393812289,0.59827875486252302,0.76546684825468092,0.82357501974458747,0.3310310527006165,0.46373443154438654,0.50341455051145656,0.54079603177833313,0.8833549242014348,0.1408286940702943,0.40598331105906715,0.93663262597488683,0.95923323470994781,0.86386119953833151,0.75182556154774416,0.3812395041160489,0.30235880536467419,0.32595939368371052,0.68941397767819901,0.96398403117413101,0.15598422009952861,0.98360758843275353,0.081211700423060362,0.039611995826464685,0.23927952761180116,0.4247203988452134,0.42873094042966065,0.20102753980604293,0.045600841978947426,0.73594577614720424,0.52944341660001526,0.70697819693247976,0.75954570802044619,0.43162790618703006,0.76628933019504641,0.63076577543326995,0.74648660379595522,0.020445555644221569,0.00902960863015978,0.66291092181300926,0.72280995738584253,0.23568551245507563,0.44149619660842998,0.094765714132404533,0.2334515678043555,0.56674393552161084,0.60085561609228733,0.48283738109332952,0.17403658111890929,0.21495160573187622,0.73852229102940814
sample,D129,train,1,0,1,3,4,2,3,2,3,2,2,4,4,3,5,1,4,3,5,5,5,5,5,5,1,4,4,4,3,3,2,5,5,3,5,1,5,2,4,4,4,5,3,3,3,3,2,2,3,4,3,1,3,1,4,4,1,4,5,3,2,5,3,4,2,2,4,4,1,3,5,5,2,2,1,2,4,1,3,4,5,4,1,2,5,5,5,2,3,2,5,3,4,1,2,3,5,3,1,4,4,4,1,0.56931121017309205,0.41193418122091607,0.28341329738340126,0.93744334824128484,0.72898411835751165,0.085619426798336895,0.5925966761740673,0.60367012801510056,0.30568723460208835,0.6593191610946959,0.96609311348416305,0.75450382576584518,0.82829412019773963,0.018239420890281188,0.22736152489644357,0.46420351480708699,0.041406004332540824,0.19655260847281153,0.3552173295866613,0.86896545853024931,0.82978355764385126,0.35313517917708392,0.72897019676065755,0.78242092320918266,0.95801902699002517,0.19301653201595392,0.64750132749032141,0.2100039711395173,0.28557010945857542,0.37339717271570005,0.40523231784570979,0.98538930322987484,0.33038775679545207,0.63246183900978492,0.23816426131659529,0.5840379179428572,0.92099957190872417,0.43577426204263237,0.0021669821108282195,0.10302559060759031,0.50001967441273831,0.48942755246831615,0.22668224194203923,0.039206284099846278,0.2419415512138865,0.74613379668027424,0.93139009110168214,0.067244137069408461,0.88251950907592469,0.41233372144860581,0.38558178503586238,0.42030512388596697,0.10148363165850971,0.26185005872493106
sample,D130,train,0,0,1,5,2,3,4,3,5,3,4,1,4,4,1,2,3,3,3,2,3,4,2,3,2,4,2,1,1,4,4,1,2,3,2,5,3,2,1,2,5,2,3,5,3,5,1,5,4,4,4,1,2,3,3,1,1,3,2,5,2,5,5,4,2,4,5,2,5,3,1,5,4,2,2,1,5,3,3,2,3,3,5,2,3,4,3,5,4,5,3,2,4,5,5,3,1,1,1,5,3,5,1,0.68769834761808146,0.63981613961961137,0.25975278326248818,0.4660413270636522,0.5051330895692645,0.96125851670047668,0.14910015885190597,0.38927500983833507,0.25407226443802278,0.46517176621537359,0.050630918196652108,0.48265194820299895,0.57969987045309646,0.60791116905930653,0.48881332864138882,0.92527455341763387,0.52602926617715373,0.5915103514348552,0.5420246600599552,0.67193726019379441,0.83224642776871771,0.71477268516815551,0.31777678739387694,0.81703004957951253,0.87354350959273108,0.51008111908208176,0.52079647272603524,0.14300208164643946,0.19873864521580054,0.15542677981232011,0.74333247829808446,0.063396739678391323,0.41399615653922694,0.26904699363649887,0.88308301242937193,0.58394359842279164,0.14540913537955358,0.47297693357195636,0.61088224507217959,0.51247861672245032,0.32193368050772753,0.52097210788565496,0.11194279971610543,0.35006224087680571,0.96766577757739347,0.24279684179803895,0.1457919995003063,0.9683901952093108,0.19663515845669532,0.12875362423683234,0.1570175118895063,0.31391170674055069,0.92056136718734916,0.18160915048815984
sample,D131,train,0,0,0,2,2,2,3,5,2,5,4,5,4,3,2,3,2,3,5,1,2,3,1,3,5,2,2,4,3,1,2,3,5,3,4,4,5,3,3,5,5,3,2,3,3,2,2,5,3,3,5,4,3,3,1,2,3,2,3,4,5,4,2,5,5,4,2,2,1,4,3,2,5,2,1,2,1,2,2,1,5,4,3,1,1,1,4,3,5,5,5,4,5,1,4,5,2,3,4,4,4,3,4,0.28978891190012424,0.42735315739878854,0.96930609510945531,0.92963998914026724,0.82980773764349147,0.33484805116946637,0.77244807914595159,0.75599928348669954,0.031826771446512137,0.30590237915965535,0.74813137731202295,0.79524446460259968,0.23094629082030771,0.95597858783851819,0.27361578133735853,0.37179214519783521,0.98553414206462642,0.74619521514173337,0.88700890838515112,0.39098909556782258,0.20929914422180262,0.74488941149582855,0.48279571540580546,0.33346289236492332,0.93599509058863095,0.32263039087775169,0.19945194288371382,0.21690204004547686,0.96253622746201994,0.9823673159720997,0.79830241135337654,0.90284276154959975,0.19401691352293238,0.38037509171457062,0.77389035567827269,0.30475630928802366,0.16263607320228823,0.96309862256254763,0.92232670918468529,0.38127148053047621,0.72880650674826342,0.19579281103573898,0.94230998809270206,0.99581698101049854,0.20857169502409922,0.54465934775999403,0.59518787081603197,0.97206921514328315,0.40970951528558264,0.98497547482015602,0.35351548086127815,0.16641891507957585,0.027199539705090814,0.58934218695722296
sample,D132,train,0,0,0,2,1,4,5,2,3,4,2,2,3,5,5,2,2,3,5,2,5,4,1,4,4,3,4,2,3,4,3,4,2,5,2,3,5,1,4,3,1,3,1,2,1,5,1,1,2,3,1,4,4,4,5,5,2,3,2,1,3,1,2,5,5,5,2,2,2,1,5,3,3,2,4,4,2,3,1,3,4,3,1,3,2,4,3,5,5,3,5,3,2,4,2,3,2,3,5,1,3,5,3,0.56599124023995839,0.50707127336380575,0.088299739129345745,0.1894012078974352,0.12708490999435595,0.44116642743019707,0.89252098429936089,0.5116227380316426,0.069584183658695342,0.54601170692168477,0.60182918658640838,0.78639550378034739,0.54094137837040535,0.63589500005957389,0.068965104977850578,0.16798736188632424,0.246595239575787,0.13429336901339772,0.37844901353188121,0.33060616079362681,0.32706833572292449,0.71992317260813876,0.069165259718270256,0.1769013221859026,0.42662434780757119,0.28230626998595887,0.91671202412138297,0.0089833883275364235,0.65223681152833513,0.40645945947066009,0.94190269767789103,0.082440221333944685,0.59434413346111892,0.2246267928817326,0.97075106822369495,0.61771702080085489,0.43490401739051254,0.35628041774084751,0.39942453339781758,0.3005960798445696,0.95593077899320678,0.39214102707463794,0.55679525839419519,0.90016656112715765,0.93088413610784215,0.26054556653206218,0.80265181658767604,0.0082484281768366863,0.68891918227236715,0.047691877059202525,0.14005746183413725,0.49739308403468274,0.8523486073195643,0.042332351201284868
sample,D133,train,0,1,1,2,4,1,4,5,1,5,3,3,1,4,4,2,2,5,2,5,3,3,3,3,4,4,2,5,4,3,3,1,2,4,2,3,4,4,4,2,2,5,1,1,4,5,3,2,3,1,5,3,5,1,1,5,2,4,4,5,5,1,4,3,2,1,2,4,3,5,1,5,2,2,1,5,1,2,3,3,1,4,5,5,2,1,2,4,4,3,5,5,1,2,5,2,4,5,3,3,1,5,3,0.57737081771052257,0.11364586855843439,0.55681420531434678,0.66778131109741767,0.32235877443755745,0.38573715490833793,0.29574542472046583,0.29049793170789773,0.62129190008478874,0.49728704939044999,0.34879105991358739,0.42156433039306229,0.49368028085450077,0.34633615786099592,0.095328607730561621,0.72023244523008811,0.63462098907977771,0.06590790458378204,0.69457021923171514,0.93270028802926253,0.51156930347823848,0.43731274114125329,0.69730757138572841,0.47317925653163673,0.88912443186781431,0.56144191691595058,0.098596066988129172,0.66501754427589232,0.9396671962907488,0.76554446242116481,0.1540149409151389,0.34724399515996318,0.73517693924243821,0.16059329827046398,0.34814617382131186,0.078622832204425008,0.135038881289961,0.96296862657780691,0.65610634153482272,0.99587516037349055,0.20875134540658991,0.094927868932997206,0.13721161323407383,0.060412507560085649,0.52118860949905721,0.1543922655779566,0.42972409315125348,0.7326550370248367,0.44235660304334867,0.64485030041113567,0.2399682669935268,0.32940163890626384,0.89875637085884319,0.47166575754669604
sample,D134,train,0,0,0,5,1,4,4,5,2,5,5,5,3,2,5,5,2,1,5,2,3,3,4,4,2,1,1,1,4,4,2,3,2,2,2,5,2,3,1,1,1,2,2,1,5,2,3,1,3,5,1,1,1,5,2,5,3,4,4,3,3,2,4,5,1,4,5,4,1,4,3,2,5,5,5,3,1,5,1,1,3,5,1,1,2,5,4,1,5,5,5,4,3,1,4,3,1,5,4,4,5,1,4,0.30441188502198946,0.17614315259178159,0.43209721519186084,0.44529951393763079,0.19861166291892129,0.87667245052499687,0.57261164761763961,0.94250593773535507,0.95412491303504265,0.96272125886581728,0.21220811954657393,0.0038992163462647778,0.44577027166872396,0.92950815264056363,0.58815847890715578,0.50843294949238327,0.35465703064463894,0.29686257737417809,0.57095237250787301,0.86586861321607145,0.0064240541102388304,0.45546698660091145,0.2894495708829774,0.41500384859100048,0.036365842960970229,0.51692498698749945,0.14509352118028263,0.32132904667141771,0.67099382312926947,0.39067294291354626,0.58672190983472627,0.2005606239505574,0.65249365780302171,0.5870859465796443,0.49201519000083582,0.2759347586734392,0.82541015893718395,0.79641353830184525,0.23692810975401413,0.62422261440546301,0.2828083016997559,0.86861788924802152,0.37880000172340633,0.23665445425850395,0.50181724893062085,0.18664079181704496,0.0025707533112324654,0.95163697863509811,0.11526433952072512,0.42129057061809783,0.96599770160379539,0.71739515542551868,0.59737659733852233,0.97596484882087053
sample,D135,train,0,1,0,4,3,4,1,1,1,5,3,1,5,1,3,1,1,5,3,3,3,4,5,1,2,4,2,3,2,2,5,1,1,4,5,1,1,2,3,2,4,1,2,4,3,4,1,2,1,3,5,3,3,3,1,2,5,4,1,2,4,2,4,5,2,3,3,4,1,5,3,5,1,5,1,4,4,3,5,2,2,4,5,2,4,2,5,3,3,4,5,1,5,4,5,1,3,3,4,3,4,5,1,0.73795711746348569,0.61597545136425957,0.3190541375046555,0.26197245984039996,0.32815239421761733,0.93588653777274133,0.77365984216776817,0.54160038251972886,0.29578733348076924,0.015573002029571681,0.26989133804774113,0.16492641380693318,0.47525238844750151,0.2997668536025403,0.4985401590380828,0.062823681978962376,0.8494537118092661,0.98402346185478529,0.41215670757260792,0.68607873554107668,0.5200183829868632,0.055336946246095753,0.70720778736709133,0.20859045661220521,0.48104336784006374,0.074987672468488364,0.19927204268545917,0.65002219331657196,0.97630541197395493,0.96113809662866845,0.99631031009902682,0.98045526190477139,0.44078996023971184,0.62758288902429438,0.19335286729634271,0.091820328285381447,0.069335584148801588,0.95925496402903832,0.5604077113407181,0.80423534492973547,0.75274463905540756,0.22532601741201863,0.46347679430029309,0.81572184449191687,0.79346452686117197,0.53743670798491117,0.048907498786476045,0.26756965792118892,0.09698900585740089,0.21826321368580037,0.077235096112178714,0.0020604027452580942,0.13789082247600404,0.9946112542087503
sample,D136,train,1,0,0,2,4,4,2,1,3,5,1,1,1,1,4,4,1,3,2,1,3,1,3,2,4,5,4,2,4,2,3,4,3,4,4,2,3,3,3,2,3,5,4,1,1,5,3,5,3,4,1,5,4,4,4,1,4,2,1,3,3,4,2,1,4,1,3,4,4,3,4,3,3,5,1,3,2,5,2,3,4,3,2,2,3,4,5,2,5,2,2,4,5,4,1,5,1,4,2,5,3,4,5,0.27830502486288444,0.49975062087191846,0.90318123690965935,0.75543225645041101,0.84057891905923376,0.16724522538768793,0.13638677276775824,0.47385521681318088,0.047197284950286966,0.041056724810385914,0.42438894223349866,0.24617984662785275,0.39932606570313178,0.83187872003959906,0.43204468256257589,0.10622712185984873,0.59013323730427159,0.57144032276590018,0.017637596879637507,0.26232778969759785,0.26191247969026221,0.2113314492096644,0.23208784978207708,0.73848649187388027,0.63485372014715458,0.99782570492803968,0.72253949951133434,0.7574152818525185,0.046975403562742324,0.36322155859522054,0.81999262367201164,0.54402826308301677,0.43374495930887724,0.046939816426608605,0.23493577136399291,0.58845063909894257,0.071517614852075972,0.40318919011532883,0.74552225133688022,0.75657103122950331,0.20013212722410711,0.94649027860665735,0.34001290417879682,0.26848298213347277,0.30163799880890629,0.94203368211308136,0.96348758684990932,0.84370204504263469,0.42914735136623539,0.15945373835360022,0.93982228191944273,0.23049569407188331,0.39360776127332364,0.098818109976844926
sample,D137,train,0,0,0,5,2,1,1,3,3,4,5,3,2,1,1,1,3,3,4,5,3,2,4,5,3,5,5,3,2,2,2,5,2,3,3,3,1,3,4,4,2,3,5,2,2,5,2,2,4,2,4,1,3,1,1,1,4,4,4,4,2,5,4,4,5,3,1,1,2,4,3,2,3,5,2,1,5,5,4,3,1,2,5,3,1,1,4,1,4,2,1,4,2,4,5,1,3,3,3,2,2,4,3,0.63487523858544159,0.076094720915222402,0.096663505454433696,0.74648016205043355,0.46339824184567635,0.85871695837928708,0.12372624090970097,0.73149242091169775,0.71117601882296611,0.42388586741678325,0.37798995293199722,0.044248327143139754,0.52650983575166688,0.55332126029008155,0.13294842625972114,0.93257067167650698,0.087498034308235995,0.66815993084444381,0.84347670138200859,0.18852760372890431,0.62990167768194871,0.58595311059617383,0.096798083887264963,0.76457305700883538,0.8038841547629697,0.8367858561021726,0.89164373506587769,0.77429330686483366,0.95945232485570664,0.62680011080977938,0.41759250292377781,0.12100019099404991,0.85786821699546434,0.64098437905378236,0.87909141343726938,0.079087197388850616,0.58177554830753442,0.67042903389882436,0.93878029490209813,0.65997903808324332,0.026446799700263424,0.8766925466907296,0.96090271293861429,0.00031538791873342298,0.95486760587041719,0.27837721811912752,0.57004981273578836,0.18646330403161659,0.35754177488702121,0.20783450515288104,0.88758683123924109,0.86102848280011834,0.47235685680066175,0.19445148613410523
sample,D138,train,1,0,0,4,2,1,2,3,2,5,3,1,4,2,3,3,3,1,5,5,4,5,5,1,4,4,3,1,5,3,2,1,1,4,2,3,4,3,4,5,3,1,2,1,1,2,5,3,1,4,3,5,5,3,4,2,1,3,4,5,4,5,5,1,2,2,3,1,1,1,1,4,2,4,3,5,3,4,1,4,2,3,2,4,4,4,5,4,3,1,1,2,3,2,1,4,4,2,2,2,4,4,4,0.15102992523426495,0.2393502586407662,0.11541275262885253,0.22420484090062887,0.74493915999307247,0.84219384196878433,0.43906655093152613,0.22541145959080511,0.16543962403724666,0.61542170002786467,0.024916489994905477,0.53430509050214137,0.3738393590736363,0.56473320652633996,0.51953861482298203,0.057133284999695721,0.46769050677329871,0.28533347493953531,0.40750860571501135,0.0079334635739276571,0.96765686203868961,0.91163214561715411,0.45586655427159462,0.17085874364552034,0.35861902841859061,0.29813107415530016,0.28978227923117383,0.78975498727502957,0.14346498623754866,0.64489895020034005,0.59398075245027038,0.25592260810546663,0.9696331222519321,0.49728375676746317,0.49009912482346685,0.18170882625193052,0.70052343005329198,0.44819046425783282,0.3625279995842029,0.34203353238492828,0.015007411051727315,0.10593388601619391,0.1743901264492641,0.086604356036053765,0.1273803004467976,0.15204798679542209,0.0066677392815421843,0.21432546476715808,0.61684428552822124,0.99910141265673968,0.64834182217322722,0.42890385020156119,0.17616893444579906,0.2497065697570181
sample,D139,train,0,0,1,1,3,4,2,5,2,5,1,5,5,5,2,1,1,4,1,2,1,3,2,2,5,5,5,3,4,3,2,1,3,5,4,4,2,1,2,5,3,3,3,2,5,3,2,2,3,3,1,2,4,3,3,1,2,5,3,1,3,4,4,5,3,1,5,2,5,2,3,4,5,5,3,3,4,1,5,3,2,1,4,2,3,3,3,4,1,3,4,1,4,4,5,2,5,5,2,5,1,4,4,0.5173124591934406,0.39529789870088705,0.78391302845429489,0.12335921387392657,0.28541567691397407,0.30465734687512958,0.13604422720289722,0.56136666090900689,0.29150462250092912,0.63785265172368011,0.78905476688453324,0.33903488774441537,0.87436121300015368,0.89372874254650025,0.19839996644971147,0.05064449904515389,0.044521495867499761,0.99734707353107765,0.92151276851045716,0.87195954395987862,0.15487829816383192,0.10819256508797637,0.72493280876342159,0.43017811150547747,0.34549487281939029,0.41443582859467754,0.20311255278711571,0.19150546390347778,0.23886318120068939,0.55365795124980266,0.35155194814754398,0.88866526947762126,0.89487130782386304,0.02315257980288965,0.042352657552770179,0.084465803444186416,0.80929216694207518,0.5741933850476072,0.4833604842019793,0.41800127779156937,0.65783755366106145,0.80305334484091673,0.91414621972818033,0.66155585009396844,0.93706245345756334,0.94476139390906377,0.12842533310839399,0.41201860808852453,0.83820241969363563,0.32331478066292041,0.7439013152766637,0.076740405870125206,0.78349617694785023,0.10559250369110962
sample,D140,train,1,1,1,2,3,2,3,3,3,4,3,5,3,1,2,4,1,4,2,3,2,2,1,1,3,5,4,2,2,2,5,4,4,2,1,1,3,2,2,5,3,1,3,3,4,2,3,1,4,4,4,3,3,3,1,3,5,4,2,1,1,2,1,3,3,5,1,5,3,4,2,1,3,1,4,3,5,5,2,5,2,1,2,5,3,4,4,4,5,3,5,5,4,4,3,4,2,2,2,5,2,3,2,0.60126482416266025,0.065849869069775413,0.99722993279801619,0.048197856455387433,0.58308965249935596,0.024402277498724589,0.88773338987342676,0.37119472113995045,0.92119785790354813,0.92301273459403055,0.4038819289227441,0.75834391863876671,0.46571533598835546,0.96697756340244767,0.05233135308808623,0.15842690103295931,0.8447201557963776,0.71365643825994407,0.52210139099877362,0.75629175505339308,0.19831478181802542,0.99575816372576376,0.54137968301103412,0.1813949018074249,0.97469252199144618,0.10257287433005036,0.063842822252789921,0.75405340998019721,0.75144004722023117,0.98583030075455924,0.93883020474293777,0.16588705333803455,0.4106115504512009,0.38248672543419193,0.92390338359492785,0.33796288226842719,0.88041494279662025,0.52793427316139852,0.66463027568256761,0.60282550084696762,0.58112688018690462,0.14160521123891157,0.9880210665435305,0.37563184067804134,0.86958385860283371,0.37082963114830803,0.60173699702478611,0.86017489989705553,0.73543541539875656,0.5181872832950063,0.5940778023979687,0.088900583848046,0.43643413138643095,0.22316314930627867
sample,D141,train,0,0,1,1,3,3,3,5,3,4,5,5,1,5,1,3,1,2,3,3,2,4,5,4,3,4,3,1,2,1,5,4,2,3,5,1,3,2,5,4,2,2,5,1,1,2,5,2,2,5,5,3,1,1,4,1,3,2,4,3,5,2,4,2,5,2,2,5,4,2,1,2,4,4,4,5,4,3,4,5,5,3,4,1,3,3,1,1,3,3,3,4,5,3,4,3,2,4,3,4,1,1,2,0.31354009988658249,0.39392552681015647,0.26021291232734867,0.42379664468360767,0.56214041711957774,0.89303796345884723,0.25371467923793445,0.4150926574918925,0.63287992843720609,0.54356397720572791,0.4470865465503765,0.54605944998215927,0.26437834125882853,0.44457160183283495,0.6358179738839731,0.7817328121359377,0.49626877321035323,0.87205969959551077,0.45929953914792931,0.53122489778133664,0.67420217424048434,0.090320897656035681,0.67895613525033405,0.20193930495924761,0.08256812961822213,0.54891365012286308,0.40886874794102968,0.21389346633502959,0.41427746817692623,0.71804011037179549,0.64788498271179584,0.49462310675684207,0.64590250049451858,0.60360261347576349,0.028030214907736051,0.50396418315315517,0.54232312880669586,0.31451095399339035,0.68389901687789112,0.47874528734653454,0.75590834230935655,0.91457994676822851,0.80208427499358537,0.088853309258687507,0.58128974851206827,0.69010973327411473,0.78713840950410929,0.95566429010947451,0.23662320230099132,0.58442196386611167,0.6469490367511499,0.92180168825035924,0.027003066268814102,0.25719769063441877
sample,D142,train,1,0,0,2,4,4,2,5,2,1,3,4,1,1,3,4,5,2,3,1,5,3,1,5,5,2,2,3,4,2,2,2,2,5,3,5,5,5,2,4,2,3,5,5,5,3,2,5,4,5,4,4,4,4,3,4,5,1,4,2,4,3,5,3,2,4,1,5,2,2,4,5,1,1,5,4,2,4,4,4,1,1,1,4,1,2,3,3,2,1,4,5,4,3,4,3,5,5,1,5,1,4,2,0.022745073847235897,0.46322855166149501,0.3314031874103992,0.46718768436311064,0.58132815965171436,0.27447276461197434,0.94319064514785822,0.87551656150115731,0.40379255918738055,0.1476365086750614,0.92810390178632851,0.19956660636457468,0.26826603213689082,0.11537353764059644,0.47329107867548714,0.72401534608240647,0.19467809950395665,0.64455422112983451,0.80644304968857849,0.17985516598445772,0.81262017732964564,0.72576140400662092,0.1175656590171934,0.9470669133330879,0.75839917302042736,0.75670075020942917,0.46171034796726529,0.036604064290342797,0.13870914349750929,0.70130428608559403,0.50773350088844926,0.20769355504716425,0.47886892361534394,0.14201700069417145,0.15713144062304463,0.57363970970270073,0.096622683406648924,0.5829689651887191,0.84830120623959537,0.31802366507040791,0.075080661753379241,0.14573874521116026,0.95453378421238433,0.66838541186410416,0.81910516315384219,0.60602871696672345,0.075418033858687505,0.3744655509104422,0.23376385449034331,0.30750790999091215,0.36974801504984445,0.32631957336288508,0.8378970897801723,0.8942068078491866
sample,D143,train,0,0,1,2,4,1,5,1,1,5,2,1,3,3,5,2,2,4,1,3,5,4,1,1,2,1,3,1,4,1,5,1,1,5,5,3,1,4,3,3,1,4,5,5,4,2,4,4,5,3,2,5,4,3,5,2,3,1,3,3,3,3,3,4,5,2,3,3,3,3,4,4,4,4,1,4,4,1,1,1,3,5,5,5,1,1,3,2,5,4,1,1,5,2,1,2,4,3,2,1,2,2,2,0.067891371928510691,0.2434447969208221,0.3211512960612718,0.9866749419425217,0.028496876911166757,0.76200766678521659,0.062660763497112582,0.88233119175256614,0.036116269386603173,0.3295901080096536,0.22674491436804411,0.88569570313146406,0.65092073108243087,0.18094785554322235,0.21874428117196199,0.60062765341599833,0.30774451797895641,0.97346109278445314,0.78175028772036492,0.66884725556057867,0.047715974227970026,0.93682699587913809,0.67237425651870431,0.84489494521172892,0.19320348540109333,0.040285345738169887,0.024248098192476641,0.9569033610507004,0.32342322549540381,0.46139175892058493,0.74108335128331593,0.75545563845956265,0.50174348724329043,0.52779935845801063,0.32277974854222957,0.93718582064158062,0.15092214783300495,0.37016594864327768,0.22260087549531737,0.68318363956521488,0.50008200425257154,0.26136437429257364,0.34417699158330661,0.23404881791992871,0.65017583956774605,0.044611380886397378,0.93958566383837261,0.98524487683903339,0.35905884632521767,0.99800649945549891,0.69017782865834754,0.84574835291645645,0.73593839185808529,0.20864201876739696
sample,D144,train,0,0,0,1,3,5,4,2,2,3,5,4,2,5,1,1,5,5,2,2,2,5,4,2,3,5,1,5,2,1,3,1,2,2,4,5,4,5,4,1,4,2,1,4,1,2,1,2,5,3,1,5,3,4,5,1,4,5,3,5,2,1,3,2,4,1,4,5,3,1,1,1,3,2,5,4,3,3,2,5,1,2,4,2,2,3,3,4,2,5,4,4,5,5,3,2,3,3,4,3,5,3,1,0.97602002424497325,0.50342490386521077,0.27338761942622569,0.65465822119717854,0.097396358982681175,0.17169946811508918,0.62499696441541208,0.066090589148698031,0.78185636214248899,0.76170214964897487,0.70288256439271779,0.57227343010526865,0.56333883509954163,0.38188038292286208,0.45772205837829216,0.058617513540874189,0.94340299163609675,0.69994188042493011,0.23520686366529808,0.76796111568735925,0.80000441283392865,0.46788597592406178,0.50344077235695728,0.28840273097682112,0.2493136896990189,0.36718740990752108,0.28983942706108334,0.38299583457444619,0.56969432313648694,0.41194347120353825,0.33237560613054429,0.47299349782070488,0.89995535823464401,0.81309668689107384,0.97753812091682302,0.79799313294166729,0.22628689430613225,0.12181788280457162,0.29017378041202113,0.82546682285148099,0.75042642402576787,0.11363517696253722,0.015657071151989665,0.68397344985262332,0.40832006737861548,0.97293180570669346,0.98817456906358003,0.4880126946651413,0.48546020778228804,0.31783373924748559,0.95191906334513088,0.8436127735964144,0.67347744474131277,0.38771312754163278
sample,D145,train,1,0,0,5,3,1,3,4,1,1,5,4,3,4,4,2,2,5,4,2,5,1,3,1,2,3,5,5,5,2,2,2,5,3,4,2,4,1,4,4,4,5,3,1,2,1,2,1,3,2,3,3,5,1,5,5,1,3,3,2,4,3,1,1,5,2,2,2,5,5,1,4,4,4,4,3,5,3,4,3,3,1,3,1,2,5,1,4,3,4,3,2,4,2,5,5,1,2,4,3,3,4,2,0.65537965944818588,0.66054361082041935,0.59661836800160595,0.062299654363255019,0.027994276152122466,0.20041576639842174,0.74098257251774124,0.68478510107316681,0.063382554291793847,0.86746394523277415,0.88598935255059286,0.21314289041421308,0.9013774324273458,0.35189000293668671,0.40926790672350111,0.42560790923164737,0.12734665833051428,0.16201356125148192,0.52922378483093724,0.94832345594140011,0.70509447493759092,0.46204874845862032,0.0041339604002500474,0.23838227319015248,0.80248224700137061,0.70549874710382343,0.16139077777306898,0.69341271783633496,0.036273466960631828,0.97371178798183278,0.41148906995004597,0.55423683392944068,0.56319723854617021,0.47823195163316823,0.59564769831779518,0.66440153924117462,0.22686676501047753,0.62614828172040804,0.37732323854918204,0.51682506946280826,0.0047410057404239092,0.28739375734315542,0.49715847570203975,0.22332563259391114,0.71609507435134512,0.19534742485097289,0.38440198967283412,0.48911957763538549,0.51921085957231083,0.85105615679045876,0.50707926234197032,0.23384175977693178,0.24950295763437125,0.39275801180944814
sample,D146,train,1,0,0,5,1,3,1,1,5,3,3,3,2,3,2,5,1,2,4,3,5,2,4,2,2,3,2,4,4,2,2,2,2,3,5,1,2,4,3,4,2,4,3,3,2,3,4,2,3,5,2,5,4,3,2,3,3,5,4,5,5,4,1,2,2,3,2,4,3,3,2,2,2,3,1,5,2,5,5,3,4,3,1,2,4,2,3,3,4,5,1,4,2,5,4,1,2,1,1,2,1,5,5,0.95016479453448555,0.57597534523336436,0.1504747592664013,0.34287278400660548,0.61199172113309686,0.97588169366365574,0.13678210819463221,0.67167054462066977,0.47048585450584413,0.71716180933462081,0.2606482108346545,0.84974486474986577,0.75962644234075605,0.62243148901276124,0.44819426003880103,0.15693027987976327,0.44496369188765694,0.26147100061722273,0.13257084279231934,0.55198095411897485,0.8014070511450222,0.26388258413020838,0.50064729650311057,0.75409492082084539,0.1745892944242724,0.87475980066824255,0.40892757986258943,0.2496349987606008,0.12791824922678918,0.61725169215050135,0.79223552993387059,0.97895198403455519,0.74484305660075267,0.46102512384330785,0.45766167689469406,0.39278635419289987,0.96721574631509455,0.19575540197588626,0.054501239332421014,0.87285966077453836,0.26152318449273926,0.78515016822002148,0.12856329994707894,0.080531428218083678,0.59829785715348593,0.017703100045510234,0.78799692238389807,0.21566077198303102,0.20069092863449622,0.78672252160256184,0.65598506573295756,0.60979299894411065,0.87985611643758366,0.050278507073569623
sample,D147,train,0,1,1,2,3,5,1,4,4,1,5,3,1,1,2,3,4,1,2,5,2,5,1,1,1,1,4,3,3,3,4,4,4,3,4,2,1,3,2,3,3,3,5,4,3,2,4,1,3,3,4,5,5,1,2,2,4,5,2,3,4,3,5,1,5,3,5,3,5,2,3,3,5,5,3,1,2,5,5,2,1,2,1,5,5,1,1,3,3,2,4,4,3,1,3,1,5,1,3,4,5,2,2,0.89181558533206684,0.69341121535424444,0.87056391829014257,0.26206010196083418,0.45595745984845748,0.44803522875933177,0.64842093385142296,0.077772821005134052,0.051905492742826631,0.95046305900640693,0.32084870683786326,0.4118825064713969,0.82217699201513927,0.15025079948913145,0.99114489965044661,0.9993493023284955,0.71921238424905287,0.3736120826300493,0.42717783917702046,0.061510198753697121,0.40301248351010288,0.25612876109189753,0.19232941065116127,0.25933965635511524,0.052452204986203954,0.93529353749440614,0.059124640971527365,0.46303375733634511,0.49370816067005263,0.83327443079234398,0.24808958052550956,0.79739888538816273,0.67616924729614347,0.36438130349408149,0.64365292184183387,0.2119457560093807,0.36039429609787221,0.84768266262841974,0.50865835513739865,0.41571301797514482,0.31699364276612352,0.61686257534464739,0.19547093076081834,0.86604010643286122,0.95796052232380258,0.32959917695293517,0.59772178534387921,0.062380205309294112,0.66964213647654225,0.16739645530551217,0.023987644087630211,0.90741802218998047,0.41118397139251783,0.35661021330343567
sample,D148,train,0,0,0,1,5,5,4,4,4,3,3,2,1,4,1,5,4,1,2,4,4,3,3,1,1,1,2,4,4,3,3,3,5,2,5,4,3,3,4,5,5,5,1,1,3,5,2,5,2,1,2,3,2,1,1,5,2,2,5,2,4,3,4,2,3,2,4,4,1,4,2,4,5,3,2,3,2,2,3,2,1,3,5,3,1,1,4,3,2,1,3,1,3,1,3,2,4,2,4,2,3,3,2,0.92268422131414429,0.85153920659205018,0.67043923439267927,0.78795340500285782,0.92713355837564981,0.094929645809854413,0.6269725520544398,0.94477645195585847,0.49227638558030007,0.4064964037501686,0.86658940041172616,0.4280343870133021,0.98930710541165523,0.26870461182138961,0.31780065782669054,0.83697750605875476,0.068698518233092254,0.20479836559428755,0.040788354232857205,0.17980233198627726,0.5471672451221965,0.57782548811098233,0.63207515644677448,0.96590163785314576,0.030179718837157088,0.43270650980425729,0.59508914212782571,0.89092818083993586,0.55554519539561575,0.63407846304552495,0.31155568163490932,0.12687787339448564,0.45741138220391153,0.55619268160648105,0.62600713093645788,0.8660487296241538,0.40933099135107398,0.21804945926763553,0.3944047470341645,0.18699100572930105,0.73240989457218131,0.74858823263288177,0.73286038397452968,0.57311417709737955,0.70296465844030442,0.37378748601697942,0.94196631406357412,0.10614240586750434,0.38241880785395388,0.029325049248837942,0.95242028066954199,0.54349578041614122,0.024043785281175234,0.64067696108018102
sample,D149,train,1,0,0,4,4,5,3,1,2,2,4,3,3,2,3,5,2,4,3,4,1,3,1,5,4,5,1,1,5,4,1,1,2,5,3,1,2,2,4,5,3,1,5,2,4,1,4,3,3,1,4,3,2,3,1,5,4,1,2,4,3,5,3,4,4,3,4,2,5,2,5,5,4,5,5,2,5,5,5,5,2,2,4,3,5,4,1,4,4,3,3,1,3,1,4,5,5,5,1,1,5,4,4,0.2317144212820571,0.24942915998303461,0.32131890998377299,0.7689880411313863,0.23680246347598533,0.83301790393956443,0.35752428638552747,0.72903796386016984,0.57485145634632406,0.77645993234247268,0.97544601272839171,0.43949559427120455,0.19850562403260852,0.47085907342409772,0.4618726057617345,0.87798856568751804,0.33738880728856235,0.23161765905719789,0.03284184187724426,0.78549901347101636,0.84707073976297698,0.88374761472855001,0.13919526862662579,0.47896117677794126,0.53966514624777551,0.30413778015577786,0.067523192041558433,0.53216856785335021,0.24814356196187681,0.43767163936423703,0.089331006395322876,0.31130226229614522,0.8550515728363256,0.16817039030531611,0.11295076273592342,0.67264640491192063,0.56994606118261038,0.62362034772956265,0.35579866730765097,0.21938469235219149,0.12781247187657108,0.88341960082730675,0.41369415494326955,0.10106835922918722,0.62406679011990374,0.047528217826363628,0.47301751557072924,0.46460693645071793,0.30118583769323104,0.17362627969393341,0.79998180493722093,0.91003360092649366,0.26406763869059235,0.44128599501189736
sample,D150,train,0,1,1,4,4,1,5,1,2,4,1,4,4,3,3,4,4,5,1,2,2,2,2,4,2,3,5,5,5,3,1,5,2,3,1,5,3,3,5,1,1,4,2,3,4,5,5,4,5,1,4,3,3,3,3,5,1,3,4,3,5,2,4,1,3,1,3,3,3,4,4,1,4,3,1,4,5,4,2,1,2,1,4,1,5,5,3,5,3,3,2,4,4,4,2,4,3,1,5,3,2,4,1,0.73297460244768153,0.059256389951594657,0.57622874511989253,0.23947486093258419,0.18522190080518419,0.16107481417852165,0.30499974375707894,0.070673918830480686,0.94281938102727714,0.40822814760373349,0.40608293799981321,0.99843618753616858,0.12291821047442897,0.10726434354642711,0.12661640314178124,0.42442641443690909,0.32633355363325112,0.056367384768843398,0.63043936927091138,0.13260641141960627,0.088069870002456807,0.35547976430826689,0.0060463613049239751,0.98292651529472375,0.4805768085362182,0.050670344156778069,0.97400302590143939,0.82214394264865653,0.55429237423016386,0.62974158768062449,0.61112251589746602,0.25043649521313738,0.82827194402792514,0.43694329114168562,0.97632293571856965,0.40630100768953625,0.76766865904772208,0.3609083514214565,0.039459399501545867,0.34116747318614526,0.5096823531796133,0.46183413647496574,0.56423195743861065,0.33644319777670306,0.76077381555211987,0.45431470648790828,0.60026962044814081,0.68682813510911012,0.076639914196824699,0.12873873647021372,0.42919748428991256,0.73335776244599937,0.10903376726991298,0.36212219530662781
sample,D151,train,0,0,0,4,1,4,2,4,3,1,1,2,3,5,1,4,2,4,1,1,2,2,3,2,2,5,3,1,1,4,3,1,5,5,4,5,1,5,1,4,1,2,2,2,1,5,5,5,2,4,4,5,3,2,5,1,3,1,3,4,2,4,4,3,2,5,3,4,2,3,3,5,2,5,3,2,5,3,1,2,1,1,4,1,2,3,1,5,4,3,3,2,4,3,5,4,2,3,3,5,1,5,3,0.81556746697816085,0.42710380831330141,0.32936517885841843,0.65379529224043953,0.84313353568375538,0.30055842863533966,0.67315436378846705,0.53069642986121868,0.42271183429716386,0.4689828184560465,0.33080619385176491,0.806071011960942,0.38834462628328137,0.60456325659814358,0.55113192362371877,0.75015314425784163,0.88658363035498733,0.63148057597522655,0.34020653331322548,0.098529590022401137,0.97012533523871713,0.10548695792317653,0.67631989516319413,0.48943022598601937,0.066333444498817173,0.54346039280246772,0.61365547716675573,0.43064427919946657,0.18655184662882363,0.20369398159752006,0.060536267046011449,0.4303259187853693,0.043080259621402495,0.27681104194370465,0.49213149678941581,0.61027092112119097,0.93992615676265712,0.77904566839134648,0.2300767168990423,0.60000897250231999,0.14781404536589637,0.6677764292548467,0.97506304242709119,0.65384397812643014,0.83654207277728254,0.53396341244436429,0.54398625097930897,0.35520229835673167,0.021874971305302804,0.092368790920196786,0.57483424380512527,0.89067738731932156,0.35009631055496271,0.21034549811315773
sample,D152,train,1,0,0,1,3,5,5,5,1,3,4,4,4,5,5,2,3,2,2,4,1,1,2,4,3,4,5,2,3,5,2,3,3,2,3,5,5,1,5,4,5,5,1,5,1,4,2,3,4,4,3,5,3,5,4,4,5,5,5,4,1,1,4,1,5,3,5,1,2,5,4,3,5,4,3,5,4,2,5,4,5,4,4,1,3,1,4,1,5,2,2,3,1,3,4,5,5,1,3,1,2,3,4,0.20426450291984399,0.78767763797615531,0.63330516681467097,0.23164183513370951,0.3240576149114951,0.052137315037581344,0.97666869285034075,0.11635872137663594,0.98464962798784583,0.80899837804702046,0.031309453419482658,0.083329069817746459,0.48092619171880568,0.93643405979136796,0.1413426543168953,0.6209899083749284,0.84896006161900328,0.79493978619409256,0.75216800638950343,0.47219528336332406,0.48823968554397279,0.45336746380627435,0.21545781657007512,0.23618813497329194,0.088037684470565591,0.70261912517237357,0.3393878321070749,0.026930264880314914,0.37451409339309127,0.80998462578609876,0.99746575607642618,0.36518942383878594,0.74562744670659908,0.7976446917764316,0.25429899197893402,0.29613903561906185,0.044192550470185887,0.45164338848407648,0.91909120193811811,0.071255323547420368,0.93724825751041663,0.29014309580106268,0.98515921713368437,0.96541132607637514,0.81376663325090282,0.11240198868349405,0.90848996695346718,0.39370395300423777,0.11632929254277258,0.89276871106641342,0.52295481947565714,0.38509076154344501,0.5971408278283038,0.35826184513958481
sample,D153,train,1,1,0,5,5,2,4,2,2,2,4,3,3,3,5,5,2,5,4,4,5,2,4,5,5,3,2,4,2,4,4,3,2,3,1,2,2,3,5,2,4,2,4,5,2,2,3,4,1,3,4,4,1,1,1,2,2,1,5,4,4,4,2,1,2,2,4,1,2,3,2,2,5,4,1,2,2,1,3,4,4,4,5,4,2,3,3,2,2,1,2,4,5,2,1,5,2,4,3,1,1,5,2,0.41086698308423686,0.78094173614007767,0.16858881094095068,0.055386284994391355,0.79294645885080317,0.80338946719399207,0.081816283201085027,0.17949440427066432,0.80831442625916428,0.40000572431597226,0.28150785908509424,0.26710647410060717,0.29333862659394361,0.14449955785742852,0.17960832450434394,0.85878950700247392,0.90423261132321142,0.010611877885512655,0.13212215290066498,0.40012901784003896,0.49382662269931321,0.01719765672948792,0.71462460351980484,0.96348039820144327,0.20291188458219134,0.48094617108833793,0.052763080312558719,0.11047242357354559,0.80575661645361019,0.031020047203721979,0.91808193491230661,0.37449180741675936,0.089843795570045848,0.90350491727104243,0.50901778851143009,0.71901711291056281,0.14200598690160526,0.98587274529571955,0.60450143674216128,0.60642618713936636,0.15279540066458419,0.30149071962715612,0.480412002836478,0.25951595895027546,0.69847275590555757,0.36702446368526132,0.9186358676755223,0.89329851748308142,0.58315134954407333,0.12752364317331244,0.21452088870950126,0.40872826078637514,0.44872387767243915,0.65175544750793524
sample,D154,train,0,0,0,5,5,2,5,5,1,5,1,3,4,4,5,3,3,2,1,1,4,1,3,3,1,5,4,2,3,2,2,1,3,5,1,1,4,1,3,2,1,2,1,3,2,4,2,1,5,2,2,4,4,1,2,3,4,2,5,2,5,2,1,3,5,3,3,2,3,5,1,5,3,3,5,2,1,4,2,2,2,1,5,5,3,2,5,4,2,3,1,2,2,3,3,4,3,1,3,5,4,5,2,0.36212339450540565,0.67914867254275824,0.054870248919320463,0.73494487306384637,0.9730676906146638,0.069026770545575378,0.79854183818868407,0.65488579784572165,0.60063472367645188,0.49403477424948483,0.46569202880449867,0.53489988771585029,0.65065574491098788,0.33707050698631547,0.53437696454853056,0.14479015184328037,0.53102903636101539,0.22327286320065964,0.17912619570436272,0.90460134201513931,0.12840662071370335,0.88123746001219772,0.93308475817966141,0.75079815604235078,0.2731226502732782,0.55649814583850132,0.58876286787301757,0.54526877037151356,0.36561863479037671,0.32683738844721122,0.37288934309913824,0.33305495848230893,0.49836466634389176,0.25216607100587063,0.75125368742386378,0.10217940049950147,0.01834032598932589,0.21258958393416527,0.60521376389717618,0.49642330025229575,0.20182710836292705,0.056171982079814664,0.23707553285465821,0.93972472650133176,0.88925613017141547,0.95953430746812063,0.080260300645648153,0.57779358504147871,0.62347351335696755,0.93202439296099282,0.57244676771702219,0.69847424489641463,0.22867267651880718,0.43771529685819277
sample,D155,train,0,0,0,4,5,4,3,1,5,4,1,5,4,5,4,5,1,3,1,4,2,3,5,5,4,5,1,3,2,2,5,2,4,3,2,2,3,2,5,1,3,5,4,4,1,1,1,4,1,5,5,5,1,4,2,1,5,2,2,1,3,4,5,1,1,1,4,1,3,2,4,2,3,4,4,4,5,1,4,5,4,3,3,3,3,1,3,4,3,5,5,1,3,1,3,1,5,1,1,3,5,4,5,0.58458823987260977,0.6440896722280488,0.46613729444630225,0.4060824100952436,0.67788860243139604,0.87190477005747424,0.58867711523191202,0.4173274987500134,0.82146674870129399,0.26882998795415369,0.83378513197739379,0.065269688113353874,0.14322873984584616,0.076249000080076623,0.77496297450753648,0.54500303401398187,0.56795482137408959,0.54331951549022428,0.20476412339198868,0.010115069399177945,0.48600384216147119,0.81022474443352965,0.84580939437801239,0.73764683007515297,0.74585550618088015,0.26099464052685051,0.3567927046629169,0.50149775929865836,0.35702852610574254,0.24992074405272779,0.52259535611572638,0.77543817354689082,0.44747968540326566,0.87593016525834833,0.66739572867689601,0.58585550556765775,0.9292775178618311,0.16986571976029885,0.4081269975518792,0.15293925892597926,0.19457835230247722,0.28203889554855599,0.98876582613100228,0.64756380363151456,0.22721704168414625,0.86594043161405332,0.60118100600829283,0.8620784199705539,0.091524190067704292,0.92631021636402566,0.6212521372340164,0.9152807605690626,0.37205832714482534,0.54702977753702486
sample,D156,train,0,0,1,3,3,3,1,5,1,5,3,1,3,5,5,3,2,3,5,1,5,3,1,3,3,1,5,5,3,3,4,5,3,1,5,5,1,4,4,3,5,5,2,3,3,3,3,3,4,4,1,3,4,5,1,3,3,2,1,2,4,5,5,2,2,1,2,5,5,5,3,1,5,5,2,4,4,2,3,2,1,4,4,2,2,2,5,4,4,1,3,1,2,5,1,3,3,2,5,1,2,5,3,0.79134282803920852,0.34090207143516682,0.12533183932965941,0.48741567997593016,0.77395587058682602,0.36639740189383863,0.43477611465305877,0.29452387342677999,0.84899436031502917,0.51204120928065344,0.54019319111180075,0.17257843213057111,0.3914851077339403,0.74594374184284229,0.3279958631125145,0.95744198265116864,0.85397589391456252,0.91461118401825281,0.74111498094699901,0.50535222838166016,0.74077995112304185,0.15590981111511015,0.77558365171130228,0.95989248257941251,0.8136763017100529,0.95485851595203131,0.58458323404785895,0.59885786859547685,0.72844306764237632,0.099850989867701245,0.61173447850335672,0.17911383944907866,0.53455601162267907,0.87569330748577412,0.97523496305773116,0.53371591348387115,0.41694903668653971,0.089064488432379352,0.57287660103882898,0.73716398020683105,0.78017115501766421,0.81926841683572738,0.71683473277783738,0.45270735579577648,0.70730978913292575,0.45670785811832604,0.79727598065005445,0.50256467622834644,0.08025229759589525,0.01187334830900133,0.44979304902980732,0.39197678527356661,0.19979090986601411,0.061501643230692182
sample,D157,train,0,0,0,5,2,5,1,4,2,4,4,1,5,3,3,5,4,4,4,4,3,1,3,4,5,1,3,5,4,3,5,5,4,2,3,4,3,4,4,1,2,1,3,5,4,2,5,2,4,1,2,1,4,1,1,2,5,5,4,3,3,4,5,5,2,3,2,4,1,2,1,4,1,2,4,2,4,1,4,1,2,3,4,4,4,3,5,3,2,3,3,2,4,2,3,5,1,4,5,2,2,4,3,0.39336211184826086,0.97656159092519934,0.57242984538954456,0.016326346160947636,0.89451555280964745,0.65448639466909164,0.60731830321802349,0.92513234403302624,0.046712777142715711,0.29138221846811319,0.12376551804471592,0.042781638538276545,0.16475627566978523,0.20421079333432623,0.60702990148511327,0.80554506055893882,0.2142975067277828,0.00014186558628126456,0.53371874518774309,0.57101796691594087,0.3569909753916003,0.24767495846785503,0.43884110086659112,0.18800351404070037,0.69264528283056503,0.24489459829310445,0.35844571557207805,0.3572004678032995,0.44684784984057058,0.3582567804219472,0.6630246800629328,0.40667738079694382,0.42868323948455911,0.87415135678480005,0.56678770007876822,0.85829879010250643,0.9545680082868202,0.8965295129421238,0.5102958568331738,0.60862326442259351,0.023320874045087647,0.74291259628394468,0.46948714741567221,0.77827128963582348,0.21767233286264809,0.2683729150593015,0.7192028331488175,0.1881715036214292,0.8187837044391213,0.076078415866156379,0.78351655121644337,0.87970628460854106,0.28626087914627274,0.5948306565726571
sample,D158,train,0,1,1,4,5,2,1,2,3,4,2,3,4,3,4,4,1,5,3,2,2,2,5,5,3,3,4,3,5,3,5,1,3,3,2,2,4,5,1,3,4,4,5,4,3,3,5,5,2,3,3,2,1,3,3,3,4,5,2,4,3,4,1,5,5,3,4,5,3,2,2,4,4,4,5,1,5,3,1,5,2,5,2,3,1,3,4,3,3,1,2,1,3,3,2,5,4,5,5,5,1,3,5,0.84343500681406147,0.11289155923013483,0.71706332102276304,0.32924069869107409,0.83741602472510468,0.94255950112173803,0.84680111423577875,0.23980500798913096,0.9877470358484699,0.29974758882229502,0.70084019911924511,0.24379488261203419,0.86687302659762233,0.21930754511904893,0.38901282952543015,0.21785420169671932,0.060959104237129469,0.092426226782753695,0.49802905563951683,0.8736334168665475,0.78643393931574401,0.3541145481627519,0.8559269643059183,0.64749982030535425,0.87151769431482484,0.50197742129824952,0.34524738659321075,0.36169003803512934,0.77226392236790653,0.7300382033557693,0.59611071094180124,0.13843973565785794,0.46315302102230393,0.78779614799844788,0.26683423287632568,0.94671395094899979,0.25218846760796454,0.99331374035277331,0.63210329945163657,0.13107902407307981,0.88163253130232955,0.87205275766899149,0.14484331779093018,0.46704379867918078,0.16282934005730743,0.29239842983362019,0.32398552180329787,0.10001053098730284,0.22358484741045626,0.14169318980754464,0.83023101638625685,0.84082029619159493,0.7043716799325076,0.17067383578841766
sample,D159,train,1,1,0,5,2,4,1,4,1,2,5,1,5,3,3,2,2,4,2,4,1,4,1,2,1,2,3,3,4,3,5,4,5,3,2,4,1,4,3,4,1,3,4,4,3,4,2,5,4,4,4,4,3,3,2,1,2,2,3,3,5,3,4,2,2,5,3,2,1,2,1,5,5,3,2,1,4,5,3,2,4,2,3,4,2,4,4,4,1,4,4,4,5,2,1,4,1,3,1,1,5,5,4,0.028925345834254101,0.12524084555772808,0.93383576247047917,0.93828077470216331,0.79832089706116327,0.95200446439427011,0.23680172034584257,0.82274277941732044,0.22839891115770439,0.48435337237664,0.80669989651944218,0.13480425721568523,0.17514058647810693,0.54904801167531603,0.78656217919078664,0.44135175494344592,0.55399013318894752,0.54973241090057501,0.84331372172465924,0.37372051711031529,0.79592172999818867,0.08393237882080018,0.31817023250184628,0.53330981696142288,0.45503803642180707,0.75790988108965041,0.20027204380826991,0.49027269546364316,0.26617645300148218,0.74089838679281339,0.39674347250079556,0.48920075982795896,0.18890067043452552,0.069987552806352715,0.029492536231117472,0.99574949556141468,0.86275181780797205,0.49171047044561533,0.98150153999544643,0.68625079462704364,0.59570351782306008,0.68320258486652896,0.10838720354384346,0.92611550490724259,0.11819231773308836,0.021111255416509489,0.43918906198814989,0.23499403112199357,0.74672323149993702,0.46310538845887628,0.88775932149021919,0.99281542397469347,0.39544888597814287,0.12329184014442462
sample,D160,train,0,1,0,5,2,1,4,3,4,3,1,5,3,4,3,5,5,3,4,4,3,3,1,2,3,4,5,1,1,1,1,2,3,5,1,4,4,1,5,2,4,3,5,5,5,1,5,3,5,2,4,1,2,5,3,1,3,5,4,2,2,4,5,2,2,4,1,2,4,2,3,3,5,4,5,4,3,1,2,2,3,4,2,2,5,5,3,3,5,3,4,3,4,3,4,5,3,2,1,2,1,3,2,0.53110922769981062,0.41361807130115869,0.42077755883601153,0.77868856454073898,0.82421155300248516,0.94790362883641888,0.85526098299841669,0.47000727296252054,0.2495894296554273,0.82264741188930246,0.69423965686943323,0.72090251294246477,0.70360402147964574,0.61960941009119719,0.12382469394009732,0.24569324891725697,0.14069741330364915,0.47295482484530837,0.98006049578391452,0.60355654741433673,0.75385301670988691,0.84991408943430147,0.031053142002115508,0.58744654953559339,0.8125849244141109,0.11940667871622079,0.56176176651275378,0.083224938197577814,0.078706190202743609,0.57275018713592629,0.069841074127301894,0.45684919193613582,0.36569810997867858,0.2094126512108031,0.7213206188715271,0.20530389227289403,0.69934593657433841,0.83764537175209108,0.29902671279513326,0.15426209938890978,0.077845948248176478,0.857137761551653,0.15419660434513915,0.8071360429142187,0.087667890259622294,0.96137475118625071,0.90751838047239952,0.91237278134454691,0.18863891381848696,0.38867618407908089,0.63517175785342905,0.84652771043111597,0.49746558900406235,0.6820052138123528
sample,D161,train,1,0,0,1,4,2,4,1,3,4,2,4,2,4,2,4,1,4,5,4,2,2,4,5,2,1,2,5,2,2,4,2,4,5,5,4,2,5,5,2,2,1,1,5,5,2,2,4,5,3,2,2,2,5,5,1,2,1,4,3,4,2,3,3,4,3,3,1,2,4,1,2,4,5,2,4,1,5,4,2,4,5,2,1,5,5,1,3,3,5,3,2,3,4,1,3,3,3,5,3,2,4,3,0.66889850190876432,0.96775918187290233,0.35630126968727349,0.08143528089751717,0.24721130741317532,0.81462941092353935,0.016193893024410433,0.32784277776269688,0.54433399715791775,0.42382270786091913,0.4698784149752534,0.92588708891566951,0.30056597178058364,0.81557301425628037,0.12279213836282876,0.45865046561661516,0.41185247571259875,0.21615800126285967,0.26437202020551542,0.033449396095836192,0.23919966142233517,0.84518119145744885,0.598809720598101,0.49137180796832525,0.84058274569676183,0.57306593247155957,0.76649228577985618,0.31119951112859245,0.40601863670515481,0.069026851821763824,0.53045185525763994,0.90734525253561549,0.47558208121772327,0.53097783249573705,0.18778087975182689,0.16847390243752369,0.52749076513722593,0.11031306910219929,0.1341072962994907,0.27869570812126976,0.86573687222028517,0.1539949071237392,0.19985108168795274,0.56768660584020225,0.53077221077818637,0.25132668572603223,0.29149757333071491,0.48174915089788051,0.90724784285291127,0.68304829252084609,0.35129500073975484,0.52236051098659231,0.99048263384243995,0.50969574781368676
sample,D162,train,1,0,0,5,3,5,1,5,3,2,4,1,5,5,2,2,3,5,5,2,3,2,4,2,4,1,2,2,1,1,3,2,1,5,3,3,1,3,2,3,2,1,4,3,3,4,4,5,5,5,1,1,5,1,2,3,3,5,1,5,5,2,3,2,1,3,1,3,2,4,4,4,2,1,4,4,4,1,3,4,1,5,2,4,5,3,5,4,2,4,1,3,4,5,1,1,1,3,4,2,3,1,1,0.55874583405331613,0.45079094308875167,0.1259550815074123,0.12899500397998542,0.5988389049028362,0.90215676977327575,0.24482387886040591,0.71655117078805208,0.79438473918848185,0.6234055202423342,0.0074831202257396034,0.62156281207027153,0.47239517258898844,0.32518522615801704,0.25992139035772144,0.96694236451956439,0.84164337719490978,0.67300916613647555,0.45401403193699574,0.9339713157999151,0.61872880059831548,0.16650263074589822,0.47925492251624879,0.40936590662310546,0.090820348456585376,0.3078949777515696,0.87736411626640198,0.23561443774625912,0.8986261494099228,0.81663359536397251,0.40053863804935708,0.93733189057893396,0.91139550496403998,0.41157549714889796,0.50312189658311601,0.64688859032833779,0.8941268635234938,0.86020957255280228,0.024333442259292348,0.67305976345399732,0.62177132092867449,0.70301907034763389,0.75142771047897539,0.59728910896514631,0.4078368493130784,0.99516771047998398,0.87493083692964269,0.35630080154740418,0.49610484370475449,0.68966703323460865,0.97890645987198499,0.84342939947568041,0.20826606847611129,0.58632010139464652
sample,D163,train,1,1,1,3,4,2,1,3,2,3,2,3,2,3,3,4,5,5,4,5,4,4,3,1,2,1,5,1,3,4,3,2,2,4,4,2,5,1,5,1,2,5,3,4,4,1,5,3,2,3,5,1,3,4,4,5,3,3,3,2,5,1,4,1,3,5,5,2,1,4,5,2,4,4,3,1,2,4,4,4,4,2,2,2,1,1,4,4,4,5,2,5,3,1,4,3,3,4,5,3,3,4,3,0.3644010251105656,0.803790822849209,0.0071894015284413859,0.35638505393556885,0.59688775782256032,0.2109608266583588,0.35260669769143083,0.21116204729767885,0.15876152665901844,0.64798722629239469,0.35623532075289854,0.67336280412970895,0.37205387162671655,0.023456138009312788,0.37736198853115488,0.44411011113772836,0.10541366421546916,0.54200415473575425,0.28201975806819068,0.28800023239405304,0.1117386194140938,0.43669882016317796,0.94992185263681039,0.91834007163624665,0.93572206174569394,0.99985117771812937,0.95899206110552171,0.80205888971742489,0.070616815131813726,0.56379110414049483,0.85597679468807963,0.94591253610163772,0.23023201695416984,0.37311327394326876,0.71764857532390958,0.062536348680144238,0.054632240636487861,0.74902431366387312,0.19820652251430237,0.98566016910916865,0.0052222136841332256,0.53849602834204069,0.21527249930715342,0.69890434784438338,0.67507591527004029,0.0049142058773286035,0.79268548806068007,0.15906715569689889,0.94249572298595019,0.77846800009606165,0.082580462748014005,0.16156386837555026,0.37701930686574858,0.65903589258920425
sample,D164,train,1,0,0,3,5,2,5,5,5,2,2,4,2,2,4,4,3,2,2,1,3,2,3,3,5,1,5,2,5,5,5,1,5,3,2,4,1,1,3,4,3,1,3,2,2,1,1,3,1,5,2,3,1,4,5,3,2,4,2,3,1,4,1,5,2,5,1,1,5,4,1,2,3,2,3,5,1,5,1,5,1,1,5,4,5,5,4,3,2,1,3,4,2,1,5,1,2,2,3,4,3,2,5,0.57007322422385642,0.51169802181089785,0.65491932646778983,0.77252988706296832,0.67545958334728473,0.99212571303079722,0.22165014691943141,0.0051920702153980258,0.5455347446309865,0.17545396952585646,0.87008707079514125,0.87638509163724854,0.30065386334691968,0.63668224952054264,0.23264277835146863,0.77803620646868443,0.97730164086698124,0.64145256065379774,0.47611998733321836,0.071077323023242878,0.61523529636473173,0.41241044908944147,0.90444940895878323,0.17793501893767416,0.23147727699582255,0.66983898663676944,0.94060888669235543,0.81353936855217546,0.56994176423446141,0.70567408388603592,0.017385494527194623,0.52114391020691475,0.056990113730186032,0.67789129071520893,0.49164110007520712,0.64271746176068789,0.47951469284066772,0.29395065614004279,0.535856786071786,0.79631535405988851,0.55585276323135202,0.11013850662663427,0.50803508385964902,0.16758516690971281,0.66513995970549911,0.47800405830281989,0.57424383094943965,0.80177641245220055,0.84580661403347424,0.22701028432704717,0.66068322457402973,0.21945757919094544,0.29826253373813072,0.20865921703469437
sample,D165,train,1,0,0,5,2,1,2,4,1,4,5,3,5,5,4,2,1,1,5,5,3,4,1,3,1,1,1,2,1,5,1,3,1,2,5,3,4,5,1,3,1,3,3,5,3,5,1,1,4,1,5,4,1,5,3,1,2,3,1,2,1,3,1,4,5,5,3,5,1,1,4,3,2,5,4,5,4,2,4,2,4,1,4,2,2,2,3,5,3,2,3,4,2,1,2,1,2,4,4,1,3,4,4,0.38380912225076813,0.65164548319522053,0.1061470365959355,0.72639222386763791,0.89210069363234723,0.18069700147365386,0.10386511445883428,0.44709269337182067,0.27280411761186829,0.37444692851405337,0.26408329521829554,0.22480695442798027,0.20279607425154089,0.44937363950641618,0.77965053783551941,0.80021647871047152,0.36841867036285603,0.067296532715441115,0.24114818411756034,0.42696535084079756,0.61565456426553911,0.89212998113445263,0.44247535398662663,0.16937077788815436,0.31539335401119395,0.90666676501670795,0.25525812614925891,0.52796422803785803,0.60426435557091329,0.53588902836162744,0.63261656676273159,0.091351004782952772,0.29253630853215939,0.90145698791863782,0.59374298619012955,0.80521771697356703,0.098105539446286527,0.62722052256380534,0.5255839939203002,0.96410405036251501,0.63877576683668091,0.90419360415426364,0.75285876208998748,0.83123256554959668,0.32027637739535708,0.80535874292243748,0.43351538298786085,0.16571846818306446,0.73107863994650413,0.049759148581266177,0.83948606510010293,0.22358622999110844,0.90530150302750034,0.66005804908232857
sample,D166,train,1,0,1,2,5,4,1,5,1,5,1,2,3,4,4,2,1,3,2,3,2,5,2,4,5,4,1,3,4,4,1,1,2,2,2,5,3,1,5,1,2,3,1,2,4,1,3,1,2,3,2,5,1,2,5,2,2,5,3,2,2,4,1,5,5,2,1,3,4,1,4,3,4,4,4,5,5,2,5,3,2,2,4,4,4,1,2,1,4,3,4,2,3,5,2,5,1,5,3,5,1,3,2,0.32456860398036014,0.79523746506498882,0.68922714833244769,0.59139906405568954,0.71451154758776758,0.82447491954631058,0.93237755402596389,0.2473490705464908,0.23537675850567952,0.42274382273767031,0.42004570325465662,0.73254498481367036,0.73399610119984338,0.67487920555194514,0.51056800195296348,0.79679861036145216,0.269468198775903,0.42527728518780228,0.37121476884619187,0.56480846830788733,0.78021628332393544,0.30654596389083055,0.70139207678372462,0.47363369985916126,0.56740131869675325,0.48288150049239864,0.47871346242255886,0.91197150868334365,0.44358636848758159,0.95827242607598961,0.83737525249292355,0.85736332763532974,0.69068632161265586,0.038734093431627592,0.80322277512207585,0.86033255789839247,0.18840071783362233,0.085898200245083989,0.20675183687892851,0.44648548417306511,0.94440480292307205,0.023862563390814051,0.31048631738811938,0.79960324000184069,0.58548287652522313,0.23033073335625809,0.79466033515739176,0.57221538404163386,0.49995776775236767,0.87956086296930647,0.73843384783818666,0.37133715053515681,0.34051347380872465,0.60334934976181831
sample,D167,train,0,0,0,4,3,3,3,3,4,3,3,5,5,3,4,1,4,3,1,4,3,4,5,1,2,4,2,5,3,3,5,3,5,2,4,3,1,5,2,5,2,5,2,1,3,4,4,1,4,2,5,2,4,5,4,1,4,4,1,3,4,3,5,3,5,5,4,2,4,5,2,5,2,4,5,1,1,5,2,1,5,4,4,3,1,4,2,5,3,4,4,1,1,5,4,2,4,1,2,1,2,3,5,0.11780495016374604,0.29889838098136923,0.2177527060826574,0.38251606811777039,0.90614097490920553,0.94858897502976025,0.20720187121215261,0.29257483646901783,0.97907319689496297,0.5895884316163823,0.075676357837529684,0.83598750215370754,0.61665190833997463,0.38916211987434957,0.76151135743835985,0.41350547224226719,0.36618396624990412,0.60479330306605039,0.76835594026673149,0.079341523892310306,0.91679639849930028,0.33892484320852934,0.60893432227198407,0.73043229939703858,0.18459863509118979,0.94433133854051365,0.41991893440836392,0.99459888371529825,0.31210589522151866,0.22195044849296086,0.93488397474487739,0.20214242741933075,0.0083373816346197227,0.22206265038588047,0.31999839050631618,0.32188035317230668,0.078676229884473536,0.24980724507046559,0.77213220479715095,0.94951305186117441,0.051233926286433862,0.94357418643319968,0.041049001494169346,0.40341724366017151,0.65661293383537289,0.37317926295344173,0.63515082141256496,0.80869874266146768,0.58006284907703853,0.46958945636389882,0.32453832281772343,0.69672598809737407,0.89729470069403383,0.50382153473797919
sample,D168,train,0,1,1,3,2,3,2,5,4,2,3,4,5,3,3,5,2,4,1,1,3,5,2,3,2,2,1,1,4,2,2,1,1,1,4,4,1,4,4,2,2,3,5,1,4,5,1,4,1,3,4,5,5,2,4,4,4,4,3,2,1,3,4,5,1,3,2,4,2,2,3,3,5,4,5,5,2,5,4,1,1,4,4,2,4,4,1,1,5,1,1,4,3,5,3,1,1,4,5,2,5,3,5,0.096700908919986506,0.77747055683109567,0.48821072789283981,0.044876109003600173,0.67315868337843554,0.19498377435296566,0.73012021993708232,0.14269698612985859,0.83773198067720078,0.3836668959215418,0.87246913253941005,0.79439969072702143,0.28519639470849145,0.0015854141886051387,0.54753384738601107,0.95923514226079265,0.50394158111104004,0.58920247730438302,0.28314040095057258,0.47880559257775523,0.32049422909983782,0.95476187986372685,0.44423196122579911,0.66201189891095269,0.16376874323078572,0.30854906647970504,0.12262169860300409,0.18712395483573641,0.98508533263994114,0.40711884915270025,0.68699798911414234,0.35554237937994781,0.25105747839077852,0.96532225669073035,0.29487188206729809,0.10450457336467966,0.95497527669192273,0.51774534367328717,0.88596496730317675,0.94782566519322475,0.36549386906541437,0.88090954482321249,0.39009199312120413,0.058432127421968572,0.91610026439267223,0.16753266346431073,0.99391850255219993,0.33591197121984284,0.89829454589728019,0.47372755072461092,0.6172785910945402,0.16882734696650059,0.59479643667593285,0.97568586132274115
sample,D169,train,0,0,0,2,2,1,3,5,1,1,4,1,5,2,4,4,1,3,2,3,3,1,1,5,5,1,4,1,2,1,2,5,3,1,3,2,1,4,4,2,3,2,2,5,3,1,3,4,4,5,2,4,1,5,3,4,2,5,3,5,1,2,3,1,4,1,4,1,5,2,2,5,5,5,3,1,1,4,1,4,5,4,4,2,5,5,5,4,5,4,2,1,2,4,2,3,3,5,2,5,5,4,5,0.42764286466171475,0.97530805559266753,0.4768735484479848,0.79990802896229229,0.85316628486626478,0.065064788393858652,0.84484019690073953,0.3534463338702668,0.06340545913343032,0.15046468351227471,0.8864365142973103,0.54995746313766392,0.76924519995872909,0.33428633218687698,0.38685411540480441,0.50066316209788575,0.86610024136526853,0.92539756757594727,0.081452779710241896,0.51630907533835524,0.1726840132856382,0.79080856030851643,0.9289606477218697,0.30561247835174898,0.87381558859441444,0.072066615322065375,0.031346161415415907,0.34132003569639957,0.56716639132275715,0.51224525967415635,0.024235165816054893,0.23358036303939844,0.037908187378879465,0.73525328773483822,0.19365323606929952,0.12928996539721371,0.16966711335995999,0.56086094143644349,0.051685892083057405,0.22222413313062572,0.024385987028510026,0.0014382054487539486,0.28775311283468208,0.32434325972744305,0.13603738708158208,0.50730665339632475,0.93984463966014686,0.81633239721131845,0.32160433311588055,0.18546907757148234,0.51039898092960545,0.27856276277535441,0.46833355134572596,0.83040965668880895
sample,D170,train,1,1,0,2,1,3,5,1,2,2,5,3,2,5,3,2,5,2,1,3,3,5,3,1,2,4,4,2,1,3,3,5,3,5,3,3,2,3,5,3,3,4,3,2,4,2,5,3,4,4,5,1,4,4,4,4,5,1,1,3,1,4,2,2,2,3,4,3,5,2,5,4,1,5,1,3,1,5,4,1,2,2,4,5,3,1,1,1,4,4,3,2,3,4,2,1,4,3,1,3,3,1,5,0.048201288467482839,0.033843390255357542,0.91175509184471304,0.92084074803030602,0.96244987143050853,0.37771821860059007,0.97559890290064155,0.24805712158282411,0.37793198896023439,0.71256305025033051,0.59865494991952284,0.70011254696785308,0.11916227928284095,0.83119723609474327,0.49236817580805448,0.72430221325555899,0.39547070549929053,0.94861779625222553,0.14288419107774397,0.67762171884456956,0.85295022634634676,0.65778915346276956,0.56172314349970165,0.92757077585237735,0.41201457909224981,0.88648000054498921,0.91150322320164889,0.62508915965177836,0.26789816685248358,0.15827262418679955,0.76973283931629832,0.94494952929352716,0.51942048686473197,0.5551188907712209,0.98625683014995658,0.023300648389458889,0.25071809014713231,0.55843155785173892,0.63111304040863914,0.89379488599072998,0.80800950846512443,0.014756605124588651,0.46361332880362205,0.79069317001368933,0.32081149729284453,0.12410933620468789,0.46783061467408205,0.12790770479512703,0.20260493410002434,0.79630231957246211,0.35871344329685007,0.46309821629743297,0.76453134032476522,0.51022711482323624
sample,D171,train,1,1,1,1,1,5,4,5,2,4,5,3,1,1,3,5,4,4,1,3,5,3,4,1,3,4,1,5,3,4,2,3,4,3,2,5,3,2,1,5,1,5,4,3,3,4,2,1,3,2,1,5,4,5,3,2,1,4,3,3,3,5,4,1,5,5,4,3,5,3,5,4,3,4,5,5,4,5,5,1,1,2,1,3,2,5,2,1,1,4,1,3,1,5,4,4,1,2,4,4,5,1,3,0.90815787960503858,0.69768817405561556,0.40182182571933467,0.44625084538134008,0.66291104534529066,0.094921265730244508,0.62180530693367919,0.37991825031435378,0.90628039557014439,0.7390707185300105,0.62267328859479298,0.62692739419965915,0.40204829200173386,0.71155872366500961,0.88130804079793401,0.52374064569327061,0.15998185081817529,0.66788950069676467,0.79129756007129448,0.1523264372325539,0.76927792405252116,0.040892219266293384,0.73347756053480628,0.25875207934289979,0.22079281597257294,0.014764404627398919,0.50918591279201642,0.012084522277665655,0.95817083866084352,0.67350841224481028,0.87457851691573663,0.035706041697808555,0.29473212435102791,0.63847267298881161,0.088261283948656732,0.83583670750517802,0.63430729037640765,0.47190985592330081,0.6247755939995,0.42562114563793119,0.79991161186079696,0.73603541364121228,0.027800214467118667,0.24071133275426726,0.80674061763937843,0.070072895559128545,0.41527104683913096,0.53762155850221172,0.65292880195167091,0.034656370661407809,0.23505058495028475,0.35692942919537729,0.092976391680914094,0.9869031432630645
sample,D172,train,0,0,1,1,2,4,3,3,3,4,3,3,2,1,4,5,4,5,2,1,3,5,3,1,1,2,3,4,3,2,2,2,1,3,1,2,4,1,3,4,2,5,2,1,2,2,1,2,5,2,4,1,4,4,2,5,5,2,5,3,1,4,5,3,4,5,3,3,2,5,4,2,4,1,1,4,3,3,2,5,2,5,2,4,5,5,4,5,1,3,4,5,4,4,3,1,3,4,1,4,4,2,2,0.089857044467732683,0.14618017021215945,0.67982521237371829,0.99374285300680143,0.38998022988930914,0.36920583656573602,0.7863040355164439,0.61676505047306385,0.80024911458863313,0.61416280888292751,0.26781750742271071,0.017284236011218979,0.52551560297082034,0.33757290012727126,0.65792116584666605,0.07147543148721125,0.96587809536230318,0.78097738891696189,0.26032648239108658,0.17978928143404438,0.40962229324339616,0.048046645694819312,0.29746144097497207,0.60735574885543908,0.39348901493036104,0.076404389154679397,0.083982061049364454,0.87777654791158688,0.68681122847812237,0.20360693058064905,0.14628769869178904,0.33515935799552488,0.26905595275146921,0.034033892412666522,0.12202185186111447,0.86640233700049096,0.93691422942318503,0.19469369965872974,0.43947166416698846,0.97018019820677537,0.33251613909355437,0.38681874792482462,0.61823202576231517,0.58707674248827191,0.82004708497606216,0.75778329676625866,0.29247328836840758,0.70107223949269948,0.95273872827162509,0.48249303843737246,0.68598175866243083,0.02592056134330567,0.56821813598565107,0.91323846685021315
sample,D173,train,1,0,0,1,5,4,3,3,1,1,5,5,2,2,2,5,3,4,3,1,3,5,5,4,2,5,5,4,3,2,5,5,2,2,4,2,5,1,5,5,3,5,1,4,4,3,4,4,4,1,4,4,5,3,3,4,5,4,5,5,1,4,5,3,5,1,5,1,4,3,2,1,1,2,2,3,4,3,4,3,5,4,4,3,5,3,4,4,5,3,1,5,1,1,4,3,3,2,2,3,2,4,3,0.40397120046979484,0.53967634950044507,0.93374222653835226,0.44274483514886631,0.081816630127554357,0.14781471313946359,0.067972049072340335,0.4616113948110524,0.41296922805094882,0.91301916383394266,0.040500095176650874,0.46680696995527005,0.034289543030640135,0.046617289469599643,0.7660700495492877,0.83092009202495754,0.91757111766658472,0.80805047968471799,0.697966620886179,0.12115837201241064,0.17321976334345823,0.09845831815096695,0.23529119484834482,0.26441508099515187,0.68046782738090383,0.32738138153283336,0.28213887860864229,0.31209250761739293,0.42536148232502058,0.36284486500760249,0.15776035346951178,0.83326787176136574,0.51303970614500261,0.21013396135877416,0.71430725276063589,0.0154902618464835,0.86310929073145914,0.29699532819442687,0.98045713305512594,0.41907074026129532,0.70135784338848262,0.033004420686511771,0.66328435713330147,0.58013040259387105,0.93369888990026306,0.31079005094962497,0.21158216540562624,0.81148457935164675,0.42452394886301259,0.33749150089645963,0.081659094422358525,0.80022124617496515,0.635343742353493,0.30770717976436457
sample,D174,train,0,0,0,2,5,4,1,2,2,3,5,3,5,5,5,2,1,2,5,1,2,5,3,1,2,5,1,5,5,4,4,3,3,1,2,2,5,2,4,3,3,3,3,4,1,2,3,3,4,5,2,2,1,4,5,5,2,1,1,5,2,4,3,5,3,4,2,1,5,2,5,4,1,3,5,3,4,4,5,5,4,1,4,4,2,1,4,2,4,5,3,4,5,2,5,1,5,4,4,1,5,3,5,0.19358730041666916,0.92912844819659979,0.83555382107574105,0.62747188558435929,0.44323677270218231,0.3849686288517179,0.62316851627659331,0.52809147596951012,0.15174094471262645,0.78455178202105891,0.98778406878811165,0.62217774220699473,0.37473808908330852,0.57758527649885627,0.64883217523102077,0.55907629062701159,0.57681007708607246,0.48605525868329047,0.70828616157723001,0.084763802754844852,0.41966951422319188,0.69079072770487726,0.85112572199398417,0.83607862799601429,0.37017361412287764,0.24602030701578992,0.67783615286749455,0.55561888608693233,0.62225909930603818,0.88811322929151737,0.53850557191694493,0.60784146726611288,0.49571039817373608,0.038274183580429222,0.72326530161145497,0.40747602381562598,0.093464410424584088,0.75960029393598683,0.52779809986273851,0.70747457434907191,0.39797422290862339,0.72406465973621437,0.3789639370536324,0.98464750191488626,0.45730468230489929,0.046187929249616677,0.46032308732761518,0.19351298532760219,0.5603118199829461,0.38472914392748248,0.3944179974387243,0.62258074106665839,0.082895092135157888,0.70548860265185553
sample,D175,train,0,0,1,2,4,2,1,4,4,4,3,3,2,4,5,1,4,2,2,1,3,3,3,2,2,4,1,1,1,1,4,5,4,4,3,1,3,1,3,1,5,1,3,1,5,5,3,4,4,2,5,2,1,5,5,3,2,2,5,5,3,5,2,4,3,2,3,4,4,2,1,4,3,4,5,5,1,5,4,4,3,5,1,3,3,2,5,3,5,4,5,5,3,1,5,3,2,2,3,3,3,1,3,0.34550405606969936,0.9485005349495591,0.79848685993533008,0.069957932884849527,0.19224807855654769,0.31575668219695086,0.2887548493647476,0.97224472845577659,0.30513815949500389,0.9838245413077199,0.85859551015007096,0.32187514352473146,0.93308216900505692,0.38730942708901039,0.93599324385659988,0.72295850485427726,0.57992656483457128,0.15111725594062941,0.90826376886300397,0.36353982905409399,0.90453938750581375,0.39302348398333131,0.41006947188469489,0.9234864562265368,0.35921786865316474,0.24761394233125933,0.25649965993095025,0.87966019002367579,0.26795709604946094,0.55402307171309151,0.75779531376923848,0.37575432729770952,0.31647298945503599,0.72009322030890133,0.075423069136585363,0.64672255032338788,0.46295569525203317,0.10014562774243696,0.63157574331132071,0.76867574870648203,0.19696122751433831,0.37675372962721243,0.60334140486674048,0.86691963338392108,0.75175390571505452,0.42115433547004588,0.06401993556836838,0.79941682408922377,0.1951574345845235,0.45167479917345787,0.23409961931306444,0.9871277037027717,0.58937132613170518,0.21498053258325667
sample,D176,train,0,1,1,3,2,4,3,2,1,2,1,5,4,5,1,5,5,4,1,5,4,3,3,4,3,2,3,2,2,1,2,2,1,4,5,2,4,1,5,5,2,1,4,1,5,3,5,2,4,4,2,2,3,5,2,5,1,1,5,2,3,4,2,3,3,4,4,5,2,3,5,4,1,3,1,3,5,5,1,1,1,2,2,4,2,5,3,5,3,5,3,1,2,3,1,5,3,4,4,5,1,5,2,0.20350583931363875,0.25265903452640259,0.060613008271806157,0.6109676448266832,0.42853898033545512,0.86355654221935096,0.97593280639536695,0.16998188320663632,0.26161051296715698,0.45883660783204605,0.55060118538472935,0.74484603533294214,0.8185069553546892,0.80135676372148312,0.92286290582214536,0.086848377817416944,0.78771864770938271,0.56822752455411829,0.50214325634200507,0.36968528187940286,0.54270300333161525,0.92118009346851892,0.46049062901386961,0.81300519667139426,0.48207720966049616,0.72587194494308516,0.29699592700903243,0.52854835333971295,0.81372628547164116,0.71720397169809336,0.91635609253266792,0.75065437244388744,0.51082994420811634,0.73629253114560023,0.91169573237498402,0.49093337295467665,0.55957616405083543,0.92259513917809055,0.3317974220303993,0.31357204887291756,0.83807433908228968,0.76926764374787338,0.67892368448277496,0.33412684277050697,0.46691610932971017,0.46404262283596343,0.5203289213662895,0.35957902042555423,0.76613967356510915,0.90039727043056972,0.029150900465310658,0.33811304787241969,0.016490527614478112,0.78528602933622316
sample,D177,train,0,0,1,4,1,1,5,2,2,1,4,3,3,4,1,4,3,2,5,2,4,2,5,5,3,1,2,3,5,1,5,4,4,2,5,3,4,5,1,3,2,1,5,2,3,3,4,2,5,1,1,3,2,2,4,4,3,3,5,4,5,3,4,5,1,1,3,5,5,3,2,5,5,5,2,1,2,1,1,1,3,2,3,2,1,3,3,5,2,5,5,1,1,3,4,5,3,3,1,2,2,1,2,0.80965795917170746,0.67479610725983019,0.70990242029817718,0.79282637558593616,0.4312380084055174,0.16370164037901946,0.50953667886704657,0.18287430673742588,0.38767699157091429,0.77622375310259895,0.079928330469692166,0.24997538262479924,0.62191403463457928,0.2843268997465036,0.97839700487314629,0.017304578645239155,0.86858420611754839,0.82374506883011211,0.6093549100210981,0.94063977089152229,0.707526482993873,0.92287733896050084,0.98354697791189871,0.89415602459152543,0.19661014897005313,0.80729012757543617,0.67864696398928415,0.31085034125518973,0.58135278131178125,0.89559324650189276,0.29211936808607508,0.74029615575584451,0.85738160727038815,0.24137254974134192,0.7050465165200438,0.84918873930031424,0.84878896792651359,0.11001455447964803,0.19601000150554326,0.14369787078800755,0.74541527318644873,0.27844442197353692,0.59896827308246781,0.43024882282405474,0.48321361072004498,0.26343231886755714,0.064519572458895502,0.90490023444692413,0.47611830214280704,0.58505223809468598,0.22284056553900988,0.4844568304703285,0.1725484850318485,0.47718667716928009
sample,D178,train,1,1,1,4,1,4,5,3,2,2,5,1,5,5,1,3,4,5,3,2,5,4,4,4,5,3,1,1,3,1,3,1,5,3,1,1,3,1,2,4,2,1,3,4,3,3,3,5,3,1,5,2,1,2,5,5,2,2,4,1,3,3,3,4,4,1,1,4,4,1,3,3,2,4,3,5,3,2,2,4,5,5,3,5,1,1,3,2,2,2,3,1,1,3,1,4,5,1,1,4,4,5,2,0.12361532898538508,0.031736571474686226,0.36662745552308829,0.56224370900610421,0.47323381683266885,0.36821445909176109,0.49928810898701881,0.058206887021515774,0.45126954922519213,0.19547443158207023,0.18382270610324603,0.224226218581282,0.17088636327597195,0.51846648210461199,0.97091059020416204,0.3351140740228592,0.27511811511260686,0.3827261250080809,0.23550966021074504,0.6370712841212397,0.12774128884098435,0.76665182634430051,0.90371303122048374,0.67382361083558551,0.80351336626665393,0.23969515512586848,0.92625647471521944,0.20754724738340147,0.84445004499193976,0.36978928930839161,0.022398268977443014,0.2205320385933256,0.8424837696780838,0.22685967393952,0.3226119653420445,0.66883276800212654,0.58798253599590977,0.71350880612203904,0.30836066894895531,0.76784436545740287,0.51215962795383818,0.078793496996532597,0.42648842051664071,0.29314692513384588,0.13239841574077793,0.73688082293698232,0.5575153774871231,0.17945002991346726,0.53723159753257621,0.32684277106132498,0.99241247989448589,0.38198662048027543,0.45647149719434277,0.50240743336626736
sample,D179,train,0,0,0,4,1,5,4,4,5,1,2,2,2,1,4,3,4,1,1,5,3,3,5,2,4,4,3,5,4,3,5,5,4,5,2,3,5,3,5,3,3,4,4,3,3,2,4,1,2,5,5,3,5,4,1,5,3,1,5,1,4,1,5,3,3,4,3,4,1,5,2,5,2,5,2,2,1,5,2,4,5,5,2,1,2,3,4,3,1,2,3,4,4,4,5,2,4,4,4,3,1,4,2,0.71039565191651777,0.80602252615931969,0.60704868584914295,0.23900089427385085,0.013925896637786872,0.84227950468479285,0.079179922622095056,0.20008145302858493,0.73422477198744251,0.97436477837587632,0.83054414946307764,0.71402082466275529,0.99893143127220563,0.56486119175222316,0.10815224272629409,0.98691866102367276,0.87551981634639975,0.96028510318947657,0.067973405439807899,0.47511979930709292,0.51612267405174062,0.64806608025219414,0.28084262854688036,0.73582983878245722,0.8493123244440437,0.86278054429234152,0.8837414675238574,0.6442262437412245,0.33116668368620394,0.077991769397088184,0.64619119787445989,0.38069996638916204,0.87275456971010879,0.43944252861576072,0.17073791048986442,0.78569548109458565,0.60039850958443763,0.16355189068928644,0.86603654632502947,0.68796420293453098,0.13499386613346265,0.62593684027148266,0.45595239557281331,0.10689671784522881,0.32301964204568812,0.27257835761312821,0.77588921574637193,0.1383962903125231,0.79137951903078663,0.14552573277812031,0.27335788461554833,0.98166118861280327,0.23624121047433322,0.63069848407674034
sample,D180,train,0,0,1,2,4,3,3,5,2,4,1,3,3,2,1,5,5,4,5,4,4,2,2,4,1,1,1,4,4,5,4,3,2,5,2,4,3,5,2,2,2,4,2,2,2,1,5,3,1,2,3,5,5,2,1,2,3,4,2,1,1,1,3,3,5,1,5,2,3,4,3,2,5,3,4,5,2,5,5,2,3,2,1,4,4,2,5,3,2,2,2,2,1,2,2,4,2,1,5,3,2,3,5,0.71575001659434134,0.48305606516023503,0.059223640818168222,0.64500141364630237,0.41253069187980185,0.9960286801351157,0.65819798799622142,0.4952076803564095,0.89396610756312633,0.47586514348480924,0.91356201430082951,0.58844905291343874,0.39163184703657172,0.53941527194685635,0.33124400333034321,0.3760054820761416,0.17743176217393442,0.18575408334131616,0.040637759766814829,0.080750530240680574,0.58742014215069882,0.17145572973858447,0.71975957061988305,0.31581688775308225,0.41638706260784919,0.010016441877837901,0.26629468959141089,0.20045704442989865,0.26135023808798941,0.84310789484808468,0.27449604477484246,0.67276902543107286,0.27461142671352534,0.17408210900875343,0.9798622554804699,0.50319324305146473,0.1015561983362484,0.25474863070377041,0.55182366995449006,0.62845553698826018,0.66282465065710683,0.14605968411595704,0.34417183441281907,0.4258884188338703,0.86406688999142633,0.99472182674501552,0.96598906488687375,0.29846285887318813,0.39249738743391993,0.1218515212048642,0.87862223742311307,0.95107054564230475,0.20709838886599463,0.39922117869150364
sample,D181,train,1,0,0,4,5,1,4,1,2,4,1,2,4,5,1,3,1,5,2,4,4,3,2,3,3,4,3,4,1,1,1,4,4,3,1,4,5,3,5,4,1,3,1,4,3,5,4,5,5,1,1,4,1,2,5,1,5,3,5,4,3,5,5,5,3,4,3,4,5,3,1,1,1,3,1,1,1,3,3,2,3,4,1,4,4,2,4,1,2,1,4,3,5,5,1,3,2,1,4,1,5,2,2,0.70184438529428572,0.74603125605953713,0.88194497266080285,0.34931711383917374,0.061610093147846157,0.2831653708541132,0.82695508064027745,0.084746001930285364,0.81965016661077594,0.49343382412067616,0.74702921383068999,0.77597632608393108,0.0016239554223748121,0.1903953611072059,0.46384764992161454,0.77381766234381111,0.90628329522693707,0.14151800473690457,0.24497284402551267,0.66780070508746503,0.012170328315841639,0.98570229183247382,0.13640910004673479,0.58861355299239837,0.30106390956152551,0.29585111239329054,0.78466220020235788,0.88667964580757952,0.2898216092254321,0.76330195558789327,0.56741998993843978,0.46470999191697226,0.94843642866372524,0.26133128815407314,0.3111357021371457,0.61126335334541571,0.016236344972237471,0.26989328911255217,0.49032641451208092,0.80736655335582275,0.23740859385083612,0.83427287885078349,0.84788596641261893,0.011700969150919005,0.40001670729261152,0.60350226552594588,0.27197968771429437,0.1308948640190214,0.52219219384737081,0.66206303933941035,0.37935406757637646,0.16492027542112597,0.65741035279465621,0.87132341464953988
sample,D182,train,0,0,0,4,1,2,4,3,2,2,3,5,1,4,4,3,1,5,5,5,2,4,1,2,4,3,2,1,2,4,5,5,1,3,3,3,5,4,1,1,3,5,5,2,4,4,4,3,1,1,3,4,5,3,5,4,5,4,1,4,2,4,3,4,4,1,2,5,2,5,2,2,1,5,3,3,4,2,5,4,1,4,2,2,1,2,5,5,2,1,1,2,2,3,1,4,2,1,2,3,4,2,5,0.9935856189357416,0.4417678232110579,0.095500204267381816,0.73870510411221679,0.42242166530187653,0.22415455881947488,0.067285144230894267,0.88032978000800399,0.22369129660481846,0.4144287106078911,0.31112124685300424,0.7872886056697348,0.0031303151434207699,0.45647035992778584,0.92856000367736247,0.77672595896824936,0.76169913216463192,0.65412116528558972,0.17831548058387547,0.78088208304458151,0.56760577423581549,0.92609109488404917,0.76041028053869286,0.57750977806114367,0.88014517927584879,0.10359955474241345,0.23927933553660519,0.98816790738003457,0.19959293730141281,0.89761712952184902,0.044754190894957802,0.28905657588401479,0.89826285749943724,0.15966706061707481,0.35439263522767872,0.484329364060477,0.0051491787316449988,0.89683165267015907,0.21575900552031713,0.60797648359470113,0.23922390707416752,0.15534339954659837,0.027148212194450738,0.047071827694011859,0.32424641889831241,0.65992346136078917,0.029644833708813656,0.0054535611217122471,0.044457709439210791,0.057548445092372003,0.57407099315704835,0.94690608151924482,0.84410577076064952,0.54130559271848544
sample,D183,train,1,0,0,5,1,3,5,4,2,2,3,4,4,3,3,4,4,3,5,5,3,3,2,1,3,3,3,2,2,2,3,4,3,1,5,5,1,3,3,1,1,3,1,1,4,3,5,5,2,1,4,5,2,2,1,1,5,1,2,1,1,5,4,2,5,1,2,3,3,2,5,5,5,5,5,3,1,2,3,5,5,4,1,3,2,2,2,2,1,3,2,2,3,3,2,4,4,3,4,3,4,5,2,0.1996163045129411,0.50794072544524205,0.83190250649182385,0.29361767948297846,0.89648076882234018,0.17355272611890427,0.91146619347385671,0.32079207471481963,0.47336222113192306,0.91320711556003842,0.66026047454016146,0.20126580008334127,0.41912233882668271,0.80665000267858589,0.50561345616737774,0.50340328992575245,0.60777449166081632,0.50461873805205137,0.98419107595299138,0.94684742599145399,0.74187803117350137,0.57882722570387091,0.50205094100072634,0.19948286897009193,0.61398229477154087,0.99802734147220773,0.46890983928928465,0.45805731816160089,0.66885137117762861,0.21748529967719099,0.66111539821561816,0.82163010467864728,0.87924971071553604,0.41859028517782504,0.73673021926100846,0.20594019531250007,0.91197511682717003,0.60320093179535605,0.85380426101078744,0.71057551846495048,0.69186484135638071,0.85486409051525003,0.93889849304501283,0.44488278608959642,0.53074175048520855,0.84398551937287503,0.11673575659080115,0.026518490734801392,0.71433685270884073,0.62597377943535715,0.92203559006513858,0.80007996456218433,0.61088665546875798,0.87960104779718873
sample,D184,train,0,0,0,5,3,4,1,5,1,3,3,3,1,2,2,4,3,1,5,5,3,1,1,2,2,3,3,3,1,2,5,1,1,2,3,5,2,3,2,2,2,1,1,1,4,5,1,4,3,3,4,2,2,2,2,3,3,4,4,1,5,3,2,2,3,1,1,1,3,2,3,4,5,3,4,2,1,4,4,3,2,3,2,2,5,3,1,3,2,1,3,2,2,4,3,4,2,1,2,3,5,1,2,0.91747123524606067,0.94774455214379683,0.65935417191496226,0.14633927961477422,0.13562933366618957,0.13706895116595408,0.29093016962255569,0.93786753616117846,0.088723701334105232,0.85134650691023883,0.98199217901735159,0.24637867533520619,0.6973522706770231,0.57179174950464684,0.58957925493545926,0.70321010923024452,0.11478701204729547,0.1023146761804784,0.083741801882156186,0.17926717890224431,0.92461722593779261,0.49894944115951434,0.5302662338158044,0.65795059414160251,0.8576117397585985,0.86887263752919386,0.66791480123850921,0.45290915769414219,0.050780288082877933,0.051526864062822808,0.70034248019716183,0.040559953071244936,0.54001352514888334,0.92306233082841849,0.0078925031295770109,0.20384520403194351,0.59995410330497168,0.16757951656695036,0.19831208997628724,0.91889167692401963,0.72491951747374395,0.57096018195279619,0.60437187517551894,0.83743681644056456,0.71901425590837909,0.077133594767121894,0.3541442018550629,0.45729658657126848,0.1241674139379183,0.44603587285979585,0.93491069923557124,0.1446013829568068,0.82201604931587025,0.45700730331452599
sample,D185,train,0,0,0,5,3,2,2,4,5,5,4,3,5,5,2,2,2,5,4,1,4,4,5,3,2,4,3,4,1,3,5,1,2,3,5,5,1,4,3,4,4,2,3,2,2,3,5,3,3,2,2,1,2,4,4,2,4,5,5,4,1,2,5,3,2,3,2,3,2,5,5,1,3,3,5,3,3,4,1,3,4,2,4,1,4,3,5,4,1,5,3,5,1,1,3,2,3,2,4,2,1,2,4,0.57703232209417155,0.3534755623409005,0.27866954275486222,0.56327147969887026,0.85415153287031531,0.91578217207148171,0.12958065067001501,0.81996617680735961,0.35867143281983915,0.99521945729710881,0.39139613430619291,0.5783375154935203,0.39747171677529658,0.40024674595024934,0.024614158205215175,0.87345542001322263,0.80603531394291028,0.33711156021501842,0.019018546362766231,0.89552275741725251,0.55321777433384944,0.036719808859017378,0.85189381547550291,0.53631414352451601,0.63607426966923608,0.04593284080582416,0.17207340983316199,0.5280123319108283,0.85272400822342509,0.44072226382699664,0.28523688998441721,0.27535888236772665,0.017996751593934546,0.06672048835936728,0.95880714428642422,0.35526967904279694,0.38918608496993079,0.042521032711819617,0.028598888763345265,0.45105345561087062,0.68632554465729545,0.082621173697039363,0.90165970118265637,0.71709597444232442,0.78303298098884622,0.5755097913749011,0.36838839907421883,0.54413119306250068,0.039202944980430532,0.012402332337111188,0.77899161629848135,0.90780468774044143,0.62356848701552958,0.83775172882762261
sample,D186,train,0,0,0,5,4,1,1,5,3,4,3,3,1,5,2,4,2,1,3,2,5,3,5,2,4,5,2,3,4,5,4,4,1,3,3,4,2,3,2,2,4,1,2,1,2,5,1,2,4,5,5,4,3,5,1,5,3,4,1,1,5,5,1,5,5,2,1,5,2,2,4,5,4,1,4,2,2,3,4,3,4,2,1,4,1,4,5,5,2,5,4,1,5,4,5,2,4,5,5,1,2,5,4,0.70023585365250185,0.13130273610294907,0.76330965072708545,0.0089742996259162267,0.69287049003467394,0.19634490771645241,0.69693998411882374,0.28934366941249223,0.30802812056701534,0.80217627689602899,0.72688480299192559,0.78755877398181673,0.13858611156762612,0.75446184171511532,0.50037847720406647,0.1707454707301751,0.17573488675824878,0.10914953946743988,0.63102300289887814,0.29962352595871078,0.98967612787841652,0.54272705073137062,0.73382862560394457,0.7465654216058687,0.88297990646425839,0.71819578416013874,0.049421764039972893,0.29940658610635107,0.54443039871498788,0.52233933919862552,0.1357250285900311,0.38339792659265726,0.54373810501264652,0.5391870081264496,0.34620820457790935,0.88111624797921351,0.017090373676430848,0.20198081548976565,0.71334033276661302,0.52093169370431447,0.86117880152283921,0.84447349652640658,0.18475306378667344,0.26193886655966625,0.59634237078219332,0.66936135373035988,0.38609891048820555,0.69505294184838795,0.57023454136578022,0.75503771027851252,0.40006252381591789,0.72621800435457096,0.33739358372145567,0.68626728857280894
sample,D187,train,1,0,0,3,2,3,3,1,2,5,3,3,3,2,2,4,4,1,2,2,2,3,5,2,3,4,1,4,5,3,4,5,2,1,4,2,2,2,4,2,4,3,2,1,4,5,5,3,5,3,3,1,3,5,2,4,4,2,5,3,4,1,3,2,3,5,4,2,1,4,4,5,2,3,4,4,5,5,4,4,4,5,4,5,1,4,4,1,3,1,4,2,5,3,3,3,5,1,3,4,3,1,4,0.93199868510604289,0.60967708990968228,0.01453798745372914,0.89383344574224222,0.87656844578619186,0.67790020968623099,0.94920779178687353,0.8541913132879777,0.61059059745393784,0.89034951939532314,0.93171258780656596,0.62808531647955701,0.26187192417037297,0.4410261178365148,0.42347604852689535,0.38448216341387331,0.11354910884594138,0.71402249622226066,0.20544428598353148,0.66562815493879379,0.24492248955162843,0.30624181179582743,0.90335347972984203,0.21599863510855533,0.38531618848327065,0.32405390115556576,0.32002939323130408,0.60586999388293117,0.19899643154008684,0.1022320610649724,0.61663952347175088,0.33187226427858096,0.43863653390394675,0.1390860269729941,0.97706520626087179,0.15251087887835313,0.93135942937370286,0.067146934919672385,0.10911115443638131,0.92657934626332827,0.84483305639305695,0.12039223373424346,0.86093099264241235,0.1765483868718547,0.51317953899946822,0.71835596560070014,0.34484429797407379,0.99298413506637517,0.34116685491140286,0.98190076821303252,0.90629730247544005,0.88882665544407857,0.33607045769395627,0.017628806397647634
sample,D188,train,0,0,0,1,3,5,4,1,2,1,3,1,2,1,3,1,5,2,5,5,3,2,1,1,1,4,3,2,2,5,1,2,1,3,1,3,5,1,2,3,1,2,5,2,1,3,3,2,1,5,3,2,4,2,3,4,4,2,5,5,4,1,2,5,2,2,4,3,3,2,3,1,3,5,2,3,2,5,2,5,4,4,5,2,3,5,4,3,2,2,1,3,5,3,4,2,1,4,5,3,4,3,1,0.94520636855196483,0.88747553093899145,0.3737558758900611,0.4922888697377209,0.4074255267376381,0.4290984467021921,0.42454289773516007,0.16134716171062258,0.12792658026052817,0.74454061151781492,0.9971104022894991,0.22596510790405644,0.47696763773631345,0.15940754606624985,0.62679018257218233,0.87869182776657828,0.37829286462193523,0.42534795031974748,0.24861337298608133,0.90911643778887785,0.43875045827055814,0.74960044065309761,0.079257303103270837,0.42127186436958042,0.90836601134865991,0.3219118106236919,0.25742048104906445,0.41420008622459281,0.42608597502343315,0.52572657088063557,0.87851383199183763,0.49045746825787895,0.48429112308514222,0.3247087124538528,0.72117134407472194,0.60661330998097007,0.50748450943429801,0.89497827354091675,0.27332923849357171,0.88043707016397887,0.5770678473512032,0.1416614559692031,0.44860491621652387,0.16528292853989679,0.11380247676604083,0.12301340224633772,0.84043439979876633,0.33031249214416925,0.20218456626204595,0.21986094855514338,0.49177123643404774,0.099720878289545456,0.44470665047205393,0.9002274548632978
sample,D189,train,1,0,0,3,3,2,3,4,3,5,4,5,2,4,3,1,2,3,3,1,3,5,2,4,5,4,4,4,4,4,4,2,5,2,4,1,3,3,1,1,3,4,5,2,2,4,3,4,2,4,5,3,3,1,3,2,1,5,5,1,2,3,4,5,1,5,1,3,3,1,3,2,4,4,2,5,5,4,1,2,4,4,3,1,2,2,3,4,5,5,5,1,2,5,3,4,5,3,1,2,1,1,4,0.54372266075568565,0.29944742147056713,0.80535587805007114,0.95640054679957109,0.56497119980317489,0.76995520661720163,0.31972413445420733,0.48417192781358054,0.7204445408221356,0.78530992068814232,0.98730610201746838,0.30674753931797138,0.99243707596252484,0.71547226095479743,0.33502804860383895,0.7983331269926971,0.93244393552905736,0.48869056240859254,0.82208596321510019,0.25424672982880958,0.50423772115966814,0.59475909917839098,0.71975424551839262,0.68786869513942706,0.013526730093655903,0.79738146063240645,0.34985288729178188,0.0066216941959817976,0.032941431974541358,0.75190791162639747,0.77019233295472533,0.79523699246018076,0.54309262550164616,0.70059652641243964,0.9524375101347492,0.020190190785956408,0.12409800706687457,0.99637437696898468,0.4926839877873006,0.36501673904564114,0.47889784322237694,0.67474343674834103,0.89582610471036694,0.1741729184367905,0.15564514453346379,0.18476570557646554,0.55530345513737989,0.94323882700679673,0.62854518264571235,0.22011555781412784,0.4308989376193102,0.63944166092703636,0.8076432299403713,0.015606207225578927
sample,D190,train,0,0,0,1,5,2,2,2,4,4,1,5,1,5,3,3,4,2,2,1,4,4,5,3,5,2,3,2,4,2,3,2,4,2,2,5,4,5,3,4,3,5,5,3,4,5,4,5,4,4,3,3,4,3,3,2,2,1,3,4,3,5,4,4,2,3,5,4,4,3,2,4,2,3,1,5,3,3,5,5,5,2,1,3,4,1,1,4,1,2,1,4,1,2,5,1,1,3,3,4,3,3,4,0.46998721605734317,0.78716696481194925,0.84299047974852404,0.95409278099718497,0.087858206453607868,0.95391753655003209,0.81210461568425052,0.607859133456361,0.43191257950998918,0.33738914502007311,0.26729779773377182,0.86909314896495427,0.022704494662427188,0.39222032589453304,0.52556399833143874,0.35108491716292878,0.20416762173061764,0.097741290584825613,0.93766672912347315,0.72520738551817743,0.083809908629482677,0.79376267437036208,0.4399088082611774,0.53011778719165892,0.85529475705842883,0.37492909311030009,0.020950350969075271,0.59061165372412494,0.3490186084592849,0.1787262926053691,0.57278174692911543,0.0283341042053743,0.047889939446275731,0.92919615375296638,0.76909705787619564,0.71729641341129158,0.0085062771880535237,0.28604833530993834,0.8054676799987589,0.3518641910664464,0.065470497595762067,0.22342841132682589,0.73270573361449542,0.86567360135433424,0.1338223390502391,0.18289723291975046,0.74682627787808287,0.082723770668523433,0.21701514507096753,0.93576441623177076,0.36060001866117219,0.47202796997805696,0.32425838141869345,0.98055200525137398
sample,D191,train,1,0,1,1,2,2,5,4,3,3,5,3,2,3,1,4,1,4,1,1,3,2,1,2,2,5,1,5,1,5,5,3,1,5,2,3,1,3,1,4,4,1,3,2,5,5,4,5,2,5,2,3,5,4,3,1,3,2,4,1,3,2,4,5,4,1,4,4,3,5,3,3,1,3,1,3,2,4,2,2,3,1,2,1,3,2,3,5,1,5,1,2,2,4,4,5,3,5,2,4,2,5,2,0.24196218632152711,0.04524168176124177,0.90316045779965559,0.84166123544761895,0.20526520836914874,0.77108824572031909,0.98054964479544393,0.9115445828172678,0.56229285742216006,0.082152759591988644,0.69468927788182366,0.38241044089671616,0.57066315607470752,0.11525939165051713,0.066532073940530401,0.06393155467005418,0.85447378806790353,0.31315171805066355,0.73392436271513783,0.53714983708825625,0.036090371851528191,0.42141971788738219,0.49181707737219227,0.30950076262392434,0.53146719673699983,0.11107738288982127,0.10227918670153191,0.94137948095257662,0.50911301793389918,0.56793652389056637,0.49737340283700726,0.63937421620449553,0.85437064091282355,0.67349342629231002,0.64284743458394622,0.80576752995058187,0.36565476413330755,0.65682093257869423,0.3545106505217952,0.84958029621271425,0.42094871827381808,0.092168556991115591,0.039760690796697418,0.19928551041396203,0.41248499358470037,0.022100285362936178,0.58339895947324061,0.69572255514738413,0.14685830735722205,0.52471590561337644,0.25090134559569355,0.73524415958097544,0.93871123144515223,0.234222766242421
sample,D192,train,1,0,0,5,5,2,4,5,4,3,4,1,4,2,1,1,3,4,5,5,4,2,4,4,2,3,1,2,3,4,1,2,3,4,1,4,1,5,3,5,2,4,2,3,5,4,2,2,4,2,2,5,1,4,1,5,4,5,1,4,1,3,4,3,2,4,3,5,2,5,5,1,5,4,3,2,4,3,2,4,2,3,2,4,1,2,5,1,5,1,5,1,4,4,2,2,1,5,4,2,1,1,3,0.33850283987837748,0.81574053290474791,0.78336161207218735,0.89049516395613892,0.44649787716175493,0.023699350501698024,0.97469530128700843,0.92191148196843631,0.16606360538736509,0.17535232135533907,0.63285030728510527,0.52683240871095638,0.27521082518202267,0.037805897244152398,0.16485060310621191,0.11548872773932795,0.68874371432342529,0.65607641151595308,0.35349412581615358,0.41185822161320362,0.27325217924138467,0.97639440289455581,0.063690267191455541,0.35129488707988055,0.068703888075987596,0.70760882422283744,0.25989694260557117,0.74063071273399139,0.67856920926381292,0.098044516703198248,0.94903523175850646,0.51583199182212136,0.4869319081971335,0.14223277131178258,0.80706302517844353,0.13306083843034111,0.40580254514053149,0.0088604600775068487,0.43288719995807512,0.36683605953147858,0.36840658405375759,0.15286901589716295,0.7027325332476303,0.61049710099431032,0.32435211812124132,0.53969943964593292,0.68190578300032723,0.1851976878682402,0.8695487381522824,0.24722857148314059,0.042584681977551941,0.82488303572274635,0.37255000281744532,0.099253623109113343
sample,D193,train,1,0,0,1,5,3,4,2,4,2,5,3,1,2,4,3,4,2,4,2,3,3,3,3,1,1,4,3,4,1,3,5,4,3,1,4,1,2,4,4,3,4,4,5,2,3,5,1,1,3,2,3,4,3,4,3,3,4,3,1,4,5,2,3,3,2,5,4,2,3,5,2,4,2,3,3,4,3,5,5,3,1,3,3,1,3,5,5,2,4,2,3,3,2,3,3,2,1,4,2,2,2,1,0.8251339909400941,0.42976054454661716,0.57307001858175188,0.2643124539918501,0.28302374828416121,0.76387269417407899,0.003072697536909974,0.6604793541318712,0.22089238383704979,0.16176530627411323,0.12888389435012726,0.66094850549593598,0.22921964171385978,0.79667833380630315,0.43219368424016213,0.9661766907958601,0.39920131824087768,0.47276260402241432,0.72686359905289977,0.38969321268955026,0.95849337883308861,0.80980389272536157,0.36083643055488079,0.082050138402658512,0.20898362508215906,0.10559315170748962,0.15410505187296186,0.15504556893177146,0.4692354447921534,0.86466701980057281,0.31754603979628482,0.14192812831996138,0.24930563645361525,0.87478605943901211,0.23709202227559456,0.73216449698316133,0.83852685515777847,0.1195116273395247,0.15301616227893122,0.64875583819147453,0.12109793884463294,0.0036574591489764163,0.75476017677482843,0.54190964411486775,0.85325152457586406,0.67481407111234648,0.980108051258885,0.87233889138478682,0.29177309005892338,0.81865708846053509,0.94221217377274002,0.43158838850255721,0.19440025976837239,0.31943739268438698
sample,D194,train,0,1,0,5,2,5,2,1,2,2,4,2,5,3,4,4,1,5,2,1,2,5,3,3,1,2,3,4,3,3,2,4,4,3,3,3,3,5,2,3,1,5,3,4,1,5,3,1,2,1,1,2,3,1,4,5,1,3,4,3,1,2,5,5,3,1,2,1,3,5,1,1,3,4,2,2,5,5,1,5,1,3,2,1,1,1,2,2,1,3,2,5,4,3,1,5,1,2,1,1,5,2,5,0.53097589123245681,0.14076409917044452,0.55845009439804161,0.64121903033103134,0.39803688460874187,0.65709385679692223,0.53600182276184682,0.3118141452248524,0.54294991789311564,0.26890570203451836,0.28995631988283765,0.14177052357273479,0.8671180191172928,0.0062739616750366878,0.38525144567603908,0.95562959407821291,0.81245928262796874,0.11089193418618415,0.22440272772424996,0.61460976506737075,0.58602418991284366,0.094700476299697023,0.20317540140317958,0.98141361526263171,0.60784494185931814,0.39164694816433032,0.099436664421207799,0.83659559505599512,0.78777646082185093,0.9308768730994641,0.8782151000998073,0.022741967911430905,0.42121308682366898,0.67818983589394488,0.22361421222974476,0.43027568767863944,0.23534577555720759,0.72882430819839306,0.045704496181874998,0.062922666084871293,0.97880422431654968,0.11341970230465581,0.26046049046154818,0.43662482926201129,0.93587300749128954,0.37348112828503321,0.24948087770271421,0.89694516901058308,0.51550885085424369,0.14627444456726979,0.6319221381893082,0.91836305788801409,0.19225485213615334,0.1289074229693663
sample,D195,train,1,0,1,4,2,2,4,1,4,4,3,1,4,2,3,4,5,5,5,2,2,2,4,4,5,3,4,2,5,1,1,5,2,4,3,4,5,1,1,3,2,2,1,5,5,4,1,3,2,2,4,2,2,3,2,5,2,4,2,3,5,1,1,1,1,2,3,1,5,4,3,5,5,2,5,2,1,1,2,2,4,5,5,3,3,2,1,2,4,4,2,5,4,3,1,3,3,1,2,3,2,1,3,0.38064218899780455,0.50758531125447393,0.48558148665123257,0.91021964841991254,0.67786523515726949,0.55329963374257163,0.60224638974160161,0.090762125431840146,0.73732798622204621,0.3555720882262654,0.015644923409542377,0.29368504177243748,0.17470825130738465,0.075948055221802147,0.24605929246651503,0.23982046795921874,0.94209077198357183,0.20660182054885878,0.83472974480851703,0.93504902490885755,0.28465085429684034,0.066659331340222394,0.93694165893252834,0.062361878123630476,0.55068910713889607,0.43668871964196321,0.95253672623199026,0.91644839297377412,0.45682596767171546,0.3505757048400463,0.74253315466320235,0.68272092529444295,0.74789946552834929,0.46254759349921926,0.1568725556888374,0.60121115874479614,0.73805469107789334,0.53439522059266065,0.67406151551917948,0.89122161529443322,0.33444704327789043,0.76148320642250344,0.80592222949490255,0.59849451070920157,0.50796716107856332,0.055873657314374658,0.92252830300833644,0.64962274141251708,0.29424026338820075,0.017300979010090312,0.37256582089932389,0.60560276566106197,0.47879794558444722,0.92971646726744073
sample,D196,train,0,0,0,3,2,5,3,4,4,4,1,1,4,2,3,4,4,3,2,2,4,5,2,3,4,1,2,2,4,1,3,5,3,1,1,1,5,1,2,3,3,3,4,4,5,3,3,2,1,3,1,2,1,5,4,3,5,4,5,5,2,1,4,4,2,2,5,5,4,2,2,3,3,2,1,5,4,1,5,5,4,4,3,3,5,3,1,4,1,3,3,2,2,3,5,5,3,1,3,1,2,3,2,0.71338814153750862,0.029649603769695609,0.07405723452376145,0.31864043675871734,0.76253019254530519,0.16398192182087701,0.58086042791290993,0.58134051884846061,0.83443225429703893,0.64899339967415381,0.80242880889361545,0.18406627541536691,0.59005075945127872,0.21191732882755965,0.59233380298237837,0.0076428839287153716,0.29608046617086037,0.69324329669950557,0.32560888759911299,0.093455291080374425,0.22676081928598679,0.4192361441279695,0.93343251278117778,0.23594194649823241,0.63936035146505377,0.95742570327125209,0.7743328063229642,0.76363263607720877,0.18750372340362942,0.22363074601492694,0.25630640345615907,0.26446372121128225,0.10583738052588754,0.38834201660600809,0.39077145037092775,0.18800830334774943,0.99637618923105731,0.17719139102414161,0.043605193925388086,0.11581661599491888,0.17625945228541129,0.47801844525236603,0.51851487656687623,0.23542814743949414,0.28540624166799367,0.014837075250362708,0.59443469674303162,0.78306007122792431,0.48202535217738729,0.52116005292747458,0.58829499822016074,0.50275654700525585,0.76085963227253595,0.67531015411652751
sample,D197,train,0,0,0,5,5,1,3,2,4,2,4,4,5,1,5,1,2,2,1,2,5,1,5,4,1,3,3,1,2,4,4,4,4,1,1,4,1,4,1,5,2,4,4,4,5,2,3,5,3,5,5,1,5,3,5,2,4,4,4,2,2,5,5,4,2,5,3,2,5,3,4,4,1,1,4,2,5,2,4,3,4,5,1,1,5,2,1,1,4,2,4,3,2,5,3,5,2,3,3,1,2,1,5,0.0013834889385707649,0.35402211696631569,0.54515242452843515,0.57823778121196656,0.98036119355496198,0.87947686146257265,0.22374313932826628,0.026748854812237322,0.25586054052614948,0.4201161642129444,0.42545804130494236,0.16385477482462296,0.25046829180016528,0.47072261744608401,0.78625213402143457,0.083385121886218494,0.57278153457167569,0.096691768873521045,0.24829098559895135,0.7315590115378533,0.25764960782513657,0.068194983165258849,0.1529547130668979,0.83590030440616314,0.75402262640853168,0.28584770623692191,0.52022791333527985,0.029187700055930521,0.65692453039755894,0.11641151445136078,0.59718774036217526,0.15977683253974517,0.90974197330152662,0.1739536248332062,0.25436926051889452,0.62647557606464077,0.55082046297233345,0.11190845336112876,0.88426485926533016,0.038789487927270216,0.13135904971756962,0.55621510038636213,0.14110049571726346,0.69054019066842287,0.59482966929808934,0.32406822560484883,0.75535809341919535,0.058814693585338529,0.59419120931721636,0.23498670826138868,0.0013882737590189542,0.7981549571440969,0.31212657473560534,0.46438200084453429
sample,D198,train,0,0,0,2,1,4,1,1,2,1,5,1,1,3,5,4,4,5,1,2,4,4,5,1,5,4,2,1,1,2,5,2,1,4,3,5,3,2,4,1,4,3,5,3,5,5,4,5,2,4,1,3,2,1,2,5,2,1,5,3,5,5,3,5,5,2,1,5,2,2,4,2,4,1,3,4,4,4,3,2,5,4,5,2,3,2,3,3,5,2,2,4,1,2,1,3,3,4,4,4,3,5,2,0.7015679958483706,0.16905404134450952,0.77468704690528611,0.3289604393165233,0.62669445633358345,0.17498818076415534,0.7410245902316076,0.26839005218377887,0.077289686317893014,0.54577411872917347,0.96374411888390354,0.4504121156126849,0.66562252111090903,0.37535435899955627,0.16398957123937097,0.9969724717531141,0.50354170840837942,0.84867552953742464,0.49801299378481556,0.6271119008856928,0.46397558013081086,0.9491686601383349,0.94069784192306927,0.037055718730454101,0.56390436103181729,0.02314151931607078,0.094346693874799659,0.28028486191638502,0.71360969372562444,0.11007204577010576,0.027034774851674825,0.82882782409596201,0.51348804182619445,0.32028118101300918,0.10270909743329293,0.83096204699686071,0.55709872778149605,0.83990701463705397,0.082888848891718991,0.2430105693050385,0.92018454539258632,0.11920553450225257,0.63198861352545121,0.03858375755092891,0.92107924343119085,0.8549504858974023,0.87913861975295116,0.17433458870978846,0.43704918937675419,0.57073170453407518,0.53577350071777652,0.42240330201473164,0.050280083201965864,0.31539933993955294
sample,D199,train,0,0,0,3,2,4,2,3,1,3,5,5,2,2,1,4,3,2,4,1,1,4,2,5,2,3,2,5,2,2,1,4,4,3,5,4,5,5,4,3,5,1,3,3,5,3,4,1,3,3,5,5,5,4,2,2,3,3,3,5,5,1,2,4,1,3,1,3,3,5,3,3,3,1,2,2,5,3,3,1,2,4,3,2,2,3,3,5,4,5,4,3,4,1,4,4,1,4,1,5,4,1,2,0.92884142068862841,0.75792779203937732,0.46003204072552439,0.35507905177972576,0.56203897887079457,0.54115609451972058,0.84964692105236639,0.16369043362868796,0.97467189923822284,0.32627769823348796,0.52927458979927289,0.73415534873629085,0.37784682230889044,0.043169215952793105,0.63642718383250418,0.9599072930442234,0.74717760971427405,0.54259735187225666,0.94437517487184286,0.67207624359204265,0.50883359212751011,0.72846701308839945,0.618516821055903,0.89309658931887514,0.31946087723837013,0.7348645072508283,0.18063465914801458,0.37439784177908531,0.45313052503817819,0.36061298605685377,0.35421445058393652,0.86313691961671479,0.1667588951069886,0.72368442093160967,0.69177699144889027,0.39349273666337814,0.71398861802708913,0.12430883680119154,0.52732247646994035,0.76029750012787012,0.92297876174383131,0.43893413456210584,0.14274681270129252,0.65274585185676315,0.33974331934736735,0.69148312128653211,0.60729238172051481,0.3727347965337301,0.47457115116586657,0.74699677910264184,0.28577051014318067,0.62581076137281966,0.24938090708104366,0.38355932329156839
sample,D200,train,0,1,0,2,1,2,3,3,1,2,3,2,2,4,2,2,3,1,4,4,2,1,1,4,3,5,1,5,2,2,3,5,3,2,2,3,3,4,4,1,2,5,4,3,3,1,4,4,4,3,2,3,2,4,2,5,4,1,1,5,4,5,3,4,3,5,3,1,5,5,2,4,2,1,3,5,3,4,3,1,3,5,3,1,4,3,1,5,1,3,1,2,3,3,2,2,1,5,5,2,4,1,3,0.12334326131064022,0.27061191311010913,0.099947332145745804,0.081597650382232545,0.32476172358782884,0.93133754249555167,0.72314912227991224,0.68196682605870673,0.014579156360154721,0.099627390542131877,0.13222532981443691,0.79390233061125215,0.33175787920329936,0.74865253641837037,0.088385560048268585,0.56065892126622885,0.62067371587803033,0.57284806838728708,0.39407679737720791,0.41424410813957835,0.23524748571806886,0.62629860446715124,0.24399003653729046,0.93116146037646341,0.67204096203973751,0.93873744468037179,0.62867441651510059,0.30893590329451248,0.6442208491080943,0.78148844017361496,0.067066935379666015,0.0095916875068726704,0.89384510183529964,0.53737382185208205,0.35078212358554484,0.9788378679222256,0.48810647395041018,0.11452157841211263,0.80520538451621793,0.14428937679478404,0.47792159193507466,0.95609657314697361,0.64699633580954308,0.37088232072911875,0.58016051392934065,0.045458853554979251,0.26294979952253672,0.81664768500652263,0.018138818062013007,0.55080293996191088,0.20682408313327427,0.61983147339354061,0.19668510259837291,0.070293966138379016
sample,D201,train,0,0,1,5,2,3,4,1,1,2,2,1,5,3,2,1,2,1,4,4,5,2,3,5,5,2,2,3,3,5,2,1,3,5,1,1,2,5,1,5,3,1,5,1,4,4,4,5,5,4,5,5,3,3,5,4,5,1,5,3,1,4,1,5,1,5,1,2,2,3,1,3,2,4,1,3,3,5,2,2,3,1,1,1,5,4,4,3,5,1,2,2,2,3,2,2,5,3,5,3,3,2,3,0.41182881124811865,0.68741049614316818,0.51280672396670002,0.49631990627510414,0.14019634574333895,0.57989774514723769,0.582683986708604,0.88701655522677192,0.10718941395442694,0.22714916482073533,0.46720179238240167,0.98646751769774654,0.1054600253759479,0.35183133864715155,0.62940755103964419,0.58885461493866931,0.013019461169840985,0.92037092963176914,0.6625380560045584,0.085718004572474027,0.3766713250568946,0.91127366646942765,0.27767093392783526,0.68819923131644634,0.014851240433824242,0.43144221340328992,0.91447124498544918,0.13344274849083049,0.78425234598463511,0.62553911035494603,0.21188177626709392,0.50681273740963384,0.96109853138420775,0.47682052241206685,0.47650538423202315,0.11999936266313205,0.73507015070026005,0.58622813120697859,0.33825375697793225,0.13801905842887197,0.97273129808536829,0.51791688026300109,0.82038065498809554,0.82306712739889876,0.88466618092724281,0.30700309095294287,0.47744359234110934,0.1703682248307713,0.93147959332020669,0.97805951379877387,0.036827996130522456,0.33002642378318681,0.59783001506818767,0.39978211488728888
sample,D202,train,0,0,0,2,2,1,5,4,5,5,5,4,1,3,1,3,3,4,4,3,4,1,2,2,3,1,4,1,1,5,1,1,1,3,5,3,4,2,2,1,5,1,3,1,2,1,3,3,4,3,1,3,3,2,3,4,3,5,4,1,1,4,5,5,1,5,5,1,5,4,3,2,5,2,3,5,1,4,3,4,5,2,2,5,1,3,1,2,3,4,5,1,1,3,2,3,2,3,3,4,2,2,5,0.25642513793941935,0.79596449638056699,0.38755650140736331,0.56281267890326159,0.3135595030676277,0.6247673171599436,0.70101320668894462,0.67253112488228617,0.89452116210889909,0.40927768539692644,0.046022351339495615,0.72413105839813874,0.1965597560411606,0.017850419604245604,0.61923287747573386,0.60279444242295821,0.11268135983303451,0.8845708961249571,0.1743708867741649,0.89682583053861775,0.52879469718393579,0.85771509937474433,0.91881282904899764,0.82095575534400211,0.31838074217836576,0.51877242274377611,0.64295182926646466,0.6471017266834217,0.64949578307450284,0.59816583727706396,0.35135642063210948,0.48252698342311939,0.066273118898231287,0.42019578886067155,0.8756422143763678,0.660897571840243,0.35228605657237011,0.4141137068544426,0.56502504020085087,0.9790359458918223,0.9973940073373182,0.80060756011486678,0.36908381895872278,0.7964695851971102,0.78382444086035941,0.20244334538630104,0.83277548502765086,0.088687503949808844,0.25839944991907438,0.072199752282333551,0.15788225377842269,0.76305402427156455,0.15124252899226331,0.39575164005962771
sample,D203,train,0,1,0,1,3,4,1,4,5,3,2,1,3,2,1,5,1,2,1,2,1,1,3,5,4,2,3,1,2,3,1,2,5,4,1,4,5,1,4,3,3,4,5,2,2,2,1,1,5,5,3,3,1,4,1,1,3,5,1,2,2,4,1,3,3,3,3,3,2,1,4,2,2,4,3,1,1,5,4,3,3,2,3,4,4,2,1,2,1,4,4,2,3,2,5,2,5,1,5,4,5,5,3,0.19564880436684418,0.6661816718075102,0.18891013516024835,0.32483339310174308,0.77374301621767549,0.84806823369418527,0.07637885480106632,0.30339556898155395,0.19694697197918443,0.79689756609463769,0.0048484712390396423,0.98053556344654436,0.25634219658865909,0.83313022511916657,0.97071620104649436,0.86119568371910338,0.77765261462494251,0.26708150158020671,0.17966121327120022,0.85089785654657868,0.014391795632730631,0.94712274871121827,0.060647866398636507,0.094035777891972039,0.59211590365089439,0.060830702956636507,0.96905994041648302,0.23179998577375749,0.055596053814579327,0.86707835886861917,0.55132945524760213,0.3263515208735932,0.53568405522745211,0.34717646266177316,0.79574414060857979,0.55429390172010962,0.71488962587633931,0.18330844548718217,0.30722014401059494,0.92093619955813699,0.32975218763950398,0.30279307947078793,0.4033555182283346,0.35749068123879724,0.13955277237129926,0.507983239379038,0.98512200677550266,0.01089292051672941,0.27518565670492112,0.24231056536083107,0.44233427777444523,0.79449134537552257,0.87782797391492751,0.75053968537720039
sample,D204,train,0,0,0,3,4,2,5,2,2,2,5,2,3,4,2,1,3,1,2,4,3,3,1,1,1,1,4,4,4,2,2,1,3,2,1,1,5,3,5,4,5,3,1,4,2,4,4,1,2,4,1,3,4,5,2,4,2,3,5,1,2,3,4,4,3,5,3,3,3,4,5,2,5,4,5,2,3,4,3,2,3,4,3,2,2,4,1,2,4,3,1,3,4,3,3,4,3,2,4,1,1,4,4,0.81547065745334879,0.50184488875811517,0.48833925428628155,0.5102040021659604,0.52326459341967757,0.90880037317152884,0.17380443559911163,0.75491808041394615,0.44876178079806595,0.74393334122231514,0.12600961233583341,0.99954815170692957,0.28298911936054172,0.96079585729798411,0.13821747235490367,0.71495622332035624,0.87443102774751225,0.234709522094945,0.97303808050013441,0.34352219681220231,0.65215526408082614,0.28552388541446894,0.79701111261727442,0.92263425980917324,0.19092987396283712,0.91688403983509015,0.68790009960941778,0.98596488025677997,0.13386493277582812,0.2706758678361697,0.67220503035886869,0.73955011315342478,0.80239822271820949,0.80642834516526629,0.21411375158355472,0.12159807463741756,0.69100620550079506,0.58057864374486146,0.36524912969351231,0.95597183030468702,0.55270162333184925,0.17930772883064028,0.097347299440996071,0.86998875820725652,0.67578576344745078,0.71653598621117287,0.045105801610573537,0.7049959196889497,0.33249519026288199,0.63829448690436719,0.32893295175362636,0.31899093807462686,0.3424275878121511,0.17488126866163456
sample,D205,train,0,1,1,1,1,1,5,2,5,2,3,4,3,3,2,4,5,1,4,3,2,3,3,5,4,4,1,4,4,5,4,2,5,2,1,1,2,4,1,5,3,2,3,2,1,1,5,3,4,3,1,3,3,5,3,1,2,2,5,5,5,1,2,4,3,5,2,3,1,4,2,5,2,3,4,1,4,4,4,1,4,1,1,1,1,3,4,4,2,5,5,1,5,4,1,2,4,4,1,5,2,4,4,0.61905391079476402,0.92745526432674619,0.39215405654812885,0.95423104893201605,0.98519096710024756,0.050122060503481558,0.092934937597169642,0.31508125347687987,0.21576729325988098,0.85294792297987831,0.34654711678611516,0.49574597423615396,0.65051156421545864,0.095821004445420854,0.56563265322277279,0.7352222289131497,0.49770668199437007,0.87332756178584858,0.75777698431134766,0.19938643673324963,0.27847410204951517,0.34764248350407234,0.42688641805614624,0.013898650701020032,0.39131770132913468,0.24421727328755771,0.40658182875387083,0.99097846139793455,0.29735029532350399,0.52700117516589073,0.20659696881560285,0.58614440851294358,0.10241904413829461,0.56299551329222042,0.23200597727560812,0.23953410317911983,0.67034626554223509,0.66889783735041763,0.21603400457891242,0.48877407085721614,0.26119066199532592,0.057348713693714526,0.41903755222476269,0.34016424427105518,0.63894426442307439,0.10426022907849231,0.029507555106669803,0.78509268198947701,0.63955423990542415,0.39775032980065683,0.22334573773312949,0.76473588635031164,0.35434180789313507,0.88540438609906758
sample,D206,train,0,0,0,3,1,1,4,3,1,1,1,5,2,1,3,5,5,3,5,2,5,5,2,2,3,1,1,2,4,3,4,5,1,4,4,4,1,4,4,1,3,4,4,4,3,1,2,4,4,2,1,4,3,1,4,5,5,1,1,3,3,5,2,5,3,2,2,1,3,2,2,3,4,1,4,1,5,4,5,4,4,2,4,4,3,2,3,4,1,2,4,2,5,4,2,5,5,5,5,3,3,3,1,0.90952681050908457,0.12323309375416558,0.65752708959101902,0.83468903578930842,0.54308776481493382,0.40227889758735735,0.77973190412977189,0.90445339521654766,0.010787679457969102,0.028959447452893805,0.68448043664531766,0.12260767056019028,0.71687069930624381,0.62915855750035876,0.45045345425377292,0.34827820991069991,0.49490985218316108,0.05339990128204064,0.82244955722550817,0.30207421728424011,0.95160859598978997,0.35877879013590208,0.93870509291302295,0.56293893596655487,0.9399704885803104,0.5168149324988266,0.28926008846299289,0.071057359000757936,0.57526613934178761,0.66490724060953643,0.87677957722547228,0.42069203758126239,0.72269728446030101,0.6472467224818016,0.11961552626928329,0.40902344393836576,0.23530101043371066,0.23366796622068631,0.21105428224755529,0.78838386181893572,0.23786898145440494,0.61969634900095183,0.43506468364515283,0.56098947365852136,0.18883992865353683,0.17547778588811735,0.40625819109061789,0.42791155533637792,0.83699369274513713,0.77302223991394969,0.21765661264329883,0.58592883573313781,0.20708502458177502,0.11365074072722992
sample,D207,train,0,0,0,2,2,3,4,1,5,1,1,4,4,2,5,1,3,4,4,1,1,5,4,1,5,4,5,4,4,4,2,3,5,1,5,2,1,1,5,3,1,2,1,5,2,5,5,5,2,1,3,1,4,5,5,2,4,4,4,5,3,1,3,4,4,2,1,4,4,5,1,3,4,2,5,4,1,5,1,2,3,4,2,4,5,4,3,4,3,4,1,3,3,2,5,3,5,4,2,5,3,5,1,0.21292008882127478,0.36460963161749782,0.62477303524119432,0.065942673809891161,0.82271964592232616,0.28809131642569219,0.92225947759919047,0.61079841303249649,0.42707971837690473,0.0782614636926664,0.13007403665420125,0.26858682545865431,0.54349126102413636,0.97063921192700675,0.51413674119497998,0.95742563470999531,0.16494608432816893,0.82735190450575358,0.1202070759025673,0.67860679427908543,0.31536852887212785,0.28543480710302238,0.23708942291633228,0.80883192381384483,0.97362712591298306,0.30867654265664624,0.36425582675654677,0.37244633262760218,0.55756682858270834,0.43890985946541683,0.95801421951109056,0.6649748070608037,0.27141301611550572,0.42445916946599827,0.97022522767416708,0.53006186699785929,0.35934049576134408,0.94503040160289531,0.83534023612042985,0.12102432195257085,0.37589315843607218,0.70633782444577009,0.97075160650136083,0.64442067857691243,0.58780463512901537,0.72833343652763893,0.59794135233342349,0.089922353343289796,0.76459148113128095,0.46155198201052239,0.23862630242727645,0.39582798508160499,0.72305706573788331,0.89403471797464495
sample,D208,train,0,0,0,4,4,3,3,2,2,2,3,4,1,4,1,5,4,4,3,4,1,4,1,5,1,5,5,5,3,1,2,2,2,3,5,1,2,4,5,4,2,5,5,1,2,3,2,2,2,1,3,3,5,1,2,1,1,4,3,5,1,5,1,1,4,4,1,1,3,5,1,5,4,3,2,2,5,2,1,1,3,3,2,4,1,2,2,1,1,1,3,3,5,2,1,3,1,1,2,3,4,5,3,0.13539036466528509,0.079560373042884214,0.71348806542752674,0.79402127772796705,0.30623053732592631,0.65428066717823052,0.4456965906689867,0.43885424780823878,0.58306243673769031,0.5491512125371677,0.20843363996580866,0.32663610168050083,0.45626916112846305,0.89151812600036406,0.37584038076433335,0.78987853502602567,0.77444690209528744,0.45378841670933212,0.14538931133157584,0.84505411385662399,0.85041685309313164,0.23719826215852435,0.95550709361267072,0.52681430909412574,0.32014672349401807,0.90192723311388734,0.98287924029881513,0.68649782462727837,0.7528538056328975,0.2121050820737207,0.25614734336845402,0.87314431616981647,0.35090258806449692,0.075876329382994379,0.85571047073180051,0.76842463496301139,0.099549636497537342,0.19706471796131264,0.032537940809767796,0.81219699066791218,0.88573689691366286,0.97604053103912092,0.47142551711971714,0.47915162438365266,0.10770568194647778,0.09631422282565083,0.90514448337208364,0.20143964013612059,0.38942174943703756,0.51303911823141535,0.84826294276034886,0.34778859162998443,0.24437617681695412,0.51050279495134665
sample,D209,train,0,0,0,1,5,1,2,4,1,5,2,5,4,5,4,3,5,3,2,3,3,2,2,2,4,3,2,1,3,1,1,3,1,4,4,1,3,3,1,3,1,5,1,4,4,4,3,1,5,5,2,3,3,4,4,4,2,1,1,2,4,3,1,3,3,5,4,4,5,1,4,5,1,5,2,2,4,5,5,4,2,2,2,4,5,2,5,1,4,1,2,1,5,4,1,1,2,5,5,2,2,3,4,0.61800917357980178,0.42591642423243603,0.56363067651553334,0.59138690433115693,0.3116790248894602,0.1730259204063368,0.81103897197166563,0.87427067184288221,0.030669734136068327,0.23428016821048014,0.3642218997431429,0.25165606459847112,0.83033682891037008,0.45011806070209526,0.78296617790575562,0.10206948010526273,0.32483414493423934,0.14049189460946221,0.84478458116192656,0.45694289641486052,0.56689595733454334,0.62297775286305923,0.16134255363546757,0.59294226409319961,0.19253499164672117,0.60425862454685841,0.26913925322867782,0.43425151590391642,0.25913872905980173,0.39502710032319988,0.96978567936604387,0.67423270065572338,0.79584988134853929,0.55017126406705696,0.17926500396725042,0.49776927066490284,0.29248228364731765,0.99798755855243948,0.083569031343766031,0.22950059256444733,0.045961773399006867,0.57258969707496132,0.4863851514437425,0.043619662855681529,0.95149649784535739,0.85998196543108818,0.89764443247555725,0.95352151870694746,0.66860869748420837,0.88915909090360801,0.26877492966418892,0.74009958011917509,0.49388488912679696,0.45353107443556351
sample,D210,train,0,0,0,4,2,3,2,3,4,2,2,4,5,1,3,5,1,3,4,3,5,2,4,3,3,4,4,1,1,4,2,1,1,2,2,4,1,3,2,5,3,2,2,1,5,4,4,3,5,1,1,2,5,4,4,3,3,4,1,5,4,5,2,1,1,4,1,2,2,1,2,2,1,2,1,1,3,3,5,3,1,3,1,5,3,4,5,1,1,2,2,5,3,1,2,5,1,5,1,1,5,4,2,0.17138875471165371,0.90828847040715954,0.47199107329811174,0.97921596456301319,0.1855244093584576,0.80279821422917197,0.83149467898661056,0.046906978240511599,0.042800863240886722,0.54286319885878886,0.90060639831136902,0.78092055694206175,0.88569019387729986,0.26628607987099773,0.15417833054460417,0.52551740296932936,0.9032976367753992,0.73624186103911593,0.90758422012595785,0.8022834164216065,0.54179894041192944,0.49824008628587391,0.62197969188288893,0.62830790896635269,0.77337329291709878,0.28384324135192285,0.33756065490122011,0.81272538956382212,0.010601056040136503,0.63069900896663877,0.74400665498199758,0.10780784997561643,0.60244049258676891,0.19602458824893099,0.34914763687783346,0.41497901407648652,0.25027672809106538,0.30301095784503784,0.12372107550647216,0.54485510597479159,0.91668518633984974,0.014377226627841688,0.43817076206708849,0.43253140845312621,0.27640720372511529,0.62211050571419335,0.010866313769624769,0.7971110591748638,0.61771839379504112,0.41244590239040857,0.069219053503525307,0.95050498553629259,0.907192730935656,0.84530718649752212
sample,D211,train,1,1,1,3,5,2,3,2,5,1,1,4,4,5,2,2,3,2,2,2,2,3,3,3,4,3,1,3,3,5,4,2,5,2,4,4,4,2,2,2,3,2,2,3,2,2,3,5,4,1,4,1,2,5,1,4,4,1,3,5,1,2,4,3,3,3,2,5,3,1,1,4,1,4,2,4,4,2,1,2,3,4,4,2,5,4,2,3,1,1,3,2,3,4,2,5,5,3,1,1,3,3,4,0.88944257456134379,0.96843645713934512,0.71946751208267634,0.92416207827966113,0.0086726854138255982,0.92806707209625605,0.22801335039876092,0.84240865608790527,0.19149165376735378,0.89101768333805775,0.86936028900947604,0.8788549456537702,0.32384372175301812,0.86264225171025755,0.65528916557801298,0.063078510224663709,0.26470144101596849,0.49269875490322712,0.42969050573208645,0.69256445715320281,0.22726429571713225,0.64178866170677662,0.28207309972660144,0.78396940453344066,0.42628357732995381,0.79993318955999093,0.6044732900335309,0.30239082378912474,0.5324422587878026,0.37970669751604313,0.52647034319874242,0.76099181975099295,0.98378555419156044,0.71354603412893769,0.18553038891276408,0.3507693530982926,0.6146854153861373,0.60580750829851726,0.54878626220222848,0.14446989438399305,0.24470360899610999,0.058084083163626454,0.17286426023457513,0.54255235519450373,0.12973410073856873,0.3431784984105628,0.22121960138953334,0.58623152435419301,0.10703846539770523,0.81663948073044401,0.4308733292411423,0.99352897139664587,0.59891320165723294,0.80202283893767612
sample,D212,train,0,0,0,3,3,5,2,1,3,3,4,3,1,2,5,3,3,4,3,1,2,4,3,4,4,3,2,1,2,2,3,2,4,2,2,5,1,2,2,5,5,1,2,1,1,1,5,5,3,2,1,5,2,5,1,5,1,2,1,1,1,2,2,5,2,1,2,4,5,1,4,5,4,4,4,4,1,2,5,5,5,1,1,3,1,1,5,2,4,4,2,2,3,4,5,4,1,4,2,5,3,4,1,0.99308822609421277,0.55499593882348863,0.57346872363968571,0.92437095550188808,0.080186373258896437,0.9060825415139957,0.34757908461497777,0.80539975457189339,0.48750516459679449,0.82520183044709849,0.99738962276017407,0.63265568392698124,0.11680230182534668,0.97701329733566433,0.66195601093492984,0.81141653153447357,0.68248102686047685,0.87699037827928161,0.96363271911978476,0.20331127380033587,0.23721844397245562,0.29408646496245516,0.60615389391447549,0.58696832063379856,0.94237630191355193,0.61564592851648914,0.17222738435154117,0.40227726295194022,0.19351714300217293,0.20618876616063775,0.68432071273610928,0.58997621020474378,0.79320579496580901,0.012364783327049711,0.3940042189409757,0.63026027605630175,0.24662988630235239,0.032584865290009923,0.39779133517511767,0.96448068200298198,0.98249413703112753,0.69900024515713644,0.30032655439161593,0.60570299447625975,0.2996285174573724,0.34427232428975385,0.88484877417328922,0.74473561022691304,0.6159149216948071,0.032883417766392697,0.59329834192476905,0.11340337025075409,0.68654185368081411,0.70141944247121224
sample,D213,train,0,0,0,5,1,5,4,4,2,1,4,2,2,3,3,3,5,1,4,3,5,4,5,3,1,5,2,2,3,1,4,3,3,4,2,5,4,2,5,4,5,2,3,4,1,4,3,2,5,1,4,3,4,5,2,2,2,4,4,3,2,3,5,1,1,2,5,2,1,4,3,1,4,2,4,1,5,2,3,4,3,5,2,5,2,4,3,4,5,3,5,4,3,2,2,3,5,2,5,4,1,4,1,0.032090998528442993,0.53008292046594641,0.64182920514599184,0.32272446934757038,0.54959743782252601,0.14648940849531467,0.75953058833923759,0.79586007779934098,0.31247865951463349,0.11217482144410729,0.39433531107126629,0.097218722929813484,0.57935921242524746,0.7676766696419085,0.12973037721686698,0.43968696106684024,0.73248032395859541,0.10071087200849194,0.79829408785640954,0.622944088947185,0.90381677606333921,0.74175146727226915,0.86624373332801097,0.64948540654547149,0.43804910961208732,0.72639565747882284,0.052949849962957707,0.8689985754583317,0.35388255928112256,0.51843044347062373,0.53815102999722697,0.88844944707559559,0.25069821841098905,0.92481341645758719,0.90196115122504317,0.59363008614693202,0.21621153281413963,0.4836136983415128,0.69825976595320316,0.4021902156334658,0.73995823579363273,0.66259298040110814,0.12352757645611467,0.90012911365431114,0.43111493124339884,0.96379273560416012,0.19687381129808046,0.18504263050317682,0.44721208414844504,0.18748896636486612,0.99184678568843854,0.70713088466931473,0.069783074525538891,0.97478124029484492
sample,D214,train,0,0,0,2,2,3,2,3,5,3,5,3,2,4,4,2,5,1,2,3,4,3,3,4,1,2,5,4,3,1,1,3,5,5,1,1,2,3,5,4,1,3,5,2,1,3,4,3,1,1,1,2,1,5,2,3,4,5,4,5,3,3,4,1,1,2,3,1,4,1,4,4,2,2,4,5,3,4,3,4,1,3,5,3,4,2,2,4,3,4,1,4,2,3,5,1,2,4,4,5,4,4,5,0.20923523636775077,0.63047057011287622,0.60545820941517048,0.091242376522799762,0.13704081999693263,0.70931580266258243,0.13147312444150361,0.74552924373699014,0.53970072891064558,0.68151872139830028,0.77792034514669439,0.89188131469431875,0.55907609763002153,0.27692627979028883,0.60536009873601071,0.32854217442748357,0.10939265603345849,0.76168939256036572,0.80686564448854114,0.62000938430267982,0.21562016157212149,0.93544864403937489,0.52943996674998872,0.54317605766708443,0.14226418867997337,0.22642523951827032,0.89362156805942461,0.61700734980362493,0.97807548041268355,0.70799495146021452,0.5350270238429633,0.67739525685478541,0.34886761210730777,0.19932026688073023,0.013557689374911863,0.6303128718246962,0.28483850080080297,0.97239086690483667,0.87036655210478497,0.71859865007022294,0.74246926509737698,0.96297525944782625,0.70331531775558542,0.53911176683641782,0.37670430104568642,0.670976228600213,0.0064402843308913882,0.050647263961834166,0.040011332421082679,0.88697447703192922,0.053768170858937925,0.91951478835013434,0.23138963024228754,0.58204192820533962
sample,D215,train,0,1,0,3,4,2,4,3,3,2,2,1,4,1,2,3,2,4,3,4,2,5,2,5,2,5,4,1,2,3,3,1,2,3,4,1,5,4,5,4,3,1,4,5,5,3,4,5,2,5,4,5,4,4,5,4,5,4,2,2,5,5,2,2,1,4,5,4,3,2,4,2,5,2,5,1,2,2,5,4,2,5,4,4,1,5,5,4,5,1,3,5,5,4,1,3,4,3,2,2,1,2,1,0.29575872007363191,0.22028028860616589,0.19838135321346373,0.49409660425623625,0.92725098979164078,0.70204154941602537,0.071822233073539632,0.41122347999605913,0.75036588003049709,0.85731878370377634,0.72817720283904586,0.43601089720310182,0.41080519563941231,0.62364480001539746,0.019956473131392705,0.86580756626071309,0.26382536257769063,0.49661353898347427,0.80163082885929871,0.98693187416108064,0.7680345628166636,0.69505454202111927,0.9641314972577304,0.95567170619424846,0.39044894367806027,0.9298806374385955,0.24555378974336639,0.30765813255085395,0.56428031883756946,0.73691824234805103,0.063662255309026139,0.54394408686170859,0.86354764979053567,0.10041494330840539,0.84623241218714573,0.58010164638761341,0.086407543273292364,0.61005135687742762,0.81135955359850298,0.92476913635329838,0.91434869779824623,0.40699096119427114,0.094532672492334213,0.96559574844675289,0.45930215204299663,0.70482972747751049,0.081626378059772575,0.1236380460314761,0.46104844335339534,0.30668317071824158,0.65731966417582532,0.91652203570457191,0.57593685085820523,0.20363187927663939
sample,D216,train,0,0,0,1,1,1,3,1,1,2,4,3,1,1,4,1,4,5,4,4,3,4,4,1,5,3,4,2,2,3,1,2,2,3,1,5,3,5,2,2,4,3,2,2,2,2,1,2,5,2,2,2,2,4,3,3,1,1,5,1,5,5,1,3,2,1,3,3,4,5,5,2,2,2,1,3,1,2,5,3,1,1,4,4,2,1,1,4,1,5,2,4,4,2,4,3,1,2,5,3,5,2,1,0.99168881853119262,0.63589085335597639,0.1791356074903746,0.94534838684751876,0.012141988535308457,0.61804370987032187,0.22618793564745487,0.83477700363997576,0.41389959799479947,0.24436192077268715,0.098925075623272796,0.12014570810512482,0.069949994429906348,0.032162015200984939,0.52305124740837472,0.79327803304972233,0.01871845898912039,0.14516502435748224,0.94723565156671319,0.64472724514043067,0.53917363686652531,0.59854028339310195,0.42039716082055878,0.97517696994799252,0.57421173017617944,0.082258935547522172,0.30463115376622318,0.93735234710263804,0.9180474811522813,0.41329697547041966,0.6957500503816314,0.30337991529550024,0.046174682947339396,0.56986590644319202,0.22535103497510667,0.47317970581370261,0.60106218178585991,0.93509359598945696,0.62831491379039961,0.67413688192974475,0.27243919298446395,0.18595782534653049,0.57145020039118,0.52428841448207353,0.2960198049175381,0.59282892601961623,0.67835482563824789,0.62533532308640705,0.42454708621129644,0.86790639115194446,0.80557069353809563,0.48125548949124619,0.82404100155499294,0.47647433148035512
sample,D217,train,0,0,0,2,5,2,5,4,4,5,2,5,5,4,2,1,4,4,3,3,3,3,4,5,1,3,5,2,2,2,3,4,5,5,3,4,1,1,3,2,3,2,3,2,3,4,2,5,4,4,4,1,3,4,1,3,2,1,2,3,5,1,3,5,3,2,5,5,1,2,3,5,5,4,2,1,1,5,2,2,1,1,5,3,3,1,2,4,5,5,2,3,3,1,4,4,5,2,2,4,4,3,2,0.60887605768879993,0.95506204093267688,0.087548740054231633,0.64950063355096099,0.48890924611662578,0.31079122647517432,0.58037970400574324,0.85284661219352431,0.78674141972579026,0.54631069651848529,0.41383011766413402,0.55429460396209551,0.77600451499348666,0.71427505388366808,0.27514008138163804,0.33257818066261324,0.823866947481395,0.22798106808912433,0.18042454797853535,0.43718917469953389,0.95906393532187251,0.18722946056919276,0.4908700524788957,0.18539724089740639,0.57456612014471931,0.67616488517587747,0.70470052478307454,0.012191200099229804,0.97837820302143563,0.49563223268831214,0.20775072901281022,0.46667209700557355,0.92830636685686219,0.31539401976259751,0.5573502145617234,0.04726802242326511,0.58427852263646662,0.61095609965081121,0.45140043019099374,0.43783979592278144,0.73542879973666098,0.95767963203520723,0.21448135368360122,0.27620686177202802,0.65513505848803066,0.3668109626685343,0.38900667479249873,0.48693755389475535,0.093931486287578636,0.053924285959480733,0.26115602870393528,0.59559427533602527,0.016810755867489147,0.36785347776718902
sample,D218,train,0,1,1,1,1,4,3,2,1,1,4,2,2,1,3,1,5,1,4,3,1,4,5,3,5,4,3,1,2,2,5,1,4,3,4,3,3,2,1,2,5,5,4,3,1,4,2,1,1,2,2,4,5,4,2,3,2,2,5,3,2,2,3,1,4,4,1,4,2,4,3,5,3,1,4,5,1,1,2,4,4,1,3,3,5,2,3,3,4,2,5,5,5,2,3,5,2,3,5,1,4,1,5,0.45121850972676891,0.7845553145857681,0.25277754615663239,0.14853188438383513,0.56639576369032962,0.18808813016542891,0.016893107140359298,0.72635705138451889,0.8342727891434697,0.25708559794860919,0.071903298029651785,0.99350735272052215,0.92103075380803345,0.78927539198005969,0.58582926202732277,0.73324341534967274,0.89007783091192894,0.93932531359775429,0.18295184559043076,0.64851736700412288,0.50484543361622702,0.22141697156858486,0.40243993554340396,0.5749450212737387,0.37045848386891234,0.84788115638499773,0.82158658526244877,0.70571864586559097,0.10059190807248941,0.72684866676213833,0.87942335838451935,0.67844455609031218,0.34567755140594314,0.19690172748665369,0.50526233715222091,0.072684071335721967,0.67621833156838762,0.95044626830513657,0.67508465490494096,0.80809892984897258,0.25873725984284601,0.0079457567903638004,0.18818853661121659,0.32469875322060537,0.8752772050932125,0.91388010359570038,0.77381706938813166,0.99229397120121721,0.28077650714222202,0.057453963689877763,0.4063702022861031,0.64041970455358788,0.66494183167411269,0.92061031111530867
sample,D219,train,0,0,0,3,1,4,1,4,2,3,1,5,3,1,3,3,5,5,5,5,2,4,2,1,3,3,3,4,1,4,3,5,4,3,3,1,3,5,2,5,5,3,2,5,5,4,2,2,1,2,4,5,3,4,2,3,2,3,5,2,2,4,1,1,2,3,1,1,2,1,1,3,5,3,2,2,5,3,3,2,1,5,5,1,1,2,2,1,1,3,1,4,2,3,3,1,3,5,4,5,1,2,2,0.80529996661700565,0.72162950948656024,0.33687273193794043,0.82182785588788188,0.76509234753857991,0.62982594377200407,0.68308137915373668,0.95487798631201337,0.64607355762068019,0.51149396901306865,0.14365076016963607,0.29638648874448792,0.90247390932329086,0.87000322522193241,0.30988054431704759,0.96053918142011319,0.62252163513646219,0.67292179185528944,0.15808622408964979,0.88369692460463378,0.86185410307790578,0.12171571177502516,0.25653295480397009,0.8496953781271428,0.79684350849757157,0.63431351413313419,0.96750072853457647,0.0082821143713112111,0.083570187763750026,0.25859686193138454,0.50721018046180244,0.8099325777753601,0.46341091310762239,0.66115375242817997,0.12840954497586143,0.91190106694859696,0.8921053466358555,0.17607696303621412,0.61152398875665237,0.5335863251010966,0.5332323904328653,0.88017390944012519,0.19480005468663264,0.076507879457737848,0.033685583599039504,0.064270255217733774,0.6401030344148928,0.18387750154836502,0.21076836943258914,0.92186713885368443,0.24272655686505029,0.11391722094788903,0.88190816129134619,0.87486960459847163
sample,D220,train,1,0,1,5,2,3,2,2,2,1,3,4,1,2,5,3,3,4,1,4,5,1,4,1,3,2,3,4,2,5,3,4,3,4,5,5,1,2,3,1,3,4,5,5,4,4,5,3,1,2,3,1,4,4,1,4,5,5,2,2,5,3,5,2,2,1,2,5,1,5,4,4,1,1,5,1,2,4,2,2,1,3,3,5,4,2,3,4,3,3,2,4,1,2,5,2,4,4,4,1,3,5,1,0.39309093922645177,0.55986509105796933,0.69172283525173495,0.50495249302510714,0.85285074174852327,0.19112014009678313,0.15025384572160794,0.40373325888881795,0.40457112124716432,0.21462437577218441,0.010813015495691691,0.15998662546694231,0.070627800124757112,0.99941149921170624,0.76954383784622815,0.0040056398238732527,0.27973635710220057,0.29670935163246748,0.61649707196619696,0.66483424096327426,0.49809823999133085,0.177834075976116,0.34750694871193655,0.64350194459064392,0.64750742317518728,0.5423480932898308,0.092876921345521835,0.0062670485467186676,0.40110409009564174,0.81971610592943878,0.61090729127590659,0.85645343683474651,0.043237531462385292,0.52345673313091079,0.39324580137727361,0.28539620449384306,0.23521623143120007,0.6599162299740049,0.45846607470347145,0.0600623717797788,0.10811827953091946,0.83395556377824565,0.32299706833985109,0.63238425242537644,0.02932797376205476,0.96104374955300098,0.68800691715044171,0.61615015750703206,0.87234279148866689,0.7413930455365062,0.024064004206757694,0.5187850018977771,0.33016500655422787,0.19617485217669384
sample,D221,train,1,1,1,3,5,3,4,1,5,4,4,2,1,2,5,1,2,3,5,3,2,5,5,3,3,3,4,3,5,4,1,4,3,5,5,3,1,5,3,2,5,4,4,4,2,3,3,5,2,5,2,3,3,4,1,3,4,2,1,2,4,4,2,4,2,4,4,2,3,2,2,1,2,1,3,3,1,4,3,4,1,5,4,4,4,3,2,5,4,2,1,4,4,3,4,2,2,1,2,2,4,2,5,0.74710385272046209,0.5106364474756141,0.87067639266389873,0.44267161792245491,0.85738244857574397,0.46306568985564489,0.14272494078892028,0.47595567620710022,0.7183603092863623,0.58803650896973281,0.20503684882437057,0.34603716059354883,0.17027815606625163,0.74006403796293674,0.34581298635686131,0.026615011308983583,0.35445546647110793,0.049733831376872151,0.8403702191099186,0.066098941819197843,0.036396201905621872,0.69422522771125539,0.077152985128363549,0.2605343162488879,0.8941995539271631,0.54384050284800312,0.96728043092272986,0.54858335258334501,0.58965180806834139,0.58237709509248647,0.28508903614450221,0.060199768443981116,0.64124743833867037,0.49997116549157272,0.67411943150298914,0.14444108161796687,0.91111599881642646,0.3705716449388321,0.34573953938266178,0.91897425084060502,0.77978335769689744,0.76642836281743065,0.59689979052685271,0.49069751803297723,0.18457985274654587,0.5054119675321509,0.20782198978319222,0.10721031326378483,0.40882096990212369,0.65849489090387558,0.063173652933549596,0.52813384925366624,0.55868537467574253,0.55988276136609805
sample,D222,train,1,0,0,3,5,4,5,2,4,2,1,1,3,2,3,4,4,4,5,3,1,1,4,2,4,5,5,2,1,3,3,5,3,5,4,3,2,3,1,3,5,1,2,2,4,1,1,2,4,5,2,1,1,4,2,3,4,4,2,4,1,2,5,4,1,1,1,5,1,4,2,1,1,3,2,5,2,2,2,1,3,5,2,2,2,4,3,4,1,5,2,1,1,5,3,3,4,4,1,1,4,5,3,0.72806488273193426,0.02771908962519265,0.94606470582192304,0.28386740881739547,0.9900104308439831,0.62005704979445764,0.6584450949059607,0.7664529005375289,0.020386700317995499,0.22839410434250806,0.97000902752252971,0.050621445335742421,0.77745482773360741,0.8949308639451462,0.31452996343047301,0.70019793916582862,0.91551967703876824,0.44493714346584823,0.49418512231954592,0.23248960746936964,0.52866503790203567,0.97599632694626615,0.3665621516908063,0.5707628395730856,0.75491541591071087,0.67727134457466431,0.4346072496497192,0.41499292326745607,0.98211338387927227,0.22088034678395418,0.49143283521661296,0.07227660422811899,0.72307773119997643,0.83273647869265988,0.6556998888847273,0.61624141192992832,0.88620702300280241,0.22149595451488713,0.68039886996428189,0.5751581241132252,0.63703106896806838,0.89218520730811934,0.0012690216963487932,0.33822377497373013,0.14268616071244622,0.54019983501181157,0.669684520033341,0.71093363181662683,0.19791282119168729,0.98149747608774995,0.18972593993256637,0.58772797583888992,0.65351936549443523,0.82225187012182754
sample,D223,train,0,0,1,4,4,1,3,2,3,2,4,2,4,3,3,3,5,3,5,5,1,5,4,1,4,5,5,1,2,2,1,5,4,3,4,3,5,4,2,3,3,5,1,3,4,1,5,5,5,5,3,2,5,1,3,3,1,3,5,1,5,2,5,1,3,5,4,5,1,5,4,1,3,4,1,2,5,4,5,5,3,2,5,5,2,5,2,5,4,2,1,4,5,2,5,3,3,5,4,1,3,2,1,0.30775695778915912,0.74432048324312472,0.031004527016973205,0.49862675467959072,0.7099862714651014,0.64746802664775771,0.15656085287659716,0.823413995526453,0.18813833030057503,0.58964286472179361,0.046611231146212906,0.2092605617787423,0.73328764704047678,0.67434513656629635,0.44769364509023468,0.74979623647391713,0.3569500108641287,0.63520867148923732,0.034873346419734053,0.50336265294835358,0.38900079151328282,0.11924608620771049,0.38826571769883189,0.47992474543144392,0.3872243507922275,0.52477792013623226,0.55191933193017662,0.091357802538505783,0.75129842766796184,0.91476670404693661,0.32073762618554502,0.68718464133607216,0.35932818309004777,0.76976022680038303,0.95808658745975861,0.59415508437567843,0.0030828733203730474,0.20840106986427809,0.484413359288141,0.52524746661607813,0.2100390148238791,0.30566574648609313,0.50175940171142019,0.95679878954558228,0.60352638772123079,0.65152802110635688,0.3047092575953313,0.63766021675575646,0.87227283925593835,0.87848082820974971,0.73431434861360956,0.74726611529029119,0.51750519886988833,0.46692332577281825
sample,D224,train,0,0,1,5,5,3,5,3,4,2,5,5,1,3,3,3,3,1,1,4,5,3,5,4,3,3,3,2,2,5,2,5,1,3,3,4,4,2,4,2,2,2,2,2,5,5,1,2,3,3,5,5,2,5,1,3,1,5,3,4,4,2,3,5,2,5,5,3,5,3,5,1,4,1,1,2,5,4,3,4,3,4,1,3,4,3,5,3,2,2,5,2,4,2,2,3,5,1,2,1,4,4,2,0.18457406576435031,0.20876009419234909,0.076777786136700055,0.90912013828473859,0.9447298377691653,0.17658006965723305,0.61111918196069781,0.88763837193827666,0.90129953474454672,0.68929245089038005,0.89289882323137637,0.47862325397303562,0.40857514525857086,0.85094246784139616,0.32852787288293817,0.78484780569003254,0.3781819324211414,0.6966506440175213,0.30715621117316672,0.90875330650589359,0.43026055791344975,0.28144702496632845,0.64195602034477983,0.52627492591139635,0.94398394909757943,0.24939222168037578,0.10587119499207209,0.26733078966826718,0.16232883376158569,0.37609452072446625,0.69942772292013966,0.3107969410460083,0.99082043371100881,0.083533717239213323,0.048292911883052181,0.18897313011776784,0.27588149176383592,0.069976594520909652,0.58148266793818437,0.84387023522823568,0.78321400832640942,0.3813047604678006,0.39532283598422679,0.71182245171660974,0.73300344841820098,0.91661631723904835,0.1749937301821739,0.79634642874408756,0.50018430729175389,0.15092069325649948,0.14170296532383353,0.64255959827953057,0.67996539559082159,0.57162705985990414
sample,D225,train,0,1,1,5,4,5,1,3,5,4,1,1,2,1,4,1,2,1,4,1,4,1,1,4,4,4,2,2,1,4,4,4,1,4,5,5,3,2,1,1,4,1,5,2,3,3,4,4,3,1,3,4,1,2,1,2,4,5,5,1,2,3,2,1,5,3,3,3,4,3,3,1,3,2,3,2,4,1,5,5,4,2,3,4,3,1,2,5,1,2,3,1,2,2,3,5,1,2,1,4,1,5,1,0.15184873026916124,0.91728164224316378,0.41886813327398731,0.02361337885123882,0.32131682550640162,0.25246657218778701,0.97150399934083242,0.11375301754715139,0.47073525730387489,0.71419826685408783,0.53960769693442123,0.44978316947096075,0.26089358689894115,0.563165698983362,0.26664869628615384,0.44907369869712399,0.029717944903950633,0.55709236157487196,0.32644691042239915,0.19412834652934896,0.3264233192628887,0.39951730387708118,0.331306588171143,0.41326578139937065,0.71977265159014669,0.61010990423316691,0.32678770974873084,0.26391349680927678,0.9079276258665484,0.6909007368488167,0.6617790631716266,0.66208563581943092,0.28058880781857642,0.97816833369460054,0.024114282235243811,0.78126697137612511,0.8275284694010312,0.45888457169823238,0.6398640046253421,0.7970555716887141,0.51226324215545704,0.62286127259960788,0.7895754355916661,0.68487497778260897,0.076661595664245574,0.60932211323521712,0.79990633046009496,0.034957123438983051,0.80155623399900633,0.10437837663899585,0.059939114850922959,0.51306124818700882,0.75574141360913916,0.011827467299960093
sample,D226,train,0,1,0,3,1,5,5,2,5,3,2,3,2,3,2,5,3,1,2,2,4,2,2,5,1,4,1,3,3,3,4,5,4,1,5,1,1,3,2,2,1,4,3,2,2,1,3,3,2,2,5,4,5,2,3,3,3,3,3,5,2,4,2,2,4,1,5,2,5,3,5,1,5,2,4,2,4,4,2,1,1,5,2,4,2,1,4,4,5,2,5,2,4,4,2,4,4,3,3,4,5,4,4,0.012650692552255927,0.85494677580623446,0.91450730228596966,0.80319831419792465,0.12170342142567481,0.77974946858435579,0.61280672848298257,0.89233125570147531,0.024456860359100663,0.96977608178536701,0.84640771189935837,0.74909855062685149,0.67611472781453053,0.49584836647458996,0.43061907384918707,0.095773950551277465,0.11385859460547498,0.22796615432477463,0.11302544749786925,0.31942318083827403,0.31329772576944448,0.94732715305243775,0.12353281441198993,0.13401740260502171,0.024905017992927325,0.58507949381193092,0.051010208345697805,0.44870886175878533,0.60433849729868183,0.75088464757168005,0.73181611880233166,0.40913244034212981,0.62639869147189409,0.12869389279499199,0.51418911096232067,0.64558591326877834,0.64220484785091669,0.32062303030835071,0.64133864035132526,0.72701551785187379,0.88840314364010264,0.045343988678539615,0.37850930397643956,0.2706605147996809,0.26684463727099517,0.14142382941461296,0.55410326709906221,0.54396937189065364,0.27614613228953211,0.70599253751815139,0.3833372232790655,0.38978693919079288,0.5062489954770697,0.33497880551144954
sample,D227,train,0,0,0,4,4,5,5,1,5,5,5,1,4,4,3,2,2,5,5,4,4,5,4,4,2,2,3,1,1,3,5,5,2,1,4,3,4,3,4,1,4,2,5,5,1,1,1,5,2,1,4,3,2,1,1,2,4,4,2,1,4,4,5,4,3,3,2,1,5,5,4,1,2,4,3,4,4,2,1,3,3,5,5,2,2,5,5,2,1,1,5,4,1,4,2,3,1,2,3,1,4,2,5,0.99507598842120704,0.06012291192113528,0.39496021302625184,0.11468741801646209,0.097631499244646647,0.18096779410956765,0.17406814635158407,0.89481140478111465,0.26366538187255228,0.84279850839370085,0.55569695578826206,0.35453138307828569,0.011485338655098265,0.85727078033899862,0.41529806708487316,0.67790276745019884,0.59377706313828515,0.8631731085223745,0.082507066395286821,0.083849073854158518,0.74446684788519923,0.94758686484513266,0.66413213159631845,0.040559686917170379,0.24271653595908926,0.533468680649961,0.73950187284440572,0.98052364490021171,0.75316301685801601,0.25366200243515025,0.55106706612960543,0.018561231898008734,0.18855185677183539,0.04569776359440858,0.93911570559307733,0.21473158749833721,0.72664128562569075,0.25407342800494137,0.30246066623032564,0.71975412647753589,0.22320918780583776,0.079839182245851847,0.31969588560991857,0.4935763752599488,0.41783097347856502,0.313967607722897,0.22373606102689703,0.5702622212696965,0.77992358400639616,0.76930065628270017,0.69367117692299307,0.57512950180241496,0.90668433642308965,0.095258064346174787
sample,D228,train,1,1,1,5,2,1,2,4,4,3,1,5,2,2,4,3,4,3,1,4,4,5,3,5,3,4,2,2,5,3,5,4,3,5,1,4,2,4,5,1,5,4,5,1,3,5,5,2,5,1,3,4,5,4,3,2,3,2,2,1,2,3,4,5,4,2,3,2,2,5,4,4,1,2,5,1,3,4,3,1,2,1,5,1,4,3,4,2,3,2,3,2,3,2,5,3,3,5,3,3,4,3,3,0.035364149506657117,0.31326102819857193,0.55037808907311547,0.69055270636359967,0.27658410427981284,0.27198569125994443,0.086001308371816187,0.34556908149571697,0.1148314353051203,0.37136823485602311,0.59112454192963682,0.83825729229226909,0.20432077897159018,0.29017170000238068,0.52229728920533458,0.38510972654513531,0.059162109738122748,0.76470410290871638,0.18275612654537077,0.16413258845813605,0.675783154662845,0.83160011184256089,0.59548720929933086,0.090242807996923857,0.52123354386888787,0.32838495148606228,0.59614000899002395,0.49422229638215975,0.62944659318033147,0.94020007771617364,0.22691410379968679,0.8314290151678253,0.12201033029823627,0.94355721450443208,0.86188746240736069,0.48331782455349026,0.46635802971106033,0.1398454590080489,0.97303714005573794,0.092366464591052688,0.31957595132031624,0.74361281122487599,0.38767636808696071,0.76800725314818197,0.23560798057124466,0.8942679193128561,0.56061630934051976,0.18715868323448248,0.95887360358771168,0.23273711930909791,0.65588267786037968,0.56252694052332319,0.26908012334395115,0.402137902468365
sample,D229,train,0,0,1,2,5,5,3,3,2,3,2,4,3,1,4,3,3,2,1,1,4,5,1,5,5,5,3,2,3,1,2,3,1,3,3,1,2,5,4,4,3,1,1,2,4,2,2,1,2,2,1,3,1,3,1,4,2,1,3,2,1,4,5,4,1,4,4,5,5,5,5,3,3,3,4,4,2,1,5,4,3,2,4,5,5,4,2,2,3,3,4,1,2,1,2,4,1,1,3,3,3,2,2,0.29619761433530989,0.22154158306314664,0.069809224426345851,0.25005773427569244,0.95638115889356923,0.055209323782909436,0.70934217045410974,0.74827257923833357,0.66467643220190553,0.49104998645211129,0.80969766972276069,0.91265713538619953,0.1295697842000274,0.95257464078292509,0.066831066861350652,0.22271889289963132,0.42889008920704841,0.46621748541591246,0.64958614382267021,0.54145558194767651,0.86791125570489369,0.34046514574194231,0.81028592668185884,0.90502426406510794,0.24998405305974747,0.049256006839094701,0.32420834811363586,0.45067517056611894,0.22829896565629559,0.19847640997254989,0.58037546017272057,0.12368594445110048,0.70880829517958244,0.31539652077128499,0.62615205284002762,0.30037938114298413,0.09310413155681474,0.15236261783387828,0.87345386664689606,0.77733461244397539,0.070952057540955793,0.063103149316291463,0.75391146480861848,0.14932326341222157,0.58065540423546036,0.033304109590072795,0.077847987248985229,0.36694969703522151,0.7391945040509218,0.22206060410400452,0.73713955649478635,0.3684018584062011,0.069970555303548898,0.87675203218979858
sample,D230,train,1,1,1,2,2,1,4,4,3,5,2,2,4,1,2,3,1,1,3,5,1,5,4,2,2,4,3,3,2,3,2,4,1,1,2,1,1,4,1,4,4,2,2,2,1,4,4,3,3,5,2,3,2,3,4,1,5,4,5,3,4,5,2,3,5,2,3,1,4,5,2,3,3,3,2,2,4,1,4,2,4,3,4,4,5,3,3,3,2,4,1,2,5,5,2,2,1,1,4,4,3,5,4,0.63695306259375761,0.15252365565633585,0.11682244662917418,0.091146340280315874,0.32070602143439497,0.90358709884014188,0.17922872504371112,0.98122969437063412,0.23725613952499414,0.19431373671503072,0.096501883829630875,0.72801251821651247,0.12066487598100772,0.24383241764464114,0.67610240481355044,0.98793678425059994,0.26218791763751925,0.090065865129845046,0.55798775607244799,0.079388501463098282,0.37337947013732231,0.22363599427160241,0.28787827363754126,0.67410474356873329,0.19122674180171373,0.91032888240913579,0.69405987698975247,0.23387011450378004,0.23443156172439683,0.27379925309560016,0.38319134003097044,0.91185638095793009,0.40904214989192755,0.37053391386695544,0.56393961982078655,0.033224648115245725,0.88759114875017686,0.24245158310652093,0.7152850279700792,0.26498481470709223,0.32999649364599692,0.090764249826349452,0.35585080481229192,0.7147660373463014,0.56792535619126561,0.016187937290142007,0.7639418424700406,0.78814505600824647,0.44408229265068511,0.30153232916489991,0.72108615959985278,0.44485511242654707,0.31547309439016247,0.17457204080809363
sample,D231,train,0,0,1,2,2,4,4,4,1,2,3,3,1,2,5,5,5,1,4,3,2,1,2,2,2,3,2,5,2,4,1,4,3,4,1,3,5,5,2,1,3,2,2,3,3,4,5,1,5,4,5,1,4,3,1,5,4,2,1,3,3,3,5,2,1,5,2,1,3,3,5,3,2,5,5,5,1,3,1,2,5,4,3,3,1,5,3,2,2,2,3,3,2,4,1,2,2,5,3,1,4,3,2,0.60419298050005377,0.10112236941382802,0.57169908275259873,0.189513144722807,0.75371594896680527,0.37868849711817887,0.75975209349207384,0.85843787204371502,0.16428446222470117,0.73169097548902617,0.18378645446985498,0.63226853358179458,0.0946334589506308,0.84077977061594145,0.36703832918453205,0.54773155226294201,0.99815834571364104,0.96741244939247983,0.18724769798694785,0.13765598307423454,0.63107878766585324,0.65652608203787644,0.78364749850522775,0.19350581854877358,0.96271520205111383,0.9767840387805431,0.67884326252165328,0.30981859034858605,0.42717487843319502,0.37294502781499572,0.027148715718926186,0.43659579763624368,0.61973541841290503,0.20799579656061551,0.095514015319816292,0.69102594828761954,0.8835585409038077,0.56230269387705134,0.64991614307093448,0.63040887462131334,0.48051247139589182,0.29139676615606447,0.30522139566413187,0.56093484854614439,0.70313651738372585,0.2096772653251614,0.35646314473689056,0.43991409657504155,0.20192446541381359,0.609800797897603,0.18739816569278034,0.12424001207310242,0.49401086007439776,0.031719753596503031
sample,D232,train,0,0,0,4,1,4,3,5,2,3,1,5,3,1,2,5,5,5,2,1,4,3,2,5,3,2,5,3,2,4,2,2,1,4,4,2,4,5,1,4,2,5,1,1,4,2,5,5,4,2,1,3,5,3,3,5,5,2,2,5,5,1,3,1,4,1,1,4,4,3,5,3,3,4,1,5,2,2,3,5,4,2,5,5,4,4,5,3,2,3,3,2,3,4,2,4,5,3,3,3,1,4,1,0.12508022872931879,0.64379824052008239,0.18097721720255333,0.39408334623405672,0.18040029862693141,0.89370062842357423,0.40261840513206992,0.88368342768191221,0.98784974401398074,0.52422838575063113,0.7646414075216218,0.8277734359683766,0.92129351359405354,0.29082453981384293,0.54920725235072687,0.19157553940169481,0.9692332070851023,0.40912792786271213,0.40648334667913899,0.092193664503242512,0.22579346673900347,0.038822643843214322,0.15773000000461701,0.43999039604018264,0.17528318601732007,0.68563470677452254,0.45406065156183117,0.79997503980701046,0.5342949685479601,0.77411939028102006,0.45154203501696011,0.53520183810727928,0.59815020750394376,0.501526853290578,0.69828554763161688,0.6587276560609362,0.62614805493652759,0.70438756412633374,0.26803072217326873,0.30579394674040006,0.01658555189351707,0.49966891609061237,0.69010433369347568,0.67229021688974633,0.68741110755948065,0.77480856553093758,0.43543097919262164,0.011723406761735,0.31136117529666485,0.7255777877162346,0.6856848565717476,0.76972700579557118,0.66935343055468977,0.77588922167443075
sample,D233,train,0,0,1,2,3,5,1,4,1,1,2,3,2,2,4,5,2,2,1,2,5,2,1,5,4,4,2,2,2,2,3,3,2,1,2,1,4,4,5,1,2,2,4,2,2,4,2,4,1,5,5,4,3,3,4,4,2,5,2,4,4,5,1,2,2,3,4,3,1,2,5,1,1,2,1,5,2,2,3,5,1,2,2,1,4,1,2,5,1,1,5,3,5,4,3,2,4,3,2,1,2,1,5,0.68233164043070893,0.071134928402574849,0.26924778231174273,0.079364395001793375,0.78635364151220677,0.66183137941235148,0.52156570633203558,0.63619356561647933,0.71220575938798947,0.098246937280250357,0.93947425152151343,0.86874835286341623,0.81702652664133257,0.61926087399902063,0.67489720289393851,0.48503094604862385,0.74039428725797263,0.59634001857346797,0.34400506491302807,0.10444959575990798,0.59741892912016714,0.14476155401062973,0.73049866782313899,0.073649627226412107,0.49753715073619187,0.81066115928360005,0.45587755889164006,0.60953313709285473,0.51395367644553658,0.44019534526334581,0.20514106521477138,0.69011550541293121,0.69978634781403604,0.97193885785393808,0.25293905640703263,0.15942096230070746,0.94876020983267073,0.25424675999848889,0.20531351225718442,0.96432172603437516,0.5956996147932615,0.50758586382819026,0.1875215373628939,0.62158904307335405,0.74063791078480223,0.08635959121885628,7.2283787153848422e-05,0.9025570762009425,0.16806296350690941,0.020625427150915532,0.39995916835045964,0.93447945214945882,0.72928645326805963,0.0688781287229282
sample,D234,train,0,0,1,1,5,1,1,3,4,5,4,1,5,3,2,2,2,3,3,5,2,3,1,1,1,2,1,4,5,4,5,2,2,2,1,5,2,3,4,3,2,4,4,4,2,2,4,2,1,1,4,1,2,2,2,5,1,4,4,4,3,5,3,4,4,3,5,4,4,5,4,3,2,2,3,5,2,2,1,5,1,5,1,4,3,4,3,3,5,1,4,5,3,1,4,3,4,4,1,1,1,2,1,0.72504480628808299,0.11340182786687536,0.44392369412661403,0.51258924132903361,0.3846032403833306,0.032258773588413781,0.43304828095188197,0.20877270134914283,0.89987903894129728,0.72320964452331582,0.54508817919538488,0.017435213039460162,0.38121280095715271,0.66395364510917165,0.67786071934913139,0.20171474936668199,0.22836428125368258,0.18889556097027593,0.50460356956224184,0.1361813057084198,0.073584232869602917,0.21381051809914409,0.46939138544545445,0.30750190927253596,0.31150927964186093,0.20108895816199923,0.021962844499887613,0.36499638264011069,0.33354267122341008,0.30612137847649501,0.35293049058929649,0.84035205325516793,0.47165962710415255,0.034367282807725497,0.76843207501869182,0.58842927789295374,0.65987433769323856,0.7383388253093035,0.044312889395141442,0.1967698676864954,0.69390945469380139,0.53688069898297586,0.17517072946887069,0.63372158520895072,0.1990616986230842,0.28379261902609476,0.19490387217784044,0.62742820158036972,0.64952296208186733,0.76583964814345207,0.83670055499973406,0.18634322607284293,0.70619809391384059,0.52958163803692093
sample,D235,train,0,0,0,4,3,4,5,1,5,2,3,4,1,4,4,4,3,2,3,2,1,3,2,1,2,5,3,2,5,5,5,5,2,3,3,1,1,5,3,5,5,1,3,4,4,2,5,2,2,2,4,3,2,1,5,1,2,3,2,2,1,1,3,4,3,2,3,1,3,4,5,2,3,5,1,4,2,1,3,5,2,4,5,2,3,3,4,2,2,5,2,1,3,4,1,1,3,1,5,4,4,3,2,0.99172626207158743,0.72248439585364466,0.8219347312165276,0.22088040493354755,0.71442973431491785,0.1251612037725407,0.96369221281715378,0.11993554720486499,0.57432399210229712,0.1564766106311799,0.72064294054346045,0.14966634365312304,0.59938403661021666,0.68092921818779462,0.28554265673656121,0.88430574830854469,0.35131047372288127,0.33189600977148792,0.73318316373943326,0.32705923070225407,0.01462582166716464,0.062250186014165543,0.013722818384796831,0.90383329080928998,0.3709968806494871,0.01707310381250049,0.46136428494936954,0.15824113610044566,0.69820851257511629,0.52461649583892223,0.23125395344982735,0.078760270933494692,0.65780064193515919,0.44722092973731198,0.91479051345426932,0.7364024699138485,0.48123104474053946,0.010848367538369597,0.92389884041883907,0.033723264563037203,0.76644394127007676,0.99413049427212352,0.5041706502170098,0.28776285923712019,0.97951843050210796,0.71573002671207653,0.54320865658117345,0.57203296487177524,0.59077968492081889,0.93360686949129623,0.0044004120434613103,0.35440239676828322,0.16932456484299996,0.98185196730169588
sample,D236,train,0,0,0,3,2,2,2,1,5,4,2,2,3,5,5,1,4,1,1,4,1,1,4,4,2,5,5,5,5,1,2,1,4,4,1,5,4,4,1,3,1,1,5,3,3,2,5,2,2,3,1,4,2,2,3,4,1,2,4,5,2,2,2,4,1,3,3,3,5,5,2,3,2,1,3,1,4,2,2,5,3,1,1,4,4,5,5,2,1,4,4,3,4,4,5,1,4,1,4,3,3,2,4,0.33884545562438073,0.87503210332685466,0.57326473908826148,0.094688103342994157,0.77162852265574433,0.49300982350615974,0.93694179103043351,0.3329064805918085,0.5490244450583458,0.26807051946068494,0.96819839739241464,0.65798840787356849,0.57767929973360232,0.10181550921677851,0.83855033952586033,0.41624949578166426,0.30818802133473322,0.31418738387445866,0.57920799969781034,0.37859380555266708,0.77412519154618609,0.028914435712175224,0.5767516589646331,0.45857634693857541,0.43839019868798612,0.98692252640500655,0.13475018887322721,0.050865664283157419,0.48518814519268194,0.75196163163925633,0.79576156949921573,0.34104854561272213,0.78405519993072725,0.18664558624410499,0.37134724976620914,0.35612499624188065,0.53063840944877783,0.82972983545117052,0.49488653917745085,0.39399908365639669,0.69872411090061126,0.50862663516470707,0.83534730714038585,0.73794309407931069,0.05666991270235433,0.92475733450289899,0.011526722202322981,0.28988660773555841,0.10482875252440205,0.11535132820749261,0.29869291648686314,0.93563775015975958,0.90046368309043712,0.031113171557122676
sample,D237,train,0,0,1,5,5,3,5,3,4,3,5,5,3,1,5,3,3,5,2,5,1,4,5,3,5,4,3,1,3,4,1,4,3,2,4,2,3,3,1,5,5,3,2,1,1,1,2,4,2,2,4,4,3,4,4,2,5,4,4,2,4,4,5,4,3,2,4,4,4,3,3,2,1,4,3,2,2,5,4,3,5,2,3,3,4,2,1,2,3,4,1,1,1,3,1,3,1,5,1,3,5,2,1,0.98239408947867291,0.89265269699661498,0.65619192188793218,0.44375289734973034,0.41316133247282683,0.57110796681552767,0.99907901082974737,0.15078799048605662,0.81219957300946766,0.37563791652669476,0.025470905676415412,0.62636422183077789,0.5880667202226848,0.68825213796287066,0.21723653100446561,0.12678119924563924,0.28619901357297772,0.16096268932214353,0.64370612801355709,0.19416698065247118,0.57897019511152836,0.31263555836563572,0.11051247713171652,0.26866129418791829,0.14394571230848452,0.33672589505133188,0.24241652954426285,0.41611576289715946,0.42730366057060654,0.47588239062828019,0.135441149023385,0.23164057405522376,0.072494729507328826,0.88314117296920813,0.94660925526763628,0.95283543433583395,0.10301136306921788,0.68791799223324945,0.63690240428764033,0.92057649270596276,0.29390111034103195,0.93978218002935221,0.54355401778113199,0.11685676020784186,0.50216336115377835,0.40499457113364035,0.76711761782634758,0.35100692448551296,0.73060674839280582,0.87614824161268989,0.80064578340811343,0.33695353545070417,0.45558002336283432,0.075859040320709337
sample,D238,train,1,1,0,4,4,4,2,1,5,3,4,4,1,2,4,4,3,2,3,2,3,2,1,5,3,3,3,5,3,2,5,3,5,1,5,3,4,3,2,3,3,1,5,1,3,1,3,2,2,5,4,1,4,1,5,4,1,3,2,1,3,2,3,3,5,1,4,3,4,4,4,5,5,5,4,3,2,5,3,3,3,3,2,3,5,1,3,5,3,5,5,4,1,1,3,3,4,1,4,5,3,5,3,0.031821972932177034,0.27205055510175735,0.72361343128343947,0.44004168761900686,0.1347875165235588,0.53897909135443556,0.78384613457204377,0.91996657037711616,0.92822727066719235,0.95677817191106951,0.49676502836098591,0.20299659032943951,0.11829278314935809,0.19025857894126663,0.55355298009982568,0.95822906247827611,0.40036728045093717,0.12028727806340389,0.7300921782326899,0.13118186160049139,0.52837927620980363,0.69719767676342248,0.93035827327495924,0.4990964901152245,0.8987030090133491,0.71641991771524871,0.36626243132464054,0.68453299983246529,0.44531169621636379,0.23746112912438455,0.86883132124784168,0.54589234316864654,0.67922518386626163,0.96217577382406294,0.60326981686072789,0.88356935078370413,0.49014675068846791,0.17747093336938324,0.9164273107295392,0.72996798076582659,0.8824716626812269,0.11558533138853311,0.59003574904274925,0.39690898521360451,0.92751254034662367,0.45056724553598593,0.76336235791344309,0.40929717731836868,0.50863802445869544,0.12276235955363968,0.80058201511697102,0.72563439537018237,0.34794980117604768,0.84074706455539638
sample,D239,train,0,0,0,5,1,2,3,5,1,5,4,4,4,1,3,3,2,4,2,3,2,5,1,5,2,3,4,2,4,3,2,1,4,4,4,4,5,4,5,1,2,3,3,4,4,3,2,2,1,5,3,5,5,5,1,2,2,3,5,1,5,5,4,1,1,3,4,2,2,3,5,1,4,3,2,5,4,2,1,1,2,2,4,4,5,4,3,3,2,2,1,1,4,4,2,5,1,3,3,4,5,2,4,0.51456547067524538,0.77701819767589975,0.59464562730205084,0.82862262333920433,0.7364100750589494,0.54980093463586366,0.94154921993891583,0.96102053598693171,0.59290222682281313,0.14501507959747595,0.51284528621604242,0.13678610819505854,0.29526463155963678,0.87044299597495833,0.29089712003407331,0.1841793212324575,0.069425408510028763,0.10424468345872673,0.25954931498054223,0.79300808083113894,0.1826555461141337,0.81687408967419184,0.3421668037581822,0.62799059346547303,0.18810950093847567,0.15469125789627947,0.47802477840094626,0.42661503870750561,0.017011082368398212,0.81184504335518737,0.1564684881952022,0.26003154855511201,0.38770555012144436,0.38733322323226149,0.31413014058645106,0.92016604016414805,0.033358417941352081,0.74765744343028429,0.60708234892815927,0.045543994538855603,0.85340550566146656,0.92942829498441637,0.23966741070908937,0.78959309880903839,0.54522743981367883,0.10312340676396625,0.079937941641049282,0.60267292264608807,0.45165257802714753,0.81755765054560969,0.90876909805210948,0.14642990336043826,0.68736831605389626,0.29067796288076408
sample,D240,train,0,0,1,3,5,2,4,4,5,3,3,1,3,1,1,1,4,3,3,4,1,5,4,2,3,3,5,1,4,2,2,3,5,4,3,5,4,4,3,4,4,2,2,5,3,2,1,3,4,5,4,2,2,5,3,4,5,4,5,4,4,4,1,3,1,5,3,4,1,3,4,2,1,3,3,1,3,3,2,4,5,5,4,1,3,2,4,2,2,5,4,1,1,4,4,5,1,5,5,1,3,1,4,0.49428708871658533,0.52622028335646409,0.87402067456925325,0.41106972872047121,0.16445642124671489,0.24792323899920843,0.7683201663057696,0.12891709419724384,0.17779905785749694,0.83812851041858882,0.80422286855065528,0.8079794838738471,0.36484285892518753,0.37720684499445445,0.3055947731937374,0.70771199821587694,0.044481867007816533,0.9618199795949316,0.13020486210489191,0.54184169256874071,0.48406215858241963,0.74681377278307937,0.316855781542554,0.78108078421697924,0.55331128250190853,0.49713889824354318,0.34821940042339217,0.13717156143300335,0.51739985495577134,0.93106901453196356,0.87677775712755712,0.030944264747165384,0.18952579250650259,0.81167517201723371,0.2382441677136472,0.09049230662347385,0.47350645699627802,0.49536336223361577,0.53787856905086984,0.53357290766719212,0.76313229891198042,0.6157418875102717,0.89438191792646304,0.81260544274570645,0.70171635540326827,0.48160052128333752,0.38095963453227866,0.70371485202697315,0.78845296842560864,0.76378392515601401,0.29736932693101925,0.7432048651842581,0.13184518143922697,0.4101082978533872
sample,D241,train,1,1,1,4,3,3,4,1,1,5,4,4,4,5,3,5,5,1,3,3,3,1,5,5,1,3,3,4,2,5,2,5,5,3,3,3,3,5,4,3,1,4,1,2,1,3,2,4,4,2,2,1,2,2,2,2,2,1,2,4,2,4,2,2,2,1,2,2,2,3,4,2,5,3,1,4,1,3,5,5,5,2,3,4,3,2,3,1,5,4,4,2,5,2,1,1,3,5,3,5,1,4,5,0.29652769918451283,0.2738097633570673,0.35556518856536634,0.68301638566755973,0.69214863242365865,0.9025637517896149,0.50088461063843881,0.65266934359660023,0.64486020929758836,0.90843854190077766,0.19472412147532236,0.3248273774381768,0.88812994577290705,0.67014018773933481,0.31289829037735928,0.7182374785708816,0.092718304447811484,0.3982514914913855,0.366997966700081,0.79316188894002038,0.13450813613554191,0.88302306871080261,0.38858066740268593,0.51266786561981426,0.97391728146413192,0.65153819290566706,0.18067715781394611,0.91956034562714883,0.29502315719001904,0.18787510413913333,0.20770827929289015,0.92014692943247989,0.39558729832397321,0.1721036749051772,0.40772922560431546,0.0097934532870631585,0.62665379467222049,0.61858785240183467,0.25843759759791818,0.66657907306629827,0.98011456404011243,0.030321217960279756,0.2656438560373382,0.81783961274026773,0.59795915132765376,0.94855675989355193,0.12055762330980158,0.94108996297179581,0.85408495809311757,0.32872148586826477,0.3451008561215394,0.66140670770957688,0.70717633893169973,0.51367952759609359
sample,D242,train,1,0,0,1,4,3,1,2,5,4,3,4,4,4,3,3,2,3,4,4,2,5,1,1,4,5,4,2,3,4,2,4,2,4,1,2,4,4,5,4,4,2,5,2,3,3,3,2,5,2,1,4,2,1,5,3,4,1,5,4,5,3,2,1,3,1,1,1,3,4,1,2,2,3,3,3,4,3,1,5,4,2,2,1,5,1,1,5,2,2,1,4,4,1,3,3,3,3,5,2,4,2,2,0.011841719414948493,0.21672185472640926,0.480562117859615,0.48547545685766602,0.034594010607042702,0.50604526034909125,0.38551594781613585,0.47035713655730915,0.26815480421515436,0.53353941282801542,0.81351230760891957,0.85400090880739854,0.40557937037368452,0.29008003150228379,0.7800213340522153,0.65393778830613647,0.40385654787804481,0.41217938719583747,0.81396553371392411,0.55721191978444173,0.38833583776221225,0.83541422324803882,0.068317329318803854,0.25001069706579526,0.64785615936500041,0.045982656018021539,0.68923438855455033,0.27049709050173409,0.57924858718982974,0.35522020959658118,0.013099341491389693,0.59471885784080103,0.21728652212925259,0.7541743280885298,0.72689479878708396,0.86478616865036395,0.7206213182453941,0.82044265320328902,0.10796290253833063,0.38974037087642743,0.80164994067972928,0.32272682121696195,0.76000251139935415,0.26897063094038265,0.58235858699265175,0.2885139366598054,0.68145052553754593,0.61579421169409221,0.043257574376695862,0.63913684287415284,0.45781360433863516,0.31456068806031678,0.47128149965994404,0.015957263882080963
sample,D243,train,1,0,0,2,3,3,5,3,5,3,5,1,3,3,5,3,5,3,3,3,1,3,1,4,5,1,4,3,3,3,4,2,4,2,1,3,3,5,5,1,2,3,3,2,1,1,3,2,2,1,1,4,1,4,5,4,3,3,2,5,4,2,2,1,2,3,4,2,5,3,2,3,2,3,4,2,2,1,3,2,1,1,2,1,4,5,2,5,2,4,5,3,3,2,2,1,3,4,1,3,5,3,3,0.93920275864015401,0.10612727708742042,0.40416970291444965,0.96809641155490822,0.9051220722684471,0.86056297720772423,0.79617364792611034,0.8932740250762301,0.88447452949723837,0.41792833041336008,0.0044215246670461505,0.22940624767133078,0.26664028434066656,0.28474757428633624,0.91261848286594294,0.15107021787758579,0.66680134356728971,0.50448557849994247,0.43295708437058,0.81637333520690825,0.01670441698972247,0.72876377798767755,0.6681951425938697,0.22374711043065165,0.88818957164437673,0.86884378255519568,0.19187411630916873,0.046498146478209268,0.87826345585697052,0.21051520955781355,0.39757544812868095,0.8593066701710832,0.12495249300917488,0.72643528696718651,0.37640365290059152,0.75122281644999656,0.80319081692733107,0.69132260875557383,0.41645442044680714,0.641960467310012,0.13835914294418139,0.70959249897647714,0.091292969633946175,0.99743558067680771,0.16755727421780309,0.19459410722934267,0.33543562506287639,0.36940700850341202,0.14838445508690845,0.37429417527391828,0.5548620042943293,0.79992155744019466,0.095111327936586387,0.0061349822314732405
sample,D244,train,0,0,0,2,2,1,5,2,2,5,3,5,3,2,2,2,4,5,1,3,1,1,5,1,4,1,3,2,5,3,5,2,2,4,4,2,2,4,3,3,3,2,3,2,1,5,5,5,5,4,4,2,2,4,2,1,3,2,3,4,1,3,2,4,5,4,4,2,4,1,3,3,5,3,1,3,4,1,2,3,1,3,5,3,4,5,4,5,3,5,1,5,2,5,4,5,1,4,5,5,4,3,2,0.76715086924389964,0.38372389201056445,0.60856203930947605,0.52230501953011943,0.15325997822811599,0.70376805031372724,0.3103788315530065,0.39110180312047427,0.95209138219501976,0.20008130876166996,0.33267690395625016,0.79616471670986899,0.10588893408109812,0.58658556466079204,0.33372317863231182,0.88721201938853789,0.55976547529320375,0.65257783238489697,0.02917412206887382,0.32536251747952438,0.95167780194746854,0.88918012570844784,0.65581401983765208,0.98842180164294702,0.46786860241044081,0.7514360767417394,0.37100327945538658,0.26076680195073521,0.41763772327995163,0.46302547471981415,0.056601954683692557,0.11540507947400747,0.47520515813452502,0.59383031252629825,0.30995027966527489,0.87021369587338671,0.63353588822991069,0.61815722176805477,0.6817009943342629,0.30263464936960416,0.37765831181887188,0.54797980627757781,0.34097461333174728,0.40678914145452494,0.61362118120631304,0.24368328829653219,0.89086298682932907,0.96446211079330391,0.46448027528775293,0.16742344795054531,0.7024993342834881,0.69746969252019764,0.90020296870628813,0.84794759761441463
sample,D245,train,0,0,0,1,5,2,4,1,1,3,4,3,2,3,4,1,3,1,4,5,1,2,2,3,1,1,4,5,5,1,1,3,3,1,5,5,3,5,2,3,4,3,4,5,2,1,1,3,4,4,4,5,2,4,3,1,4,3,2,3,1,5,1,2,5,5,2,5,1,2,2,3,1,1,3,3,2,2,2,4,2,5,3,3,2,2,4,1,5,1,3,1,1,2,5,3,5,3,4,2,1,4,2,0.87611972868122967,0.44709143690941533,0.2801888535673992,0.8515189465608014,0.31679398938177372,0.49190367860018569,0.57113697243938322,0.12908521582686538,0.33507396428116665,0.55169747356606913,0.78278056932034346,0.23181600290338888,0.025729238545730726,0.98613248154865984,0.49045762479347199,0.010591764265324599,0.10485241039099102,0.26084686467732221,0.23003631687047899,0.80462029656924372,0.74221854835409973,0.9240061521748284,0.54989911290797777,0.53395386439752857,0.53334276393892754,0.74204691718703042,0.70607285475322901,0.82439378489706394,0.8196428226061736,0.74915366748828283,0.60752221603033107,0.73935231911544808,0.086665135678339333,0.62940816436490132,0.5917533198994136,0.40967655106859602,0.23448203635377152,0.29467954455171719,0.99731997920186055,0.62410614887371973,0.49764144930245013,0.097241821243969406,0.96394010775925998,0.42334321947398845,0.56988084708663778,0.091898425242517789,0.27763429597451017,0.52262624907320276,0.75769006509039794,0.59514018317418338,0.0095153841782296134,0.088084854947353408,0.39998444847858483,0.027911755752531575
sample,D246,train,1,0,0,2,1,4,5,2,5,5,4,2,5,4,2,3,1,3,4,3,2,5,3,5,2,1,1,1,1,2,4,3,3,4,5,5,1,2,3,5,5,4,1,2,1,2,5,2,2,3,3,2,4,3,2,2,2,2,4,2,5,4,5,5,5,1,5,4,1,1,3,3,5,5,2,4,3,2,3,4,1,1,4,3,5,3,3,1,1,3,2,2,1,3,2,5,2,3,4,4,3,3,1,0.98527604383129241,0.56761712730973979,0.16769673557358811,0.59609159004865142,0.35828022744399002,0.68889549504413305,0.50299446912843593,0.41763948918632499,0.14915999475241282,0.98093769986131552,0.61845953350081873,0.7423189327349371,0.14475115575516617,0.19997510473453783,0.55601652034472904,0.52858366368522014,0.010284994430883598,0.88642430164039854,0.40706139083990356,0.60158651341783165,0.23421544980119657,0.13027791753077456,0.76881841543919727,0.29386180847437116,0.63263423535856766,0.81608508384872802,0.81076768329840954,0.99435092402775904,0.43886562320140809,0.20935826847919536,0.34695755581914045,0.99901223940876238,0.64563523228505426,0.79193841530867715,0.83542175259923812,0.61662404216553179,0.7063327768574913,0.55682382033844591,0.48905917223788609,0.68838848627809612,0.24204774406341334,0.87012918734254652,0.28437444661205968,0.81138426960714405,0.39133852030139804,0.91054268618713985,0.54739272196438626,0.38893368037516529,0.71635607114690081,0.75858188395061865,0.39901326345907362,0.9730099706233496,0.94196254200976204,0.54033492777689462
sample,D247,train,0,0,1,3,5,2,5,5,4,5,1,3,4,3,3,5,4,3,5,3,5,1,1,5,3,4,1,5,2,2,5,3,5,4,3,5,2,4,3,3,2,5,1,1,2,3,5,2,4,5,3,5,1,5,3,2,3,4,3,2,2,1,3,1,5,5,5,1,2,2,5,4,2,5,5,3,5,3,5,1,3,5,3,5,1,3,4,4,5,2,4,1,2,3,1,1,3,1,3,1,4,4,4,0.88021134448373295,0.60136450542743836,0.69132427505311111,0.15603820113248901,0.96314237510626233,0.71760592941529411,0.51449601530283862,0.17867920813795168,0.45926718419787527,0.881445675619146,0.078737749273737112,0.49522037912873529,0.080335215138053861,0.67656687284933392,0.74658828432527269,0.20209555032207849,0.061488734380489185,0.3181102216022168,0.065450402641883176,0.90416119016309471,0.57220838035333033,0.28411862406429189,0.25538229849882899,0.14554741292584616,0.24933734730642176,0.86820260265185278,0.55451529177680758,0.12830949283285986,0.0043512147175616134,0.69210153098082294,0.87477175963542053,0.46060071262871505,0.79735644768110236,0.38119094810594745,0.53898933702332108,0.17196027768196209,0.1306952470865248,0.63232019428218023,0.83587458282972638,0.46448289546362787,0.99039894556735253,0.22702234050605574,0.91629740663887616,0.23858633312139677,0.22622819435721608,0.47463904885281616,0.93828672346979947,0.99205071232411601,0.24831482189664122,0.87188176520038674,0.2615018386350052,0.7540031739723132,0.064375222236597196,0.98577178617533234
sample,D248,train,0,0,0,5,2,5,4,5,5,1,2,5,2,3,3,1,2,2,5,2,5,1,3,1,5,5,2,5,4,5,4,1,3,2,1,5,1,3,4,1,2,5,3,2,5,1,5,4,3,2,1,5,2,3,5,1,1,1,5,5,4,2,5,1,2,5,5,4,5,3,5,4,2,2,5,4,1,4,3,4,2,5,4,3,5,2,4,1,1,1,4,1,3,5,1,4,3,1,5,4,5,3,2,0.93431909838421545,0.26778694243311574,0.90931580378361032,0.97641363634061662,0.3867997632183191,0.43922459525942215,0.39665411688514041,0.062881285741694715,0.78454052219241011,0.18001647171762847,0.65369246000609293,0.77590274505172074,0.27815184725314768,0.64701501893176561,0.54433160567103434,0.1156947125614104,0.84004413625833463,0.93251429144885623,0.61890779231319104,0.77370786897150834,0.47213693653966093,0.22064249247721734,0.554682398124972,0.22600642648492397,0.2722167961672306,0.87136609229357997,0.83871654860749623,0.55174073684311076,0.75365143862016437,0.36372683250962645,0.58586724923351097,0.12978371401392264,0.48975158908442618,0.61496744007604176,0.063892515166730224,0.34573419832895247,0.79294234335050329,0.93996408448433821,0.18506915088174081,0.44265056564534322,0.70207950017783904,0.71605226692686419,0.97693379326453966,0.30596022754963603,0.19878794098646668,0.21908427157754029,0.62762333259065084,0.10219459966905442,0.35847535893948124,0.27772591269883828,0.17666360028366224,0.91014673039549587,0.55285439825048466,0.0063014992060453912
sample,D249,train,0,0,1,4,2,5,1,1,3,4,1,2,4,2,4,1,3,1,4,4,4,3,4,1,4,5,2,3,5,5,3,1,1,2,5,4,1,2,3,2,3,3,2,4,5,1,5,5,3,2,2,2,3,1,5,3,2,2,3,1,3,2,2,3,1,5,1,5,1,3,1,4,5,2,3,1,3,2,5,4,5,5,3,3,2,5,1,2,5,3,3,4,1,2,2,5,5,5,4,4,3,1,4,0.98604305978214524,0.68714636872486012,0.82528361816154916,0.91815884502364953,0.064732319867832344,0.78722190070151055,0.69676360490264599,0.78230569889558532,0.43463205470829758,0.69345222141602825,0.28487302104545498,0.92411079719600742,0.43770260604307254,0.42865340395590756,0.35028070088884877,0.41162324233406966,0.20361377788990487,0.55238409150719814,0.24349508961891775,0.25689776355894511,0.11544587101867443,0.58670703231382382,0.2090719867078159,0.45365886980316261,0.82560623472210415,0.18564464796068236,0.9680476713172248,0.073648808496968088,0.9833520900944176,0.39058199717760844,0.83456085549377956,0.81500594653571334,0.065478307539953873,0.57348077872582581,0.32392328096650969,0.70201441981512624,0.65732898551588159,0.35267330036233469,0.76513216595731681,0.22000186742721317,0.20186381899657457,0.069136691493110969,0.27640135137126698,0.74938944134765051,0.50866559327030803,0.28080407205824642,0.2167177604927284,0.985629652265824,0.31978670346339877,0.44405498285661604,0.10640662857770244,0.92029087867423198,0.30602199529571406,0.90376285574641269
sample,D250,train,0,0,1,5,4,4,4,4,4,5,5,2,4,2,5,5,2,4,3,2,2,4,3,3,1,5,5,2,3,4,3,1,5,2,5,1,4,2,5,3,3,2,5,4,5,2,2,1,1,4,2,3,2,4,1,2,1,5,4,3,1,4,2,1,2,3,1,2,4,1,2,5,2,2,5,3,1,2,3,4,1,1,2,4,4,3,5,3,1,1,2,4,2,5,2,4,3,4,3,4,4,3,1,0.29724753577260421,0.92724547863492912,0.45897297938256665,0.096990940590669261,0.8081902107221508,0.87029300222625672,0.071811812810283704,0.69625890035815918,0.83088434550394286,0.43256178423608915,0.010521349632514498,0.39687563173990181,0.42688026101638565,0.83746687344307003,0.97718622033054026,0.19809944774902266,0.67107386568915861,0.90431012670607391,0.5108554824725321,0.77956643744660525,0.6075082301046989,0.54229700478114851,0.63918158317384877,0.79082910910326509,0.40926419998430219,0.57276807847500832,0.0104473282009373,0.97878630030585467,0.096581830274915181,0.8853757151813938,0.023359196916678426,0.45371881350515064,0.88521878490164507,0.34598519286803919,0.56500411929737393,0.20483339223900654,0.89591490688018216,0.11497251954452292,0.64416429939517883,0.85911934480183838,0.82970785201478947,0.27755574339716649,0.31561481564828775,0.84089302977167268,0.97334230567420177,0.44803970424864115,0.91683937535388227,0.24329294735757412,0.36681163896929725,0.019036494438387175,0.11042227921209569,0.029793749749515097,0.8848940655711619,0.45039589719097317
sample,D251,train,0,0,0,1,3,3,5,2,5,1,2,2,5,1,5,2,4,3,5,2,2,1,2,4,4,5,4,2,2,4,3,4,2,1,2,3,5,3,5,3,3,4,3,3,5,1,2,5,1,5,5,2,3,1,2,3,4,5,1,4,3,5,4,3,5,4,1,3,4,3,4,3,4,4,5,4,5,1,4,4,4,2,4,4,3,5,5,5,3,5,4,4,3,1,5,2,5,3,1,2,3,3,3,0.20776654022080343,0.47706958651309139,0.23640162102677686,0.20406303405681314,0.58055549522069727,0.10597878103504876,0.23739319241193568,0.28284170159251831,0.97432280056966059,0.28835930208683336,0.95845771696834781,0.9914149264571489,0.90424866674884741,0.22774490811721637,0.63470986115186623,0.99632264953623828,0.31200755736169861,0.99883519848032609,0.37148730664874363,0.24766964544847681,0.74412078002882154,0.35474479027156935,0.55485213053191584,0.55754471925002758,0.48094302135925637,0.49305130914282225,0.6082718862388522,0.82934987906155577,0.97787387031645423,0.7192554267947725,0.40274354774045817,0.59439968040773017,0.2795983618191441,0.88670600917737918,0.92059368016457477,0.46345046532255063,0.74697421067080783,0.58737544453737511,0.34834356396454103,0.89918513821429968,0.2105260681924388,0.74258125116670337,0.25972870775146983,0.7263952338216092,0.75890227568880086,0.94798872595569572,0.51280782289218041,0.17367837345374126,0.96222302641075486,0.30892745491536033,0.27867519248027461,0.077509571577450864,0.03836452416279923,0.56543407850582628
sample,D252,train,0,1,0,4,5,3,2,1,3,1,1,4,4,4,1,1,1,3,1,4,3,5,3,1,1,3,5,2,1,4,5,5,4,4,3,2,4,2,3,1,2,4,3,4,1,2,4,2,1,3,5,4,2,2,5,3,2,1,3,4,2,1,1,4,4,2,4,4,2,1,1,4,4,1,4,1,5,3,5,2,1,2,4,5,5,2,4,5,2,1,2,5,3,5,1,3,5,4,2,5,1,1,1,0.89304530083053879,0.76595836989759114,0.5989712108886075,0.77177541022171947,0.014104166359758641,0.61881435037184274,0.098398582092843578,0.98289577482010704,0.26961308105517423,0.73618957467195867,0.73481188136342135,0.38742602530772874,0.84724605015924959,0.05478359361522056,0.83416240655557794,0.16648043399804824,0.87209650359756685,0.75328261120235285,0.73018958641032616,0.75323523786019497,0.92781695593659941,0.37493503538829209,0.93976148919679825,0.41327270388495307,0.6857991632890208,0.50979770891467124,0.88064782211756254,0.34637692189064695,0.060082116696844712,0.9245902950536603,0.04607404405139448,0.62495591207625945,0.14283390932741546,0.38411238288772065,0.53338190573577327,0.84557686059562898,0.12407116084988346,0.074897102120373704,0.11739460268554003,0.8701561478369032,0.75014747573767337,0.071785908016643973,0.10825056017490153,0.95981460252727113,0.60039317760748234,0.92989339098717727,0.2948475339667701,0.38987435481512489,0.39455319384512832,0.11179552261162651,0.25789948994459699,0.20577282868118829,0.12391335814651294,0.086418676722012755
sample,D253,train,1,0,0,5,3,2,5,3,5,5,2,5,3,1,3,2,5,2,1,4,2,2,1,5,4,3,5,4,2,1,2,1,1,2,4,2,1,1,1,1,2,2,3,5,5,4,2,5,4,2,5,5,3,1,2,4,1,3,3,3,2,2,2,4,3,3,2,4,4,2,4,4,5,2,4,1,5,4,1,4,2,2,1,5,3,4,1,4,3,1,2,3,3,3,5,5,3,4,2,4,4,5,4,0.33001317096802685,0.99763626823575557,0.66849202411288999,0.5397993834894107,0.57876878650125374,0.43059266589077638,0.94793749502602087,0.9371360724757648,0.81216511151116277,0.72895726295651875,0.37373864668140033,0.63381349758275873,0.061730965222376755,0.6905693496243952,0.74070842060002517,0.46490729320969537,0.81026994233988281,0.28245128657886431,0.87875937607878474,0.63762086264679652,0.58930916206848427,0.78576273293210597,0.062098904299322188,0.90200787344525746,0.59503974211819199,0.71220339605261263,0.33699142997402753,0.13943785910528905,0.14624893543480744,0.095057921268254852,0.085693900633931896,0.92040066461847014,0.84501262959690726,0.13733508858234833,0.6785137554620978,0.1930505861629539,0.32129211461392226,0.78118285862185965,0.50232886095738749,0.10535126957224417,0.39008054097850342,0.65456036244365845,0.8656998578417211,0.58760516043550948,0.79942967902310391,0.091112446530602798,0.14472866369785409,0.80375255365119624,0.14969310125836421,0.58364169345326411,0.26683391594697958,0.79540230041953075,0.74875259053327547,0.11241934629579209
sample,D254,train,0,0,0,1,5,4,2,2,1,2,2,1,1,2,2,1,5,1,5,5,5,2,4,4,4,3,4,3,3,1,5,1,4,1,5,4,5,4,3,4,5,1,5,1,5,5,4,4,2,5,4,1,3,1,4,3,3,5,3,5,3,5,2,3,1,2,2,1,4,3,4,3,4,3,1,2,2,5,4,1,2,4,4,2,3,3,2,2,1,2,5,4,3,5,4,5,2,4,4,2,3,2,1,0.54623064024176726,0.81888622375665499,0.10443228218506739,0.30443147650137259,0.67168233543177469,0.16279641172231873,0.52845242687354665,0.08914820653449973,0.32982180570261854,0.3132365031641583,0.84822325632914652,0.10516415313490701,0.65438499237134173,0.97612256594209379,0.70696308997737722,0.73295582983278806,0.78323425833628635,0.93049346524248944,0.90738711323946863,0.8769264258139825,0.79127412399123753,0.26232522553757442,0.0067228934144115682,0.34119413713294366,0.55422804220351429,0.57724340265735197,0.14549933359767253,0.8244068600536415,0.3735213172666827,0.88118031657223606,0.17200088703120442,0.14818867428686588,0.61332131621326236,0.85113820577027943,0.13880607343669005,0.22337010855506478,0.3338452562934755,0.56537496596616554,0.4141969803452259,0.60299794896906278,0.089268898743887881,0.017011695486926048,0.46959193858664106,0.47354596612045519,0.29151245993625496,0.85451264592136023,0.40400321885040968,0.33315787853000522,0.87120239211750783,0.20918470984921778,0.10202873333595519,0.028243253838725946,0.90220824849519698,0.7857253147392923
sample,D255,train,0,0,0,2,5,4,3,5,1,5,3,4,1,5,4,5,4,1,4,3,5,2,3,4,2,2,1,1,5,3,3,1,4,2,1,1,3,2,5,3,1,2,3,3,1,2,2,5,2,3,2,4,5,5,2,5,2,5,4,5,2,3,3,4,2,3,5,4,4,1,5,1,5,3,2,3,2,4,1,2,5,2,2,2,4,5,4,5,3,3,5,1,3,1,2,1,3,5,2,4,4,1,1,0.27452265737303561,0.58946027681957991,0.44085554349481049,0.74382951231764194,0.065124102078812363,0.55455864156064094,0.57601620191420766,0.39645562251191291,0.37208408079267019,0.69412401556222036,0.52704689255818293,0.69949964990855784,0.066159427714680863,0.66732163410581624,0.47195952587218637,0.15551097433457894,0.060819091417898763,0.65122697402792862,0.43386309405865564,0.4192393357755112,0.020264389730089039,0.83921756002138415,0.41817409714841947,0.83262219893981515,0.22721986765278945,0.51596842852547831,0.38660172838656426,0.039023056631675268,0.81457866280914171,0.12706245327950216,0.56615254468746201,0.56043758064947136,0.57439097268579453,0.87199129289187094,0.87366198446525845,0.59698261348457571,0.74426571341595227,0.29544949505634088,0.2130015860061153,0.98179972118571146,0.047006837667504464,0.88670600229835073,0.32455654197229644,0.47083501303399633,0.29435114480875191,0.34116770048459477,0.95296613824147658,0.70329408684589267,0.48979815040050168,0.22602938207323953,0.15703759117497629,0.078064362160465528,0.20928094090763882,0.90848505018174452
sample,D256,train,0,0,0,3,2,5,1,4,1,4,4,2,2,2,1,4,5,4,1,2,4,2,5,5,4,1,4,3,1,2,1,4,5,2,3,1,1,3,3,5,1,2,5,5,5,1,3,4,4,5,5,5,5,5,5,5,5,4,1,3,4,4,5,1,2,5,4,4,3,5,5,5,1,5,1,5,5,3,2,2,1,5,1,3,2,3,2,1,1,3,5,1,3,1,1,3,2,2,5,5,3,5,4,0.71788414907792308,0.28167914367353986,0.70380815735060709,0.46475038554205828,0.71567433708999084,0.19814405577603467,0.81462397878398518,0.20958477491659955,0.98071079803646843,0.91825554982751589,0.79867279370056854,0.12566738465807337,0.48508636170840458,0.40571969255392715,0.24532516216255706,0.98334077062745828,0.75921772313479152,0.79283698659262292,0.058680844846096591,0.75210407404021595,0.15778135306550511,0.65833377047292707,0.64202968303939678,0.72553356621937393,0.2199901778440424,0.16419052296884384,0.1129218471930814,0.098903576909986413,0.91621289608688683,0.32290793782869986,0.16206027533331191,0.12725962517448564,0.011264234285149444,0.44859758324514454,0.35240833673086491,0.85395869848188366,0.80344315237622999,0.22222252824160649,0.046430752582059864,0.22184387070204947,0.70897959411899858,0.42839510236666256,0.38897168338015087,0.32149765007187681,0.52812715649594477,0.17970586031759028,0.30361104707239039,0.86564210169528244,0.54833874173508157,0.12336865938540642,0.13429651182601932,0.31301911760348999,0.089935818909798182,0.52123884471511306
sample,D257,train,0,0,0,5,2,3,4,2,4,4,1,3,3,2,3,3,1,5,2,3,5,3,4,2,1,1,2,5,5,3,5,5,3,3,1,3,3,3,1,2,2,3,3,3,5,3,4,4,4,5,4,4,3,5,3,3,4,2,1,1,4,2,5,4,5,1,4,5,2,1,3,3,3,3,2,2,4,2,1,5,3,2,5,5,1,2,4,3,5,2,3,1,4,3,1,3,5,1,4,1,5,3,3,0.29343281294587797,0.93135501362283635,0.14835415976291355,0.21699336998668928,0.31025523465695981,0.018284470983360168,0.54945073893571239,0.57580832137075277,0.72901176532996415,0.011413743738462379,0.52367198209304244,0.7013286097174577,0.58130272207634137,0.54223797163218457,0.18160864740975935,0.87159343775042353,0.18197601593845791,0.58050109814495932,0.49638925548080082,0.14937307271701239,0.37433960335467797,0.97518887767962115,0.044876968781421112,0.29794512704958653,0.79814471917679675,0.318482244408407,0.013890910241533216,0.79967944232748467,0.17678007580823485,0.5122265308422167,0.48261927630295653,0.5383703541208984,0.8426838499777437,0.31620374294935383,0.80326056460139261,0.53844639487426971,0.87055040469198497,0.1970384154812953,0.75540014386925058,0.11880953376113168,0.93328462407297297,0.014305283338388985,0.87420462964000378,0.26371160736450949,0.29101106618996031,0.80029029456211487,0.45702665286884991,0.64931891623356686,0.81676013210462006,0.51029845739667368,0.13062490078794931,0.79555055319065104,0.8909529823696466,0.12539243365522246
sample,D258,train,0,0,0,3,2,2,4,3,1,1,2,1,5,3,4,2,1,1,3,5,2,3,2,4,2,5,1,5,2,5,3,5,4,1,3,4,3,5,4,1,2,4,4,4,2,2,2,3,1,1,2,1,3,5,2,1,3,3,3,5,4,4,1,1,1,2,3,3,5,3,1,5,1,2,1,3,4,3,5,2,2,3,4,4,4,5,1,2,1,4,2,1,1,4,1,1,5,3,2,5,3,3,2,0.32091583971333748,0.37411514635153365,0.56317092442211736,0.86039357708597608,0.23178719751460186,0.96168400649863306,0.74430910144667251,0.66370425622782636,0.85819160952866091,0.31878327506070225,0.9057310594161907,0.68131044401988561,0.11668275577135434,0.53486020686588909,0.72357304952549872,0.6908146755271749,0.85666702666216166,0.76976468575088397,0.66903546837577776,0.87930154830030516,0.86452332654873087,0.90357726321807952,0.90190791512590152,0.46384278900128628,0.52715115379454458,0.76046680846216186,0.59452415898019917,0.35782548403735281,0.035967780107674319,0.57432118534459309,0.64869428583677491,0.0061947631110068624,0.76842278065788583,0.29522457280637648,0.78262063077289279,0.64594969034735727,0.20250960027253018,0.40146426977062966,0.14439275051592504,0.056515324029053349,0.73094481038897985,0.708421521367399,0.43285727488431069,0.012932576392524875,0.78706891394015488,0.13542922224029941,0.19671881557911985,0.039245109980045823,0.23774511002134702,0.079423047916692635,0.66045253794540415,0.09785009399940181,0.85589973991707091,0.28783836167268084
sample,D259,train,0,0,0,2,2,1,1,5,1,5,1,3,2,5,3,3,5,3,3,4,1,2,3,2,2,5,1,4,5,1,4,2,1,1,3,5,3,2,3,2,3,4,3,3,2,3,5,2,2,2,3,1,5,2,1,4,2,1,4,1,1,3,4,2,1,2,5,1,5,1,2,4,3,3,3,2,3,2,2,5,4,5,2,2,3,3,2,1,2,2,1,2,4,4,3,2,3,1,3,4,5,1,2,0.26431988955177232,0.02287606151981969,0.26228886939527829,0.91630785893525601,0.75772659108420914,0.50957153593572291,0.16086964727574171,0.22827408661659432,0.80847540498913117,0.96573426938019291,0.82963938536645465,0.77082319994072668,0.80979369018566028,0.52340631535472959,0.6266787249053658,0.080533261715895699,0.019331240708566066,0.81053980243923907,0.54831709407465357,0.097597811362438391,0.42907358509095295,0.026798891783261336,0.59041928375870212,0.33542219179081567,0.39211367693947607,0.98669556853742346,0.82387048400852947,0.10349639278680212,0.5923604150682461,0.80089521563301003,0.39230186344993012,0.45865155292556337,0.46391341843665612,0.93635321179802633,0.13258101123010924,0.87285495131185875,0.752235148769134,0.76118620082947308,0.89979392091744226,0.42786137140487124,0.9601737131430701,0.073392681034303409,0.74972740369506052,0.62906013808832428,0.93749711585965756,0.79657489712865837,0.3086684528246717,0.47435238122133738,0.20603843692399038,0.94768280474058264,0.40881834160517572,0.95343234354615991,0.44108932352692232,0.46028938830791521
sample,D260,train,1,0,0,2,4,1,3,3,3,1,2,5,4,2,3,1,5,5,1,4,2,2,2,3,5,1,1,2,4,1,4,3,2,4,4,5,4,5,2,5,1,3,3,2,4,3,3,1,3,4,3,4,5,2,3,4,1,2,2,2,1,4,2,4,2,5,5,1,5,4,5,1,3,1,2,4,1,1,3,4,2,3,4,1,3,4,5,2,3,1,2,5,1,2,4,4,3,5,1,1,4,4,1,0.41514707379317428,0.90153710704770929,0.54308710571553365,0.16325680525284669,0.2178031002746289,0.26268702406396582,0.94707903936467408,0.43034787170068856,0.8825961074805867,0.32600251135381264,0.73329455313219205,0.3918289944193567,0.10596970073436618,0.83522403956295044,0.93113272056590812,0.16976265265412072,0.032128765750513377,0.7911359426242851,0.40284378432256207,0.03547711020915445,0.54738221349016614,0.47670751680076573,0.34564143360361943,0.67941639463181613,0.58541286382167645,0.23721323958556095,0.0052659660267390107,0.40772779339802478,0.16822563868691442,0.90534747303619278,0.91473496712002211,0.41712150807435666,0.70768434040879269,0.071764520087926553,0.63525528921816177,0.58478064221118542,0.82550123782873996,0.08454329437890673,0.27373035595840989,0.2664569896004596,0.3584278151261342,0.77196485946411975,0.81550791371813347,0.35968418031800775,0.52311152562088481,0.11627836106884148,0.83357629166999458,0.35134715059037591,0.75765086876398369,0.85026141666371191,0.66475241136704077,0.80840733523777375,0.36358990481176412,0.87594845098017293
sample,D261,train,1,0,1,2,1,5,1,3,5,2,5,5,3,5,2,2,2,2,2,2,4,4,2,2,4,1,2,3,5,2,5,2,3,2,1,2,2,2,2,2,3,5,2,3,3,2,5,5,4,2,1,2,1,5,1,3,4,1,1,5,2,2,2,2,2,5,3,2,2,2,2,2,3,2,3,3,4,3,5,5,2,1,5,3,2,4,4,3,1,2,2,4,5,1,2,4,2,2,2,5,5,2,5,0.45745441815832144,0.62988546650814825,0.70543639569603989,0.024772794314574464,0.99629959646010002,0.45468836195812679,0.32739065746563989,0.47351563231232563,0.59411706011317722,0.33556187102117629,0.44091066561969428,0.60128228573462028,0.82162077474496409,0.81728134127671803,0.87630481999291343,0.086588103301118879,0.78839939937710657,0.035797005454957453,0.76451251305242263,0.19565246244863332,0.82813340554584103,0.8939577245374547,0.31925887636832162,0.029264026882829142,0.53627291618656181,0.3083836073372318,0.90710407529452997,0.12512489984895736,0.032547443379909002,0.12010733960913256,0.56463773253954674,0.82985049917995002,0.63866624199936084,0.19153912916057636,0.58863639920154065,0.92849279992701705,0.16753547490111087,0.61840916543774482,0.765069285424965,0.81434474885492314,0.44706115329680052,0.51375729582062102,0.10196739720864789,0.046820939159644692,0.22097054212676281,0.010946170216770135,0.46815195426260425,0.49206265505605662,0.81965267950142517,0.99110601504164442,0.21890492398567796,0.80503311737254568,0.82927872799335078,0.43147278972574354
sample,D262,train,0,0,1,2,1,1,2,3,3,3,2,1,1,5,1,5,5,3,4,2,1,2,4,5,1,3,4,3,4,3,4,2,4,4,3,3,3,1,1,1,4,1,4,2,5,4,3,1,1,1,3,2,1,2,2,5,1,5,3,3,1,2,1,2,5,3,3,3,2,2,5,2,4,3,3,2,1,5,3,1,2,1,5,5,2,1,3,1,2,4,5,2,2,4,1,2,4,5,3,4,3,4,1,0.089510407376028778,0.42715642986323688,0.093235712696486561,0.45597975579796812,0.29335851299715143,0.057696348085988558,0.67698336189097696,0.60914124069885756,0.5551969107480087,0.8086541746627639,0.75689985089010259,0.098163464897466857,0.96939647351688263,0.13516500980865553,0.21760009902459321,0.00061219761914321769,0.11672209089441765,0.82936143883109081,0.12782069129117168,0.41475647815555672,0.70947278153677895,0.42328218518742722,0.43199761237544221,0.0078376953212205835,0.40018875840356272,0.44701523901863571,0.69628241442704208,0.46544225513421023,0.21367558089439065,0.1869435499214811,0.1505366968256725,0.30328573517837643,0.39811183707458431,0.94974121096525788,0.30833426635444316,0.63442751935789943,0.11229829643130684,0.068733733242553496,0.36648325372523971,0.42970271575083308,0.72816759209291215,0.82227545215934206,0.21846695319839526,0.68386888072400953,0.32561170619994306,0.29921745930885202,0.096019719819555482,0.52808635225274958,0.20293133359318749,0.38333968429761844,0.11355431587244935,0.43751731679026851,0.88954590846668447,0.8369645274030123
sample,D263,train,0,0,0,3,4,3,1,2,3,5,3,2,4,5,1,5,2,3,3,5,2,5,2,1,3,1,3,1,1,5,1,3,3,5,1,2,3,5,3,5,1,1,3,2,3,5,5,1,3,5,2,2,4,2,4,4,5,1,3,1,4,2,2,4,3,5,3,4,2,3,2,1,2,3,5,3,4,3,3,2,4,2,3,2,4,1,2,4,2,2,3,2,1,3,2,5,5,2,3,5,5,3,5,0.82609340466454928,0.66108922614942267,0.17565500318431915,0.81417356982804756,0.89030165057983779,0.91908468773338592,0.017390050757611242,0.73904492929985388,0.44638307640553931,0.67777896202349119,0.11948325740198873,0.73410725747052841,0.99373317299285124,0.24296685455542655,0.57745911293580787,0.93452092772498696,0.13818494625772304,0.86186331568566443,0.089671233888875546,0.95999003132030869,0.9330873464046826,0.047734736927683152,0.55206218315713118,0.99098899329596601,0.67112366167760573,0.77163489595399415,0.37123731323905806,0.85212841033922493,0.20513740168142569,0.35179550062687637,0.97789633539829468,0.6928740054280188,0.84542791321396005,0.24548905584113301,0.41220219559255578,0.29046451231274206,0.79116823689892357,0.51627710718254738,0.720804827993061,0.23934800717028792,0.13393426661478913,0.90709694028618193,0.18450448257245389,0.14701275618897147,0.63274909025003268,0.72570068556626988,0.87765486606866916,0.45313480445786514,0.70058858572923488,0.95228388046194823,0.78139926705192975,0.70846884097738405,0.2522355157455799,0.11072058968139387
sample,D264,train,0,0,0,3,4,3,3,4,3,1,3,2,2,3,1,5,3,4,1,4,2,1,2,2,4,2,5,4,2,2,2,2,1,2,5,1,5,1,2,2,5,4,2,4,1,4,2,1,1,3,2,2,4,1,3,1,1,3,2,4,1,2,2,4,3,4,2,3,1,4,4,5,4,4,4,2,3,3,2,4,3,4,5,1,3,3,1,3,4,3,4,2,2,1,1,2,4,3,4,2,1,2,3,0.78083935589258568,0.81121953421136228,0.077062676629405358,0.63013837264115125,0.12501275321732197,0.15893347407572456,0.7847976723469241,0.97339700514117866,0.9330282913325828,0.73621559912589407,0.97812323482054186,0.24610543418347863,0.21949034927296784,0.91224278865511121,0.54948616992472055,0.15654935787516699,0.20897336227127217,0.36738420634851521,0.4911169714646384,0.41456949868011062,0.16892615255902599,0.84554927532396296,0.88856342799587129,0.074418495766227055,0.38943745896563231,0.29777491658649824,0.13947219856550164,0.14805162732968324,0.80280692161882683,0.23632008971982188,0.5382062507905353,0.62384002058688115,0.75127607950857656,0.015737815685331058,0.57281800423916041,0.91537496083811254,0.13766106958750701,0.43265638462198086,0.90588922041302788,0.33470678624824091,0.88795038191189768,0.26985977229136915,0.69457639218347844,0.96125602213317662,0.84185872353107938,0.67524988738760805,0.76983437682661626,0.79823402957060663,0.49563101516769092,0.10667599730810096,0.1778556080593271,0.0066158854061516559,0.12762761444785986,0.9465306833709537
sample,D265,train,0,0,0,3,1,4,2,3,5,2,4,4,1,1,4,4,3,3,1,4,2,3,2,3,5,1,1,1,2,2,3,3,2,3,5,1,2,2,5,5,1,3,2,2,3,1,3,5,3,1,3,3,1,5,3,3,5,3,2,5,3,1,1,1,4,5,3,2,5,4,1,1,1,5,1,5,3,5,3,1,2,1,2,4,5,3,1,4,2,5,2,5,4,5,1,5,4,2,3,5,3,3,3,0.90883722967886016,0.85625666832922487,0.10198057598095189,0.059734951636934763,0.80886687889853148,0.017350594656115992,0.18962558128652651,0.78728647367527238,0.08446378051630854,0.21863748252828685,0.37711926635616122,0.083441892779855364,0.51960520804292432,0.31970561871573744,0.38903875090805495,0.87090922204169952,0.87979927588215789,0.68238526967350888,0.39768726719243075,0.94065936663492011,0.8418318236058413,0.38598537672460276,0.093538346165791597,0.86171226072790263,0.068692721783908728,0.28778811026894868,0.10425113643189565,0.072519364575085343,0.55734251832887305,0.80392412629549082,0.90822271766805229,0.35823808286209302,0.79787299819763868,0.54615864270811143,0.33114754411213998,0.88276415534970254,0.14308120239775057,0.471093628820618,0.047346363339647923,0.21111050558252942,0.063066167650122407,0.35325277604048166,0.34802087917382363,0.79385170381103398,0.32758332347423724,0.31814604997971263,0.77128641745243043,0.31559249936163847,0.44565400156318946,0.57070037984144006,0.56217706700024594,0.49723342788069791,0.38346424605526686,0.38294896195864903
sample,D266,train,0,0,0,5,4,3,5,2,4,3,5,3,2,1,2,4,1,5,5,5,3,1,3,1,5,5,5,3,2,3,2,4,5,5,2,3,2,4,5,4,5,4,4,2,4,4,5,3,1,1,1,3,5,3,1,5,1,5,2,2,3,5,2,3,5,4,4,2,4,5,5,5,1,2,3,3,5,3,1,2,2,1,2,3,3,3,5,5,2,2,5,4,1,3,3,2,1,5,2,5,4,2,4,0.56760176924379269,0.14581413767211748,0.48674896365267029,0.65922432658839558,0.87735305291878807,0.83410444844768183,0.36344166208152251,0.48145008072856765,0.027013375791362204,0.25768006680255795,0.094889993179890775,0.19106399050862166,0.3636181690696223,0.41988633169197043,0.63367808162428341,0.31553660257653982,0.53865681415254896,0.4783820280752582,0.66512182769463701,0.83969541647211399,0.53115342900071472,0.82108397132330824,0.15620116236104553,0.35514061164903443,0.99742614026382204,0.31775795023188291,0.27167502105428543,0.69442427883562718,0.04902202025647906,0.26110598874273383,0.1030976078887863,0.04021513627868134,0.15070372144298583,0.0060242706808104618,0.49456835316639869,0.91964452780309569,0.57221939366197638,0.82065793020173206,0.10708449460502456,0.0046632135922304307,0.75188406800693963,0.12708159007798892,0.81179003445382825,0.57114465410582427,0.10217095811767452,0.75903627261936257,0.05030241450922035,0.64680940661784181,0.22834799183342347,0.31752910513376031,0.69866840622258009,0.84793717030932181,0.029944563210530184,0.97124653726676879
sample,D267,train,0,0,1,1,4,4,2,2,5,1,3,2,1,4,2,4,5,4,1,5,1,4,1,5,3,4,1,5,1,4,3,4,5,4,4,3,5,4,5,1,1,3,5,2,4,5,5,1,2,2,2,2,5,1,5,3,4,4,3,5,3,5,5,3,1,2,1,1,1,1,1,4,1,1,3,1,2,2,1,5,2,4,4,4,5,2,2,1,3,2,3,3,4,1,1,4,2,1,5,4,2,5,3,0.93853331985041388,0.18093557567844287,0.18487682098576563,0.258304587032396,0.62439708340936262,0.92692488199046863,0.90592631100979171,0.24991578428112549,0.95027110454338337,0.85666666124578095,0.62598755854554111,0.96951435528241681,0.20318872818768341,0.31909880539684188,0.67062596221355486,0.36123335280612978,0.37802541723903427,0.41424154976603722,0.41620374770542745,0.73224850061906377,0.0072973924412704783,0.03719474044813742,0.55503748527033625,0.67324490228375167,0.58634526147528121,0.17859432730123814,0.41986359872601875,0.80667077659720565,0.09152450661387701,0.078310341902117497,0.51079519091434555,0.28185385336654545,0.9771741855302114,0.96170028316621647,0.72560258924296295,0.54298842676519066,0.1535820741427314,0.18437345888718371,0.14844633330620993,0.94494888783921338,0.69388614246918134,0.41222705829316864,0.64926744271505143,0.46691030660940047,0.96574682712305338,0.61052217300282197,0.50688215497179689,0.5825140340414201,0.6008808710179957,0.34888892269358829,0.31050903638366867,0.0087406464605479517,0.80880218440592433,0.88418655772983701
sample,D268,train,0,0,0,1,2,4,4,2,1,1,1,3,2,3,1,3,2,4,5,5,4,3,2,4,3,2,1,3,4,1,5,3,3,5,3,4,2,2,4,4,4,4,4,3,2,4,5,1,1,1,2,2,2,2,2,2,2,2,4,3,4,5,1,2,1,5,4,4,3,4,4,5,4,3,1,5,5,1,5,3,4,1,4,3,4,3,3,2,3,2,4,1,3,5,2,1,4,4,1,1,3,2,3,0.52129930480717346,0.58280748974373742,0.45064669956327219,0.58055264322726596,0.72651804958537003,0.72508819964838656,0.57691453010874738,0.88853218598762196,0.94544515975205301,0.8318707706774523,0.92284952365777595,0.37649486958728196,0.38688352447081298,0.2797103733286731,0.68145449764481614,0.89092706519171161,0.61550763079424098,0.63874379785958046,0.38141645395445911,0.75646438696222329,0.95702241099906127,0.69042666238689709,0.213320050489613,0.53544397180198378,0.91211514365205393,0.72455961204115804,0.84084573316600808,0.85896971360515306,0.36875234175533067,0.13341623718893481,0.64817554356017681,0.77137368499784065,0.24467840020269582,0.76790670104147252,0.22682282790574326,0.80148545651387326,0.35730233965293223,0.52901299083638709,0.40043551212106188,0.071726106508344767,0.57860288349400124,0.65983818275938388,0.94684111609839972,0.042865688404517543,0.81186606752555812,0.81867282091269733,0.75831939413240934,0.64796828022779185,0.78029209111023701,0.47603379398624335,0.039148579734972877,0.30574451833946781,0.82453421054621012,0.88331002911296064
sample,D269,train,0,0,1,4,1,1,3,5,1,3,5,4,2,2,2,4,3,4,4,1,3,1,1,3,3,4,3,1,4,5,1,4,1,1,1,3,1,3,1,2,4,2,1,3,1,1,1,3,3,1,3,1,1,3,4,1,2,2,3,1,2,2,5,5,1,3,3,2,1,1,4,2,4,4,3,5,5,1,4,5,5,2,1,5,5,5,5,1,3,3,2,2,5,2,3,2,2,1,5,3,2,5,2,0.13894938913007826,0.2259166286535379,0.39376035967254475,0.29275327334773893,0.55542882642404856,0.16879772878176336,0.79267602804879156,0.89598565464593838,0.39295105050585788,0.044257033575121563,0.17069718907762244,0.50824447201608358,0.29268722791521706,0.6116394544603998,0.94772265003757361,0.22272833961844807,0.25222008518938133,0.29389860742352591,0.48440642495988273,0.21270776402854641,0.58447262022179447,0.43716879978703216,0.44153020210955995,0.64912859056953243,0.82756024940139361,0.92067040252581134,0.52310397534237518,0.90536575652279638,0.58716776017506778,0.94838105493200886,0.062498988393664967,0.75852173745499396,0.43916000700240343,0.90579030377565961,0.29544425786184825,0.48416188321362563,0.91292075911382153,0.53561880782320392,0.25953797843086779,0.47585939922421228,0.69585005642549469,0.42209674754802207,0.24389823084674034,0.44298959000717852,0.089349786179381052,0.8154614011484238,0.89541302290003055,0.7823357515216286,0.19819933216292651,0.83949330214166729,0.0076923814285969616,0.30688233120585906,0.49885212721339833,0.54733734496764552
sample,D270,train,0,0,0,5,5,2,3,3,3,4,4,3,3,4,1,2,5,1,3,1,2,1,4,2,5,3,3,2,3,1,1,1,2,1,3,2,4,1,4,2,2,1,2,5,5,2,3,5,1,2,1,4,2,5,1,1,1,2,5,3,3,4,5,3,2,1,5,1,1,1,4,4,5,4,3,5,2,4,2,3,2,4,3,1,4,4,5,2,3,3,1,2,1,5,1,5,3,5,1,1,4,5,4,0.16579150172682744,0.26460619407241259,0.03276878859709198,0.20978454039627714,0.89714006039319238,0.083051629122237958,0.97413755225086418,0.67111704787064963,0.59780009545466584,0.12443993817572052,0.29646686124587396,0.164280213350668,0.30899524298160141,0.18887195183115346,0.43278703051743028,0.073417815583796786,0.5662736205883615,0.058879669622466491,0.65134200640425621,0.20461046893986867,0.12851034993627297,0.21346176478032175,0.59145399595616377,0.63420214755717841,0.92574451202826546,0.10974989884236452,0.34998662512704048,0.72435997334049218,0.53906181430205469,0.37035420131913344,0.80625931231941184,0.79560725201288462,0.61956423054243093,0.017521204379743582,0.73194557858331488,0.093537679820376862,0.88236525848197278,0.23811312680241237,0.53711049406224709,0.82850047687237538,0.15732435593913097,0.5652750938222848,0.11684009666223483,0.2754950475930058,0.43690695740037566,0.020221189916825533,0.31382035492969251,0.89286201378014896,0.19723569070806046,0.49491631114096768,0.32021779122848337,0.064856277860381395,0.57582215890949995,0.38316242834886827
sample,D271,train,0,0,1,4,2,2,5,5,4,5,4,5,1,1,3,2,5,4,5,2,2,4,3,5,4,5,4,3,5,3,2,4,1,1,1,3,5,4,4,5,4,3,5,5,5,4,2,4,3,2,2,4,1,1,5,4,5,4,2,5,4,3,4,3,3,3,4,1,4,2,5,4,1,4,5,4,5,5,3,2,5,5,3,5,5,3,4,2,1,1,5,3,1,3,2,3,2,2,2,5,4,4,1,0.84560818224344525,0.55732503728096749,0.152101787328764,0.84685154748828717,0.76512171519234917,0.23049526375808116,0.68927225241832268,0.71650605908255782,0.029620184375267034,0.50486732267635681,0.22610446226607772,0.83407145410923278,0.63591288195428086,0.85947448533442472,0.81061186255379158,0.13762630744178672,0.37371669799652663,0.75422431739113704,0.70449840097736438,0.73984668795497022,0.58738496295433174,0.205740886639175,0.56912317970564075,0.10259282280992843,0.27465680597046382,0.012398303759929452,0.94723128167024029,0.037789233724576099,0.71096645000466274,0.19257512869575388,0.56124040103244133,0.46895677487404341,0.67723716837300885,0.70692550662584186,0.4990067952214563,0.49560029373483949,0.0013019798396144422,0.35507338661706978,0.24465882651306081,0.29743538934920888,0.63316165603375163,0.93338549915658742,0.1966941799974754,0.93493183854813344,0.51322343610757504,0.65320164866960639,0.75923890050422038,0.84617586383167109,0.62477809991201105,0.32244874179305738,0.49385762411012957,0.45708925996758742,0.45043457319791813,0.26304101269734104
sample,D272,train,0,0,0,4,5,3,1,1,1,4,3,3,1,4,2,4,4,1,4,4,4,5,3,2,2,4,4,4,4,2,4,3,4,1,1,5,3,5,1,5,2,3,1,2,1,5,4,1,1,2,3,1,3,4,1,5,4,4,2,5,3,3,2,3,4,5,2,3,3,2,3,3,3,4,1,1,5,1,1,2,1,5,2,1,1,2,1,2,1,4,1,4,5,1,5,3,2,5,3,5,2,5,3,0.90165431564312992,0.51506998754934208,0.66890820686570807,0.57466088050399589,0.10154174330798116,0.18522896817343493,0.58491412353430794,0.91361640483185647,0.302746376771729,0.81322373727582054,0.45589308803549911,0.39253222972463664,0.69363761432742344,0.4101868465341062,0.38374343307388581,0.38591794289242443,0.01775034576146417,0.75279498753682139,0.16366819150310785,0.98415484889781324,0.58592589221743396,0.41637743150489814,0.32429982863178441,0.19793322912595668,0.10225128101235514,0.62210568183041337,0.62375638859200033,0.63869685601111692,0.52879230852030012,0.36134247174874967,0.53328221234796613,0.66241821008096136,0.22872671714834225,0.41257828802620544,0.75574215797937905,0.60845196547858615,0.39585882015503271,0.17427885502740514,0.52044187347043647,0.86032215754000174,0.018793180785920516,0.65747426303179679,0.93220403427709575,0.78503305262032974,0.884212427397845,0.96151036549312896,0.73052240666641333,0.3419449408282379,0.22572853949089888,0.11324394513246538,0.61607472303037969,0.53378509830510246,0.22289991995762926,0.43147304368128636
sample,D273,train,0,0,1,2,3,1,2,1,5,2,3,1,2,3,2,3,5,2,4,5,5,3,5,1,3,4,5,5,1,1,4,4,4,2,2,1,2,4,3,1,2,1,2,3,1,2,5,2,4,5,1,4,5,4,4,1,3,3,2,3,5,5,4,3,4,2,1,4,2,5,5,4,1,1,2,2,2,5,3,3,5,3,5,4,2,4,1,3,4,3,2,5,3,5,3,4,4,3,2,5,2,1,4,0.75498651013416906,0.049369566491111905,0.46108079439689975,0.14660348447372995,0.85376180492930143,0.38500766957734534,0.38427866224410068,0.14462749136116393,0.61327041928446013,0.34014007565481519,0.70839651581894203,0.74940833514592353,0.53692339407360912,0.64126480018067666,0.40196716979186187,0.47435492917153743,0.45091935052565846,0.0091515289926751286,0.63215422740374894,0.37252874592916008,0.0030926999953000411,0.25777643553771745,0.033463073726320292,0.16564403994522603,0.52720106584693149,0.71304544574524575,0.50468356612393328,0.63808400544042787,0.63799038449352419,0.28477148492613857,0.19493589381055565,0.079038194010100371,0.98681528883033209,0.28308375955216658,0.7569675198554342,0.68806243337189588,0.17122061536670097,0.97796928890565094,0.10236492174884715,0.24854332405922164,0.70282417087280913,0.67004129492473552,0.53061230313522145,0.77320486748837403,0.55949801739811489,0.22091526960555075,0.55643743651166233,0.049010204644747923,0.54604772457038397,0.80837628144406937,0.67992940077882125,0.54955655291525574,0.22435710509895901,0.043616431399051692
sample,D274,train,0,0,0,5,2,1,5,3,3,2,3,1,4,5,2,2,4,2,3,5,3,3,4,5,1,2,1,5,3,4,4,3,4,1,1,1,2,5,4,5,4,3,5,5,1,3,3,4,1,3,2,2,2,3,1,2,5,1,1,4,5,4,4,5,2,3,2,4,1,4,1,1,2,4,2,5,5,1,4,1,3,2,5,2,3,4,2,5,3,3,1,2,5,2,5,3,4,3,1,4,2,5,1,0.96858711453325053,0.89707090523261379,0.35601685376943404,0.45279224191972223,0.55551921297377105,0.085621991222231242,0.10298881567388796,0.89559836293231809,0.55612174022001637,0.56099010385921955,0.17301333604142577,0.29912030059856243,0.53818005163759008,0.92733921468342273,0.038048849163051512,0.61532904796115562,0.3703979514812582,0.76713216016897046,0.097078385333129513,0.54840003368849299,0.38431406588971706,0.96385977593428451,0.83922712615591788,0.52710930867318662,0.13979138163757665,0.017365697253962309,0.86688856310253593,0.70568589803556203,0.47299438541054162,0.79449407093606395,0.81724901097812541,0.7886559390364084,0.13736045840258115,0.39674447113062195,0.38380676110724132,0.060478511220921294,0.51931358217873214,0.58082223409362121,0.5984082315612983,0.26660931748618322,0.12190775695822398,0.98136939584407956,0.67039433196732723,0.66235804330012271,0.62039292431031268,0.12893894549278595,0.91527838478353463,0.2944291303994484,0.21929679994773499,0.7784607262795078,0.35124527373703618,0.019006069135286352,0.82142706365652118,0.5063616075745615
sample,D275,train,0,0,1,2,1,4,4,3,3,4,1,1,4,5,1,2,3,4,5,5,3,1,5,2,4,3,1,2,5,3,3,2,2,4,1,1,2,1,5,4,3,3,3,4,2,1,2,2,1,3,5,4,3,3,2,2,4,1,2,1,1,3,5,5,2,1,5,4,5,3,2,5,3,1,1,3,1,5,4,4,4,1,4,1,4,2,3,2,1,4,2,2,4,3,1,2,5,2,2,3,4,3,4,0.087598931128756163,0.30321061928683724,0.77113364659577455,0.92226080895199702,0.81213939551486736,0.9192224553712407,0.21659491362358851,0.96421152299132706,0.66931564355957185,0.4523985358749314,0.89149851766809285,0.032686879453436068,0.26461550207706486,0.3045809636785396,0.95866994817073503,0.021217503901722723,0.10972677136007325,0.46251603689937082,0.50811469670924692,0.72785878975219787,0.28596361515432911,0.044301262192274371,0.53194504973667067,0.15369389782827791,0.3592723404076672,0.69862628881379019,0.028436891693662036,0.70702322504101378,0.71710351889615442,0.57517747346689596,0.29749196744617545,0.84395740509779649,0.35647691852186725,0.2943741113431817,0.8960083685510386,0.86418729784878046,0.32701353649950671,0.43437497692106608,0.92906325733713824,0.3964437258979302,0.67387786741990519,0.12711653174230442,0.24013394780761033,0.70483354417765265,0.19552612307799755,0.59428568990957309,0.74643946130792249,0.44343929244899705,0.29873672719297173,0.50947140683155467,0.92922189816435941,0.2705829189594392,0.035132536213618115,0.061433348900805096
sample,D276,train,1,0,0,3,1,1,1,3,4,4,1,3,1,3,2,3,4,2,2,3,1,2,5,3,5,2,1,3,5,3,3,4,5,3,5,4,5,5,5,2,3,5,4,3,1,5,1,2,2,3,5,1,1,2,1,2,4,4,2,4,5,4,5,2,1,4,4,5,3,1,3,1,5,1,5,1,3,1,1,5,1,3,4,2,1,5,5,2,3,4,4,1,2,5,3,2,3,4,3,3,1,4,5,0.50446741788121086,0.12169175508628183,0.17267039107392901,0.81569826496480258,0.11544502228429865,0.23519033030431991,0.90340065858841723,0.25230068264279126,0.40902017637710197,0.74296965977845619,0.43761705793903893,0.98388215079211983,0.042284735945659402,0.64973136790467756,0.2761401329819736,0.84672397612663897,0.7689812254885029,0.91788271190694437,0.52704820352125681,0.21377258967730051,0.12180378946503223,0.1016776167711404,0.36928884792134298,0.40747708161263174,0.31201260664095287,0.87944960770328406,0.25055991560759172,0.59818089862781842,0.54290876447504832,0.48170530551897162,0.9764501414179545,0.13565480888570036,0.15895222523098462,0.069022786022268967,0.72941882764689547,0.71744168768994132,0.36391136674785218,0.57312315996087604,0.88506396463170678,0.81649505887318641,0.58050255539309314,0.14781774371475154,0.28050355187007536,0.21117437972158926,0.9285115483926053,0.2948548976905776,0.37344838917727019,0.17072624667029002,0.48598197895231121,0.65361334707096164,0.12320851527218768,0.82242626957657849,0.18154588458399579,0.60807134455117129
sample,D277,train,0,0,0,1,3,3,2,4,3,2,5,5,5,2,1,3,1,5,2,2,1,4,3,3,1,2,5,1,5,1,4,1,1,5,4,2,5,1,5,5,4,4,1,4,3,1,3,4,3,5,3,5,3,2,5,5,1,2,3,2,5,5,4,3,5,5,4,1,5,4,4,5,5,1,2,5,4,1,2,5,5,5,4,1,5,3,3,2,2,4,1,3,2,4,4,2,5,5,3,4,5,4,4,0.61905120956789694,0.90523011184536839,0.80158517236849824,0.59836776832971239,0.81499333473774305,0.3572695623779707,0.42905113356112667,0.046350480802755167,0.14635232206237858,0.88908386553676844,0.80773938369400067,0.61343589589972514,0.3379036973383045,0.28205132722680759,0.89868903182605098,0.95025188602082444,0.14560670141992682,0.79814224493949126,0.29325077244237185,0.83471606316854141,0.010077717909086403,0.34216398488921318,0.25358045310321209,0.046446428135688778,0.57442730447578483,0.29332980721064073,0.42080925029895111,0.078098342530131815,0.32783396222009165,0.27815912347217797,0.3659529591739199,0.12213560224312991,0.58371227810136084,0.99430035331240552,0.68991367931674119,0.22867415547634196,0.29503255042498888,0.95341082946937494,0.21271152852319064,0.37212801272391671,0.95675427467090135,0.52413846156609212,0.021639528925200602,0.55619887841961102,0.98770166615764587,0.50932876432903407,0.26839738049720874,0.42497679888487738,0.61120916324727392,0.58455414116628945,0.52235136426182516,0.2556385480773512,0.02330607784392269,0.57194017130519659
sample,D278,train,0,0,0,5,1,3,2,5,2,5,1,1,5,1,1,3,1,2,4,2,3,5,1,3,3,4,2,3,5,1,3,3,2,5,3,2,5,1,5,3,1,5,5,4,2,2,1,2,5,1,5,3,5,1,4,2,5,4,4,3,5,3,5,2,3,4,2,1,3,1,2,2,5,3,1,1,5,5,2,3,3,3,2,2,4,1,5,1,2,4,2,3,3,3,1,3,2,5,5,3,5,1,1,0.40841843988755266,0.6766818871918886,0.86114117023735304,0.71344769882831571,0.76010062781248999,0.19431077180114142,0.095686978313339166,0.83519220315219989,0.84017270252783205,0.32196032041909606,0.0703597884133359,0.89680435919076518,0.39798313992286471,0.68469448781017561,0.47151321679553515,0.51974168730038162,0.65277733084891354,0.6494425864416935,0.28986242648156124,0.94453067754777376,0.44943227759167104,0.09115144763704619,0.30322558520191467,0.77931877283495699,0.37403888075605407,0.45437154347559305,0.01168550222040976,0.4513464500009049,0.4248206532952109,0.13759002410743082,0.079635449907875744,0.01595506693270432,0.92680126248005457,0.016395280003979051,0.26027574851096369,0.0032714784420069254,0.015350659564896008,0.34152920790833818,0.19151010427820592,0.78371396324043152,0.81399855633076967,0.27838666357633235,0.7813538149947209,0.63615390889703527,0.97707835246371755,0.22086175019604959,0.93130888567774117,0.26478370057386491,0.51085230927093173,0.99885367022406513,0.23572819832645997,0.83313512072252283,0.30490589199359619,0.69094942308642371
sample,D279,train,0,0,0,3,4,1,4,2,2,2,3,4,5,5,2,2,3,4,4,4,2,4,2,5,1,4,2,1,5,5,3,3,4,4,3,4,3,3,5,3,2,1,2,1,3,1,2,2,4,2,5,5,3,2,1,4,2,1,1,4,1,2,1,2,1,2,4,2,4,5,5,2,4,5,1,2,2,5,1,3,2,4,3,1,5,5,2,5,3,5,5,5,4,2,2,5,3,5,5,2,1,4,2,0.84974433310555264,0.61298103556426997,0.2017103006331028,0.62369887224427933,0.11320712666325239,0.27428153570387825,0.67268056072329596,0.32870738253710097,0.654515559262972,0.33132913312836987,0.45570015556282506,0.18984807123902925,0.15742791964672675,0.99322505185708987,0.58194421259030571,0.7534352483077652,0.45343251759613079,0.73279796022732813,0.076823111096824714,0.90419041343289996,0.69703467638443017,0.67287283127738307,0.088597290485751046,0.37680557150562688,0.41063135164360964,0.061895939137593059,0.15191109912272838,0.19199255434322238,0.75513132531360339,0.13958053203094467,0.21212767122927478,0.15921192746049784,0.14033271780056233,0.09899505653761731,0.31593531260991758,0.96352925072950968,0.27705607050216285,0.49573688652020276,0.20290059222408174,0.41392903868303244,0.6904397648518773,0.32445255963965636,0.95058621996018755,0.84606972846266759,0.42688303248249615,0.08269654440951657,0.79558274121475281,0.66889816052482887,0.24653402559286308,0.5271911778776931,0.87706520561398171,0.98970465648398687,0.49834559213606644,0.99923396404437814
sample,D280,train,0,0,0,1,2,1,5,5,3,1,1,1,4,2,1,2,3,1,4,5,3,5,4,3,3,2,1,4,1,4,5,4,4,5,5,1,5,2,4,4,5,5,2,4,4,2,2,5,5,4,4,3,4,2,2,3,5,3,4,4,4,2,2,1,5,4,2,4,5,4,5,2,1,3,3,3,3,1,1,3,5,1,1,4,4,2,3,3,2,1,2,2,4,3,1,2,3,3,1,4,4,1,3,0.42969505230005922,0.4744983666208038,0.99630032900995802,0.45324309469114921,0.70532470679107651,0.96658508781519747,0.91785435348763078,0.33303119455166186,0.56857262941826503,0.3051790959662668,0.97828556041206183,0.15306025792169831,0.24921296801421799,0.98450358754395451,0.0944642061576213,0.052800691094921692,0.54688394029731591,0.010661897167216439,0.65211469174835424,0.51040219677919219,0.1043439159150894,0.96205931152953517,0.86091539572727449,0.96555048405980182,0.39455253831486525,0.86248496976084099,0.6167329940230265,0.63466372005441918,0.87456344542156239,0.45242092623498864,0.41349006097527741,0.60043714834709871,0.51548828899802235,0.9689505473344614,0.94424587601812882,0.56925731968642468,0.70942484915305071,0.67497051008899678,0.47953553564084406,0.71816952569221237,0.10527969619987521,0.13927381882465417,0.57554217679509412,0.48801408054742823,0.50376487620296295,0.56350284247805382,0.25023322029951256,0.72444348297058092,0.66151426302028615,0.01986712492936471,0.37822176390907669,0.56760857339383586,0.010797887997229028,0.98275165085232419
sample,D281,train,0,0,0,3,3,1,4,1,3,1,3,2,5,3,2,4,1,1,4,4,4,2,4,2,2,3,5,4,5,2,3,5,3,4,2,2,1,1,2,3,1,4,1,1,4,5,5,1,3,3,2,1,3,3,3,3,3,5,2,1,1,1,2,2,1,3,4,3,1,4,5,2,2,1,3,3,3,5,5,2,3,4,3,5,3,5,2,1,4,4,3,3,3,5,4,5,3,2,3,1,2,5,1,0.42343623331409008,0.98334863623603552,0.72711064858250962,0.22216702379092612,0.87325682575960217,0.84765781322608369,0.92140517069051275,0.47784758307789155,0.64926483680059266,0.51674143253317328,0.070533127875562873,0.5076021501525757,0.15022318969401893,0.57040372313568732,0.06800317400977407,0.15210459963823897,0.25176234966708921,0.89333663752014947,0.55869960467129531,0.36727417990715194,0.93119098736135208,0.80024560084433538,0.36885910815777379,0.79220579381601275,0.36118057741166698,0.18479596954968835,0.6960425969933246,0.78016491853615455,0.79679510215298799,0.87530275644989486,0.043320591500222494,0.54786612896185505,0.7893544612569976,0.2709245672474867,0.58620648838008227,0.11729125536002882,0.44608635019662457,0.40385265321887864,0.16954993726614176,0.63787127749151884,0.96116440463523645,0.33726212974391501,0.33410535266628993,0.38115064993885728,0.28329364481285524,0.38454962915923496,0.10746555720476914,0.6810059681847801,0.12810281812254698,0.77009824957561357,0.23414301745135535,0.12297862038826446,0.21823910597873242,0.27379642204680632
sample,D282,train,0,0,0,1,4,5,1,1,2,4,1,4,2,4,3,5,1,5,4,5,1,3,2,5,5,1,4,5,5,2,2,5,3,2,5,2,1,5,3,1,1,3,2,1,4,4,1,2,5,4,5,5,1,5,4,5,2,5,2,2,3,2,1,3,5,1,2,5,1,4,1,5,4,5,3,1,3,5,4,4,2,4,1,3,4,5,3,1,5,2,5,5,2,1,5,4,2,4,5,2,3,3,1,0.57404214436230627,0.59793792203806817,0.57361151319702242,0.71317604175683524,0.18785815704824382,0.53457182445733387,0.5309484869972253,0.58289665151942271,0.95744255562274405,0.93699463847489872,0.71166088552347895,0.68297973261392053,0.40892521565396234,0.11551405653473634,0.06996156718107871,0.94880183614800151,0.69757249511462827,0.95563235705755267,0.3748152082464965,0.68505122546909958,0.17768300266653991,0.76670181675289995,0.84613106578864772,0.30150221837602442,0.41062062786181541,0.82236923915479299,0.066127455126746781,0.94320527863552617,0.15783073194593278,0.82240951603246715,0.98768873659347267,0.55587572948944308,0.30282787226468022,0.060229100887025711,0.72186320579556429,0.59101485732701575,0.83550159500579035,0.82459249201546803,0.88188381984220543,0.50264894395290349,0.20487890381996199,0.7940576291645125,0.23704610566298301,0.21570831366426668,0.99022813976305879,0.58499908246411225,0.46877426401801991,0.034379323837655407,0.42245611897869606,0.46157269992314798,0.17167749768783147,0.83557800986752306,0.34041507755606626,0.41897287745272727
sample,D283,train,0,0,0,5,4,2,3,3,3,4,4,2,1,2,1,1,1,1,5,5,2,4,1,3,1,3,2,4,4,4,1,4,3,2,2,2,3,4,5,2,1,4,1,5,1,4,1,4,5,3,4,2,5,4,1,5,4,1,2,2,1,5,2,3,5,2,5,2,5,5,5,4,2,2,5,5,4,1,2,4,4,1,1,1,5,1,3,2,5,2,4,2,5,1,2,1,1,1,1,2,5,2,3,0.18724403791244004,0.15654767839833383,0.9805896503871423,0.087006418584747447,0.49671835074234993,0.98904643566869233,0.74619147998583291,0.90627346147377918,0.20403177874436274,0.88549597474829256,0.57220059601327833,0.8081866997547198,0.32500810354094001,0.23984851344706126,0.16862740956858191,0.28486344447939116,0.51781796059180973,0.49282256626037035,0.25856038041989582,0.34298747425671494,0.41207471654953676,0.19922799441158756,0.45653155088666542,0.76203590807022037,0.82552598100746966,0.36753800190221142,0.4637713421737264,0.49153246303357501,0.37188179545799749,0.29995734723885359,0.62262240914275058,0.19688526886019309,0.31439935824508458,0.77593723597723196,0.36806205487078747,0.46250999676684934,0.74710361166982964,0.96048730095508661,0.39818905924265191,0.088935447329938744,0.81513311021514889,0.69803331563780346,0.23999072483685802,0.1696215430406145,0.65780525850351623,0.61852347569449795,0.31957146467726827,0.1400472023185575,0.85089973328313473,0.96861900907101339,0.47286928504724601,0.20077220674241136,0.25714787338569167,0.52286974543351428
sample,D284,train,0,1,0,3,3,2,4,5,2,4,5,3,4,2,4,3,4,3,3,3,4,4,5,5,2,1,3,4,4,5,5,3,2,5,3,5,5,4,1,3,2,3,3,4,4,3,1,2,4,5,1,1,5,5,4,1,2,4,5,1,3,5,1,1,5,5,4,3,3,5,3,4,2,2,4,3,3,3,4,1,2,3,1,3,3,3,5,1,4,5,5,1,2,1,3,5,2,4,4,3,1,2,1,0.99831890555367997,0.74238675537253351,0.72913928525552962,0.021287253341239154,0.89308952162890198,0.60540761668773779,0.94005657926145514,0.49414168373188061,0.068306106499838037,0.95712576187515408,0.88663750466253155,0.35187361864342481,0.40083041715428003,0.1448063672487292,0.13345669545647554,0.72081004411257865,0.94196073456406937,0.71808520765396189,0.2768581024536626,0.78625129266036708,0.95956000560502752,0.41268883514323518,0.55654810408311428,0.69533600636903459,0.2316352903075467,0.55865398880362105,0.34836586914265921,0.80317250021694653,0.68968350769114872,0.80331936735064124,0.88535163467983746,0.8673322725524838,0.81585229666885772,0.33490461911902014,0.31584205835640722,0.35066089617382268,0.28888154913688135,0.58588339343977314,0.93180516899589061,0.63391475398984076,0.0085389345920187099,0.15913467228632194,0.94529476143733082,0.0015863133270273,0.37426931109227191,0.40046939956275973,0.92595647920151414,0.08848631798339579,0.99025799765128164,0.36872797698684778,0.51750658560547536,0.12347970122540386,0.63024331843585701,0.35551069968079552
sample,D285,train,0,0,0,4,3,3,4,3,5,3,5,1,2,1,3,1,5,5,1,1,3,3,1,3,2,2,5,4,5,4,4,4,3,1,4,3,2,5,5,1,4,1,4,4,3,1,4,4,1,3,5,3,4,3,2,4,2,1,1,4,1,5,3,4,4,4,3,4,1,5,2,2,3,1,1,5,4,3,1,3,3,3,3,1,2,3,1,3,5,1,2,5,1,3,3,4,2,5,3,2,1,2,3,0.71848308018703133,0.85062839982767158,0.66416758972291667,0.060739482512834897,0.68044330251619833,0.63228524258145791,0.21036046754000937,0.98807027247538048,0.48860399413715105,0.34594818332583765,0.90167844278243081,0.51661204305038955,0.61039596926952622,0.86092785833254304,0.39254098030586215,0.19441868845151911,0.28033984583661109,0.028179408631629488,0.23284297138074161,0.55674602697031805,0.26788594775810648,0.14961007299391438,0.74756389400513534,0.69579445737550383,0.63348100645973426,0.15644606363452185,0.52523153898949249,0.8917392242303398,0.057625528819310157,0.88185010932324981,0.50887735441166548,0.23599640962399693,0.94137917940950167,0.93885811479429149,0.29271365728862653,0.27058552576899753,0.31002041817948012,0.98043057367251918,0.81056461666273261,0.82161646212630957,0.58779578673447597,0.76185914274759214,0.9339292688966554,0.55268484601553969,0.22421429618801059,0.13464804209230363,0.1241369802398874,0.63225963839541288,0.063545843262884816,0.90962962612486586,0.78062682623616364,0.61081257272542955,0.673955187472142,0.6633113656641092
sample,D286,train,0,0,0,3,5,3,1,3,4,5,5,4,3,2,2,2,1,2,1,5,4,4,1,4,3,4,3,5,1,3,3,2,2,5,4,1,2,1,3,2,1,2,1,4,2,4,2,5,2,2,5,4,2,1,2,4,5,3,3,3,3,5,3,3,3,3,5,3,4,1,2,1,1,5,5,1,2,5,4,1,5,5,4,1,5,4,3,3,4,3,5,2,3,1,4,4,4,5,3,1,3,2,2,0.87916547112063437,0.24480052236146532,0.050203963001493546,0.57003011058454811,0.24449066279994025,0.52786877747412098,0.1274722224171394,0.39735464749729144,0.99142647009154439,0.11365602056535051,0.17834345708263843,0.44558937788485664,0.1829472251821056,0.78635356243366639,0.054804116110698686,0.99864300672993433,0.23793511685128688,0.95831696067707828,0.18651704056362628,0.42161284636509655,0.28925324474978675,0.9121399663992068,0.0060018930062889497,0.33223948879303067,0.62765089767435522,0.61502308183373589,0.50642854795579972,0.96138015945380784,0.20961828724374154,0.87765461454914828,0.74780721341412448,0.13494062824463471,0.1257963138692445,0.29003426915476704,0.82046578384916213,0.61719713569736701,0.19463115125899821,0.46807764677168606,0.50886913518587507,0.46781248738682957,0.59347048666334856,0.69595391475196067,0.64158666672747477,0.1295885573798764,0.57018121547639955,0.91909576590797071,0.16671818668474325,0.061937481187186449,0.058090070610333666,0.68343116119449965,0.40156892309517933,0.18174919758407448,0.091498938779067673,0.39644366440093504
sample,D287,train,0,0,1,4,4,3,5,1,4,2,4,1,4,5,1,2,4,3,2,1,4,1,4,5,1,5,5,1,4,5,5,2,4,4,5,4,4,5,2,5,2,4,4,5,2,1,3,2,3,4,3,5,5,5,5,2,1,5,1,4,4,1,3,2,1,2,4,4,5,4,3,1,5,3,4,1,3,1,2,2,1,5,3,4,4,4,2,5,1,5,1,3,5,5,4,1,2,2,4,5,2,3,4,0.09102895009448575,0.87498050812036676,0.72370473823601511,0.84201727728899844,0.49670692713758291,0.23507031316114746,0.46300149302585847,0.73706683868328848,0.019188255982183211,0.0022900716986938852,0.51004986749522674,0.30178403551004884,0.47771141439278131,0.27695902782440707,0.46035428926037847,0.36507261645014255,0.076101606520507681,0.60187804799643285,0.24981340912721917,0.43600031474759215,0.66742788995418922,0.32033814043515829,0.54577693542082417,0.70113161225462151,0.79271518371178684,0.36713391463395606,0.31773708727223549,0.24212692645544798,0.74663406703725299,0.99377952846916329,0.50408152163326692,0.54011708434612982,0.68686842366718015,0.65316819709200358,0.96784015937902701,0.25946524371161883,0.014195701960202367,0.19546148770066241,0.28183922695078378,0.43215605741514562,0.018176167079221428,0.92049742079872177,0.12422066278791133,0.98640867735457871,0.92909574105617521,0.6914879180703053,0.79706075453417036,0.091738195610193474,0.55566503448964388,0.16581905202839464,0.025440873673827413,0.53893487771509896,0.19837497525959835,0.64914182858730018
sample,D288,train,0,1,1,4,2,2,5,3,1,5,1,1,5,5,3,3,1,3,4,4,5,1,5,1,3,1,3,5,3,4,3,5,5,4,2,1,2,1,3,2,4,5,1,5,2,1,4,1,5,5,1,1,2,5,4,4,2,3,1,1,2,4,3,4,2,5,1,2,3,1,3,2,4,1,4,4,1,1,5,3,3,5,5,5,5,4,1,4,2,4,4,2,1,4,2,1,5,4,2,1,2,2,1,0.099399168700644358,0.16471348421994003,0.90054462069246111,0.61556730320827613,0.14862278947323981,0.36767966527316887,0.72794704528661869,0.13398600123162063,0.77938776694927947,0.37286218320894682,0.98079065802508536,0.0020772711973333635,0.064809830414977565,0.13598259165096827,0.99129935741662822,0.38044473253469324,0.51504078993393476,0.4610096723169117,0.62349381809922555,0.56250849851155993,0.069415262423472401,0.52328024344402335,0.69520530970660133,0.071969157206996592,0.24980721451822729,0.7658029418577833,0.55574351254594001,0.81491800410391979,0.84577954686585977,0.79292756625568905,0.43728957452629702,0.28087452331809981,0.56395252674040397,0.020078079130502857,0.81604169775038538,0.3364446301958941,0.29495496693357681,0.013703908486674576,0.95548449029958138,0.10104622105945071,0.40746950537565052,0.39713629549011165,0.74756782765871199,0.92866095535465953,0.42408716535286406,0.92129709129607995,0.096919421718690169,0.44631045393109048,0.42842445825683872,0.078917214173089723,0.67870292779291586,0.77065382887496048,0.57435005370427827,0.39100376648624091
sample,D289,train,0,0,1,5,5,3,2,5,4,4,5,5,5,3,5,2,2,4,4,2,2,3,2,5,5,3,2,2,1,1,5,5,3,3,4,5,2,1,1,1,2,3,3,5,4,4,4,5,5,2,3,1,1,5,1,1,1,5,1,2,2,1,5,2,4,4,1,5,2,4,3,5,1,2,3,1,4,1,3,4,5,3,3,2,5,4,3,4,3,4,2,2,3,3,4,4,2,5,3,3,2,5,3,0.66581182591122423,0.38377421107606891,0.030909994410904806,0.092246024400380544,0.74453979524036373,0.41169976656196805,0.90603440436167515,0.17060729715448264,0.91515346094885663,0.33643144425369031,0.91645994794480434,0.2900274072024901,0.29875564603432059,0.14519950951950278,0.13798843909886627,0.89434746287015321,0.3206815068696669,0.35654357231361977,0.6494623903377823,0.17883296993676834,0.30934926116913275,0.67679259204982356,0.31058187417775762,0.64139377397972219,0.1793387747835401,0.19086734629415325,0.80890602038101544,0.65502483306174353,0.039775748415209589,0.56680173477910156,0.80218735503797667,0.90637967665397723,0.15827408532479559,0.24969277333315965,0.081083778871487322,0.56239914196246188,0.031845929197847123,0.68184242769184156,0.8447213213488709,0.84127383693450797,0.43527823090999007,0.030252519021630842,0.94583798531094943,0.44978462875980885,0.012596773352485324,0.15453854863664263,0.12020734678052158,0.61908427737195537,0.9811098087539768,0.43094459393859685,0.42548685018770682,0.19222929985066484,0.56839217227861893,0.32728965825028977
sample,D290,train,0,0,0,2,4,3,2,1,2,4,1,2,5,5,3,5,5,5,3,3,3,3,5,5,3,3,3,4,4,3,4,5,5,5,5,4,4,3,2,3,3,4,5,3,3,4,3,1,2,4,2,4,4,5,5,5,3,2,3,4,2,2,5,2,4,1,3,2,2,5,3,4,1,5,3,4,1,3,1,2,3,3,4,4,2,4,1,2,3,3,2,5,4,4,1,3,3,2,1,5,5,5,4,0.4844285258085218,0.62316318644387148,0.81938380261289578,0.93257552976837366,0.61909609345551786,0.79863885352489727,0.83902364447690714,0.654381252059823,0.63245649425807149,0.12923318284570262,0.087320959752290261,0.10353975262296233,0.58341601011412181,0.9342143755993727,0.55350108077138682,0.88000164891448185,0.19794601582252958,0.87095050084619607,0.82186625666613744,0.4104950818536881,0.28587424686601259,0.64993380712634108,0.15883334472717736,0.34752155339647839,0.81299262467550892,0.1364176414199153,0.68027667486051668,0.54838393395353424,0.4748788132521774,0.52642935545681302,0.085838837824990688,0.79190738632439905,0.87463671651834229,0.28453948488329461,0.088934248062029653,0.63993549141236628,0.6873423341456335,0.19803117952989036,0.88618776068050931,0.72916142587588739,0.80816705288018287,0.98547505742551578,0.90829661379014448,0.17492866714957633,0.64122569398107976,0.91279716441423908,0.88284476482269469,0.73105797394504146,0.61810773545093434,0.34368707131622545,0.15744841343388416,0.46920130323254772,0.87629457928167076,0.56416874673440653
sample,D291,train,0,0,1,3,1,2,2,1,1,4,5,4,2,5,1,2,1,5,1,4,3,5,2,5,5,1,5,2,4,1,5,1,2,4,3,5,2,2,4,2,2,4,4,4,2,5,2,3,3,2,5,3,4,4,2,3,3,2,5,2,4,3,4,5,4,4,1,2,3,4,2,5,2,4,2,3,3,2,3,1,3,2,3,4,1,5,5,2,4,2,3,3,5,4,3,1,4,5,3,5,3,4,4,0.97594986092175362,0.4759396721423006,0.81901586290475303,0.37677569463529303,0.39820109839924278,0.26592422500444657,0.94323830077176496,0.95553044438483792,0.88664397863209432,0.28448376842826961,0.23169982296140657,0.7725527039896769,0.097663070951538478,0.21696264766867912,0.11724604901032687,0.55499897113103147,0.036859002279818087,0.48736899540427547,0.94203449367094738,0.93371520776730699,0.11102617023742811,0.84914656420305301,0.2082076352045229,0.54869580807934404,0.22883323547205314,0.5269839830560914,0.33236897409163391,0.18861403614675065,0.29513424662177967,0.91618327864078364,0.90825944356855093,0.76647531596588148,0.11783737841974351,0.78126913180399693,0.83224957864536053,0.12380413976828919,0.25648681662459694,0.1729700732868672,0.5551259242444857,0.29777468556572384,0.79517354554797826,0.28526456081644624,0.54520209377363005,0.26368370685648135,0.19808013473765917,0.57442072067515104,0.14660481653276702,0.53534327983334007,0.84562358427795881,0.039265388836247195,0.98230437602143084,0.65392933472464865,0.6242774083008219,0.61272994341696296
sample,D292,train,0,0,1,5,4,5,2,3,2,3,5,4,2,2,5,4,4,4,1,4,4,4,4,2,3,3,3,1,4,5,4,3,5,5,4,4,2,2,4,1,1,4,5,1,4,5,3,2,4,5,4,5,2,4,2,4,3,3,1,5,1,5,3,1,2,3,3,4,4,1,1,3,4,3,5,2,1,2,1,3,1,5,1,1,4,5,4,3,3,1,4,5,1,1,2,1,3,4,4,2,3,5,3,0.99464774727208705,0.83156110798643401,0.0019149581523103532,0.98488592019647914,0.81556544181875457,0.93863463036336825,0.3828289345404583,0.81507377586373231,0.2305952200660818,0.32371466524420933,0.20418039482288808,0.39489436393587996,0.84655639301282692,0.53437419289415078,0.088853693007690637,0.24008241258351004,0.84899430052373881,0.15488304119209606,0.5514390112030223,0.19602166248800423,0.20855840987172314,0.97501388968386304,0.9093057283703464,0.13443827724172419,0.37009151726247891,0.35923314922970873,0.3976006838375622,0.610860307502886,0.082897430111903647,0.17775669647127235,0.49662414626803941,0.22141071401924117,0.12444145729411338,0.35855850302836567,0.37808402027358623,0.1991741424901925,0.90318910682655795,0.84750980208207205,0.37782302385496846,0.17249127456393754,0.88343513272740604,0.10069949767968756,0.39261321042850239,0.33047773345464715,0.2877824551461966,0.14127209095327864,0.51749667775291408,0.48702699473187361,0.60035773330812636,0.70367879906674646,0.51760681748185389,0.3372613028670598,0.31361109143707633,0.61775371794275102
sample,D293,train,0,0,0,5,4,3,4,3,1,3,2,5,5,4,5,5,1,4,4,2,3,2,1,3,1,5,5,1,1,3,2,5,2,3,1,4,1,2,5,2,5,4,4,2,2,3,4,3,3,2,5,3,1,5,5,1,4,3,1,1,4,5,1,4,1,2,3,1,3,3,2,1,4,5,4,5,3,2,3,4,2,3,5,1,5,4,4,5,5,2,3,5,1,3,4,1,1,5,4,3,4,1,3,0.52034793742083141,0.83103823427151513,0.68384995346897626,0.084332122628425599,0.95004956457627288,0.59253362069648485,0.14691590760228779,0.2939420729808333,0.53555838324033955,0.1799470019608127,0.39968074024088796,0.6118637492263701,0.68638295941696514,0.50580522370523373,0.18905025235380768,0.36085884339978258,0.90560013260061945,0.12404281226565894,0.92955930989200164,0.70733390245922456,0.90070863499844733,0.58603635552214484,0.08629182525657153,0.6950745771332415,0.42610193220511028,0.28368807550382991,0.46621308281094542,0.64086450115763649,0.40464908928398891,0.74849180244962943,0.44069522737547773,0.90529972964196137,0.63204887707528357,0.46164793345380362,0.48296960959598978,0.013019541704119897,0.0097558672994429996,0.84532169537896606,0.27176930341789196,0.99346975992506847,0.95137443324072479,0.042129891409865228,0.036198799089555811,0.53924336127379047,0.049190260525053042,0.77574588586183257,0.052380558857405779,0.68029868566529661,0.47495192066348502,0.023828718055917797,0.80346065670129774,0.32653787460080219,0.76066344885869452,0.72033571911167649
sample,D294,train,0,0,1,1,4,2,4,1,3,5,1,4,3,1,4,5,1,2,1,4,3,2,5,4,1,5,1,2,2,4,2,2,1,2,2,3,4,3,4,1,2,4,1,3,5,1,3,3,4,5,2,3,4,2,1,4,3,3,4,5,5,5,1,1,1,3,3,4,1,2,4,1,3,5,4,1,2,2,2,2,2,3,5,5,4,3,1,5,4,2,3,2,2,1,5,2,5,3,2,4,2,4,2,0.70958842983818637,0.60022489701002468,0.59206399480659655,0.66097085357791419,0.57537851107850646,0.37395358940581902,0.14949804738607719,0.33915980368724874,0.68723476088901958,0.16465769733602242,0.95315327884405454,0.3363124016960376,0.39594956494938494,0.39599324762065091,0.41256505054517445,0.77030546717348936,0.25603044947219755,0.9961261302307981,0.79944545173767156,0.98014607739050796,0.79208075841218217,0.5345906181468304,0.44458104080713279,0.27550066357430991,0.087011672596088441,0.081987104312959858,0.079826135746935423,0.4144150099492705,0.70825490259811519,0.25126846860067575,0.91421090378582615,0.31506637174839369,0.51277329649391312,0.54475937202741864,0.53763000799428207,0.26896192236275085,0.20894515820936943,0.10731342433406454,0.42310929131705055,0.36604798863829535,0.61206906393625982,0.20937203554572081,0.58724781790656799,0.64851291145011547,0.16646550093118007,0.48190467867626052,0.38791333527018446,0.23134800438414083,0.70645905414415966,0.30940932945442678,0.9950827802784572,0.21953922694877936,0.22368373677576237,0.90828054886597287
sample,D295,train,1,1,1,2,3,3,5,1,3,2,3,3,5,2,1,2,2,2,5,2,2,3,2,4,1,2,2,4,4,1,4,3,4,1,3,3,4,3,4,3,4,1,2,1,5,1,2,4,3,3,1,4,5,2,4,4,1,3,4,5,4,1,1,2,2,4,3,5,1,1,1,1,5,3,5,2,1,4,2,5,2,3,3,5,2,2,5,2,4,1,3,4,5,5,2,5,5,3,2,1,3,3,2,0.66809794817217194,0.62836038460614918,0.86081481404020888,0.30689628402101943,0.95599091640201217,0.2449671695872474,0.67756775236831668,0.83383895754499826,0.98468879286619815,0.76899418713896484,0.22532572755989677,0.9196681597148807,0.01707268976343268,0.17246365101542815,0.58197253100186475,0.054697362345465406,0.58304834308416886,0.62957945911003921,0.20379388379708341,0.84748073851243266,0.95378744744698629,0.40112157741564869,0.62830155077916983,0.92493417369245101,0.090630930967604884,0.93008219855905028,0.64689804762806025,0.073502729041518777,0.70728940429162213,0.71621370757727665,0.94107269259551252,0.70674062680180927,0.54463914820031034,0.97671612334812441,0.71160088552113498,0.48459198719465335,0.54745047144296055,0.083982360002439638,0.64101256953636132,0.52982190230691395,0.93659175078537427,0.68211082999207018,0.64847141729840629,0.50834506990660999,0.31852173783845661,0.14288206254817204,0.99187920966419074,0.95512988999339143,0.22712161653157825,0.78588144738994525,0.085729004000493991,0.088412942463974686,0.10143879563223279,0.58489254381440514
sample,D296,train,0,0,0,1,3,4,2,4,2,5,4,3,3,3,5,5,2,4,5,4,2,5,1,1,3,2,4,4,5,1,4,4,2,5,2,2,4,2,3,1,3,1,2,3,4,5,5,5,4,2,4,4,2,5,3,1,1,3,5,1,1,1,3,2,5,5,5,3,2,1,4,2,5,2,2,4,3,3,4,5,5,4,5,3,3,5,4,1,1,2,5,5,4,2,2,3,5,2,3,1,2,3,2,0.89474638742987322,0.0027895961508781486,0.76682831651072891,0.57358620922571224,0.95257599521438352,0.37821445028978073,0.090202989059290362,0.49350761456122005,0.88057263694977905,0.30592366660275361,0.12349722218689441,0.28667943522900896,0.75645382269635086,0.41725170745841789,0.51370135342819745,0.54586572583140347,0.50279036240041375,0.060240037758773068,0.41729656860801656,0.14831320607718879,0.24651155788620149,0.22026346947846098,0.78383854385240848,0.53535119320908553,0.91224022964793994,0.18704258331991286,0.83799281570837736,0.1837762957307103,0.94498330540376718,0.44678898096246811,0.70077381267338812,0.32558438570526937,0.6998971216053177,0.07129684865499919,0.31390570276928553,0.4501513256072035,0.68944355252032652,0.48015097728265366,0.6740077640540707,0.92512471321084389,0.98737917167659683,0.27338007845856915,0.79011188748499284,0.50240902209072502,0.43292105596028208,0.18915941996240493,0.15408576689163589,0.83206577537234916,0.11060972758645715,0.052307321565798093,0.92375170696861497,0.54320698617337781,0.53455616988896881,0.5533040696405378
sample,D297,train,0,0,0,2,1,3,4,5,1,1,5,3,2,5,4,4,4,1,2,1,4,1,4,4,3,4,5,3,2,4,1,2,5,4,4,5,1,1,5,5,5,2,5,3,3,1,1,2,3,2,1,2,4,3,5,3,3,1,4,2,3,4,3,3,4,2,5,5,5,4,3,4,3,1,3,5,3,1,2,2,1,5,3,5,2,4,1,5,3,2,5,5,4,1,2,2,5,4,1,1,4,1,3,0.60580716742393059,0.84677650694072115,0.61486154726202924,0.16609777477460719,0.066007822418366113,0.48571513126374533,0.43929141173375852,0.37357789957470433,0.3355534584923614,0.78703590019084635,0.29216266364690036,0.59912893101423736,0.11745246962379441,0.78854128191051265,0.68129676185896559,0.73883205841202837,0.48353836482621726,0.74588811261626931,0.94986516554997225,0.78864829032404504,0.68173199580540322,0.67881088648347421,0.67856188134711348,0.33850985243867371,0.28806412142532323,0.68306702521195095,0.24911064114759618,0.5419383196777644,0.38785443912893347,0.40775727502787118,0.88721602842698599,0.98785138826192154,0.95481830956240721,0.81841866854151069,0.78246905576513259,0.24958988546254246,0.98394206203829826,0.89165297739493909,0.84463624748809785,0.18961533764357485,0.24043456064719992,0.029423063558909668,0.49654024088135096,0.93593298348021381,0.56436146766052142,0.058389810434212985,0.30119563380453629,0.38203758585169034,0.37090801034829235,0.32905979440964972,0.020406914492406059,0.83643495689422331,0.63956070687673272,0.21701702037775961
sample,D298,train,1,1,0,3,2,4,1,3,1,2,2,4,5,5,1,4,1,5,3,3,5,2,3,1,5,2,2,2,1,2,3,3,1,5,2,1,2,4,3,5,4,1,1,5,3,1,2,2,3,4,1,5,4,1,5,3,4,3,4,1,1,2,1,3,1,3,5,5,4,1,5,3,2,4,4,4,3,3,5,5,1,1,4,3,4,5,4,4,4,5,4,2,2,3,1,2,4,3,2,3,2,2,4,0.38817788056436076,0.70274504178664443,0.41010992974220539,0.23287089396795846,0.61567151622366689,0.91753790272295521,0.42618477668891563,0.47692870203023485,0.86329871217571208,0.76456472544749876,0.059585539252111408,0.16511525556343942,0.067945383996856346,0.76453850015797609,0.68331587879682298,0.9208717024649351,0.079515567956135014,0.11132856450763973,0.7429271673192378,0.62580629347968564,0.48376430667502279,0.29941138834812964,0.25572640923406342,0.57455062391839506,0.65845337088212019,0.36393140054383899,0.75738428736710472,0.49878550536709998,0.065966554797892818,0.051436374108804861,0.4650957034501273,0.80945420858340678,0.65994956120360948,0.23529832223279212,0.26200272967323845,0.84447235301719537,0.76673114177758583,0.80946731243858394,0.091912709171083185,0.46708631982879001,0.7796049865704946,0.78886792531972827,0.64469122599249351,0.9352797487113208,0.63687634741572507,0.14105810660441742,0.61426770689701882,0.95336079681566743,0.059288579036690603,0.63906381397805412,0.18545804467424609,0.7245454459325803,0.054195012773625373,0.78809784003791139
sample,D299,train,0,0,1,4,2,4,4,1,1,1,3,5,4,2,4,2,4,5,3,3,3,4,5,5,3,4,2,2,1,2,3,4,3,2,5,5,1,5,3,2,1,1,3,5,3,1,2,1,2,2,3,4,5,2,4,2,1,1,1,4,5,2,1,2,3,4,3,1,3,4,3,3,4,4,2,4,5,1,4,4,4,4,4,2,4,1,5,2,1,3,3,2,1,2,3,2,3,5,2,4,5,5,2,0.80355820493759522,0.84106227015067436,0.40120116077246359,0.87327152015825393,0.037179145261121427,0.40367015671279927,0.76922259109512181,0.87315534358354963,0.21280969629230218,0.21064470923738321,0.655176133868144,0.53824852345652707,0.032039280319397512,0.90147647629683336,0.041205428476988049,0.85570295996007018,0.40773190249827307,0.53247329808479427,0.24686997908204289,0.30832586733114287,0.4094449772082237,0.125357070372347,0.49951389470873209,0.96270104439178028,0.89374380870620695,0.30296104474804075,0.19231826179677125,0.62982737354724649,0.48450330359549965,0.29964251707487077,0.83728528160595328,0.60994156533203214,0.70367390883945402,0.3618154821342765,0.071083875569026733,0.26475900349071779,0.32509709920916341,0.48406301685117581,0.32807533782887732,0.92809185020102991,0.069673874308881723,0.45764237487391157,0.58964934622481546,0.76076289695888399,0.8325880773687524,0.77352982591972497,0.74731719282775877,0.22905823837828498,0.19620770408436128,0.67012783065317405,0.72744884553659372,0.082598276374639124,0.7680684979466893,0.5902042976866263
sample,D300,train,0,1,1,3,2,1,3,1,4,1,5,4,5,4,5,1,1,2,3,2,3,3,5,4,1,5,2,2,1,5,1,3,1,5,2,4,3,1,3,3,4,4,3,2,4,4,3,2,4,1,2,3,2,4,4,4,3,2,1,2,2,5,5,4,1,3,4,1,5,5,5,5,4,5,5,3,3,3,2,2,4,1,3,2,4,5,5,4,4,5,3,2,4,5,5,3,1,5,1,1,2,1,4,0.3882961704044714,0.93731804221675319,0.54839499475234121,0.50729490641832298,0.35434755444665367,0.22738964361161751,0.41851792927847253,0.5659178334589714,0.21844903032044716,0.30399915943264066,0.98983900577971029,0.87647776628698804,0.71172608199905918,0.82410799374737964,0.91902566586531853,0.71343085751582402,0.15586495589366123,0.30549081447785309,0.014480421640429508,0.082453892665449335,0.76508696406732324,0.70382497303912106,0.59844020721583102,0.011071484332374704,0.22550471909952796,0.67251571364425555,0.56709260575392517,0.18874769476527964,0.73969604082935947,0.016969612134679402,0.75502684367335526,0.090528301253938515,0.25907427940690586,0.24588868027108091,0.97594074230273964,0.28949139405056612,0.52703860713005468,0.094479168126124446,0.19998132855155348,0.14921615357527018,0.43816784047069102,0.9954370769352,0.47363018207207497,0.37355548280005602,0.90231869049042346,0.85064156527873735,0.54990217314571233,0.87962024421327234,0.89898502382155232,0.98149452438846374,0.96893980281115721,0.82167291347945948,0.52354089746488297,0.3985168402187278
sample,D301,train,0,0,0,5,2,2,1,5,2,3,1,4,4,3,3,2,1,4,2,2,4,2,4,2,4,2,2,4,4,5,3,5,1,1,1,1,5,2,4,2,3,5,4,5,2,3,2,4,5,3,5,4,4,2,1,4,3,5,2,1,2,3,3,5,3,1,5,4,4,3,3,3,3,4,5,3,5,4,1,4,5,2,5,3,2,3,2,3,4,1,1,2,5,5,4,4,4,4,1,5,1,1,5,0.079313381184783482,0.28639070358547913,0.41915494445087176,0.61582444411533832,0.80104652561444001,0.72595784362856308,0.93858310151341051,0.041216754745721951,0.19590059616467081,0.20367784077979856,0.91918301031469996,0.98665510041955085,0.98472998684850077,0.3870523314542772,0.56534893527589947,0.2872962792987469,0.92375999418915955,0.51829200352018256,0.28453089007997567,0.15152225650464979,0.80588222716246227,0.93382949443586172,0.22765187293597833,0.0082603430109460252,0.57608472055701609,0.37699438990424239,0.23960223782158852,0.20686617909549221,0.41922235394605456,0.57509924365644927,0.61189583562431649,0.91280737994975381,0.037031269968423319,0.30644387057529232,0.48960449018290186,0.54078532097856413,0.73752232733354295,0.18061121044213246,0.062039760457313853,0.55203480427038987,0.080946445613487739,0.070538015352166195,0.83405201796795891,0.27149315690284503,0.33981996322434682,0.38340596505648927,0.29692678842014908,0.8639300188204424,0.81718466503102494,0.076776674558655,0.20934537677582088,0.7820571307015397,0.54098046605523198,0.15588110932361054
sample,D302,train,0,0,1,2,3,2,1,4,2,3,4,3,1,5,2,1,1,5,2,1,2,5,2,3,5,5,4,5,1,4,1,1,2,5,3,3,5,3,3,3,4,4,4,3,3,3,4,4,2,4,3,2,3,3,2,5,4,5,2,2,1,2,2,5,4,5,2,2,3,4,4,4,1,1,4,2,2,1,1,3,5,3,1,3,5,2,1,1,3,3,4,1,5,5,1,4,4,1,5,2,1,4,3,0.79711685605613791,0.49690919845543202,0.099919216415477741,0.7932005212202794,0.31699690884570386,0.30396201365394149,0.17876949146881249,0.38700819025464106,0.66694488751318448,0.17738652912958408,0.25092808707000369,0.42321104153572897,0.46948053810435297,0.57655393618577733,0.39151236542198353,0.99893111615719354,0.31593162446506839,0.65227540224136715,0.65375650585402179,0.029935361068037292,0.59715063192434381,0.20509286668417526,0.87668043510520433,0.8921147307497499,0.98409214577841519,0.39894946597195624,0.8545958753281212,0.13448092860357985,0.47510159756383397,0.92250594295109389,0.84135538207805738,0.75251910564925228,0.95703990841482811,0.11992073083422283,0.60217400256955844,0.78325469079790577,0.87089955775458772,0.6617650998209631,0.63252913423009038,0.16623855305261936,0.82258231936390203,0.30627631295642543,0.70846330220560239,0.099901245408173689,0.025879416479542838,0.78489310395510181,0.47153676732444028,0.36494241037798802,0.38168312257741543,0.053598387037285367,0.58931644413583295,0.90809555981992163,0.68855505198428923,0.15881616900966045
sample,D303,train,0,0,1,5,1,4,3,1,3,2,1,4,2,4,5,1,2,1,5,4,4,3,3,1,1,5,1,5,5,5,3,3,2,4,2,3,3,3,1,2,5,4,4,1,2,3,4,5,1,3,4,5,2,2,3,1,5,4,1,2,5,3,1,4,2,3,3,1,2,1,4,4,2,5,2,2,1,1,3,2,1,4,3,2,2,5,4,2,5,3,5,4,4,3,5,3,3,3,2,1,5,5,1,0.95454259254795504,0.39555666227290587,0.00020129193590434635,0.90934053109219959,0.039156130255115218,0.096946050984496268,0.42400977028437181,0.29535097244637942,0.40106956764256296,0.64278912803345767,0.36283935240177312,0.11991671583675834,0.79314767901181038,0.16076654518148659,0.460245412246298,0.10858212397395328,0.72902050396695428,0.28362474960873962,0.30817086028018048,0.82001563769598451,0.68159297749184955,0.83938416113794823,0.41031335779321298,0.13729878934260364,0.69058891629595953,0.52005389678281566,0.70416247902874562,0.81633871501624233,0.27646881115455546,0.90785903575893268,0.28879907883184441,0.47887763908753567,0.039003883913193316,0.38076413373504336,0.11948308773122474,0.21168703602486616,0.064302962824288712,0.16827889265386931,0.0027124110875211827,0.016780703565082544,0.3211926699018558,0.46379913427229902,0.1550319072623989,0.36219903134886633,0.46121151741337807,0.66075977264278274,0.0085820886683477537,0.93276049437634578,0.84518708262350128,0.84044807752255823,0.26253108021331173,0.22752298658282166,0.21675730042023422,0.27291408085049873
sample,D304,train,0,0,0,4,4,3,5,1,1,4,2,2,4,1,3,2,5,2,1,3,1,5,1,4,1,5,4,2,1,3,1,4,5,1,2,3,4,4,3,3,1,2,5,1,5,2,4,3,5,5,1,1,1,3,2,1,1,1,2,5,2,3,3,1,2,1,2,4,3,4,5,4,3,1,3,4,4,4,4,2,4,3,4,4,5,1,5,3,5,3,2,1,1,3,5,2,4,3,1,2,5,1,3,0.57781437412194381,0.65635568907284547,0.9118744734459564,0.15199556954498827,0.20658163647419692,0.78705945609556693,0.74509631195617176,0.31257979776869982,0.028372739954998671,0.56531473347566519,0.079685502566370747,0.32259694742994871,0.71249880523381337,0.27562245913129091,0.58171885422193881,0.1222602299613913,0.45472923469582593,0.11758306321879086,0.13662360120318406,0.19104952567021305,0.93571262148838918,0.79357500651354629,0.23205343593706351,0.9239486838565073,0.48418891535851483,0.18129518800182864,0.11318941360808799,0.62860650821676245,0.57297247585512245,0.77566058874268984,0.93229261704924715,0.24157643478736812,0.5955382118898741,0.61475607722964509,0.87367558925137068,0.93656595604671999,0.61290787155320969,0.3883255622759727,0.6142451868121982,0.33961126596623026,0.15606834626378419,0.10604725622857036,0.69779871889107759,0.49552178350037357,0.77981470977754319,0.91086764101279372,0.63445660560826944,0.32751111468348681,0.042449051297306917,0.50316516829016078,0.95290737961742178,0.8499057297740984,0.42926032138655557,0.91748271001307102
sample,D305,train,0,0,0,4,5,5,2,4,4,2,3,4,2,1,4,3,4,2,1,5,5,1,2,3,4,2,3,3,1,5,4,4,4,3,1,3,4,2,1,4,5,5,1,5,2,2,3,4,5,1,4,3,4,3,4,4,3,3,4,1,3,3,1,2,2,1,2,4,3,2,2,2,5,4,4,5,1,3,2,1,5,1,2,4,1,4,2,3,5,2,2,3,2,1,5,5,5,2,5,1,3,1,3,0.95789887127639251,0.51682907474350448,0.91543734683714606,0.060840689144428528,0.96655655133172791,0.80481156258543796,0.90157502356989427,0.68104210579228774,0.44549420448073207,0.22924060923091127,0.27734588347599765,0.44691361230430526,0.87654633035296814,0.033776422936757311,0.13778494191259594,0.6593842099495365,0.91453220000058288,0.95415708696325485,0.28971601581593631,0.3769721108691686,0.33408983809927817,0.7404436071738898,0.91263853989104982,0.52576128984212245,0.95346886568235767,0.0066331671225370314,0.28820519193613459,0.8766211849098231,0.79249823215266957,0.18236762819564778,0.6486449900400777,0.070705734923246499,0.063592038580400412,0.65029214657232504,0.1026513420536117,0.07875481572257903,0.25983725636430544,0.097719274399056366,0.33404891053939267,0.82399610060538764,0.067690812782485232,0.62398617247725052,0.27015213551344897,0.15380228177391864,0.19987030274107387,0.01095541745330153,0.010132643652019491,0.99276359666925829,0.81492327615097604,0.48116642238762553,0.37811598458380757,0.46789465912095596,0.6697140352183496,0.8509668647473756
sample,D306,train,0,0,0,1,4,4,1,5,5,3,1,1,1,4,4,4,1,3,1,1,1,4,5,1,2,3,3,3,3,5,5,1,1,4,3,3,3,2,1,2,5,1,4,2,5,4,1,1,3,2,5,5,3,2,3,3,1,1,4,2,3,4,1,3,2,4,1,2,4,4,3,1,3,1,2,2,1,5,2,1,1,4,3,4,5,1,2,2,4,4,3,5,1,2,3,1,3,2,1,3,1,5,5,0.11748523827515378,0.68877944983049333,0.19899614856334247,0.18306687375529973,0.090162499176146715,0.19499296555264756,0.60642726605958985,0.68214166776606777,0.66600361304564482,0.084043139824851565,0.051150030657102996,0.97948206921186476,0.54419598098753896,0.70588701005127796,0.87967669645951541,0.34293846981603837,0.38019481688674828,0.12920597074966733,0.41250769963405143,0.0090532350241419035,0.011839996354405136,0.00018834060748507131,0.036840964982460145,0.69445740133591971,0.55815647360171172,0.94790541981301435,0.70017319458370431,0.92402698299668473,0.14650657589983529,0.26187449039942379,0.28567212040151757,0.93498745631951474,0.90914487076189809,0.29060624335064034,0.5586838164341722,0.15536245348874222,0.94824483413447569,0.41537228613001742,0.31592076788588841,0.6974915199849413,0.47405885176638929,0.010392272591562612,0.40626270257869779,0.038344965820024002,0.64378344089216,0.6680702236921231,0.08844510613990364,0.29953013468557577,0.66601826112105278,0.33879194677394442,0.021716905785462148,0.78706893256119304,0.88881169684994743,0.91132719829313169
sample,D307,train,0,0,0,1,4,2,2,2,4,4,5,4,1,3,5,2,3,3,4,5,3,2,3,5,3,4,5,5,3,5,4,5,5,5,4,1,4,1,3,2,4,3,5,5,3,1,2,4,2,4,5,1,1,3,2,3,1,5,5,4,5,2,5,5,4,5,1,3,3,2,1,1,5,5,2,3,5,2,5,5,3,3,1,1,4,3,5,5,1,1,4,5,1,2,5,4,2,3,1,3,2,5,4,0.81679443588616907,0.077527331946455114,0.70544138766572151,0.52570294754795033,0.57479216762159946,0.11473822604628992,0.48694930825010885,0.63854199302392101,0.44075076882212383,0.026635403665085322,0.63351992319825889,0.016600698427149729,0.81698464326943365,0.85518732758088634,0.85803751132123185,0.044841671694765384,0.603523134034605,0.087493106019497335,0.90542012534532712,0.56808052532087883,0.045128304215851234,0.38435338193970847,0.095842189115752374,0.34403923456750984,0.26149858031119344,0.50718087252589994,0.47479725358341052,0.26699625772295643,0.32523868995175775,0.32667578758185056,0.039372623747573665,0.96832021513382294,0.90863596787877121,0.052208531969974659,0.34168090260842998,0.16781481345063676,0.14792755181779449,0.66521731225054503,0.60404269750501327,0.39961265701816018,0.93792064936241881,0.071694711857457682,0.40643593560000613,0.83660856423466601,0.65569458071956066,0.060476128340616442,0.6675047713539215,0.6421851352193646,0.68889383350461031,0.82444344400526448,0.2437726417261693,0.32706239728888131,0.32401168830947458,0.57778888212905966
sample,D308,train,0,0,0,5,2,4,4,4,4,3,4,3,2,2,5,1,2,1,3,3,5,2,5,3,3,4,3,2,1,5,1,4,5,1,1,5,2,1,1,5,1,1,3,4,4,2,4,3,3,1,1,2,3,2,1,1,5,2,3,3,1,1,5,5,2,5,1,5,2,5,4,3,4,5,3,1,2,1,3,3,3,3,1,1,3,1,5,4,4,2,5,5,3,2,2,2,4,4,1,1,2,4,4,0.31332947962691704,0.3773197535309788,0.61128867062826531,0.71210189097182541,0.32720029770805159,0.36531807053592757,0.65258506766365221,0.035090902147619008,0.13774201005277364,0.20782014859086417,0.46253180517144388,0.87018422259833306,0.54529830271226298,0.79120543841199908,0.91180237300910172,0.41417190682908167,0.26574897487365656,0.37811533646883511,0.51815720706611279,0.79107626017641197,0.62612632196225737,0.3105522924279458,0.77580715691175006,0.56229246575565694,0.44582284161062136,0.89939478496897951,0.83635909276983234,0.97103328399528621,0.87286831281312416,0.032860187487863901,0.37095301882178844,0.95202599339176996,0.65400595878862677,0.75873225249688669,0.0035274417207704634,0.1424044178209134,0.93220267234121745,0.13734924216920097,0.57244667346558076,0.70920267405170578,0.94575273357241363,0.024258485139438402,0.66844393954198633,0.43510977738755374,0.071400697837076255,0.58798959460829348,0.83505844032796606,0.024039554162644805,0.43650772928769732,0.11185765525617164,0.047805773025729748,0.73173096379712643,0.27282058217908778,0.24298364982572473
sample,D309,train,0,1,0,5,5,5,4,2,1,1,4,4,1,3,1,2,3,2,2,2,5,3,2,2,4,3,1,2,1,4,4,3,5,4,4,3,5,3,2,1,4,1,5,2,2,5,5,4,2,4,3,4,2,2,3,4,5,2,5,4,5,3,4,5,5,5,1,5,2,4,4,4,1,1,1,2,1,5,2,5,5,4,3,4,3,2,5,2,4,5,5,4,2,4,3,4,2,5,1,4,2,1,5,0.84832309033293007,0.71572182608177293,0.4205992633383091,0.76206932717270459,0.84053847899533052,0.77524099596091989,0.97525205669965909,0.088110765547634418,0.49799708685649824,0.98751107432575791,0.81544434479939709,0.13672009524610151,0.28186178965077135,0.66249210535481784,0.32072821199759638,0.32934454431760896,0.21335730651012708,0.68880906474404413,0.86584916107732068,0.4140488516713513,0.44361049463548308,0.63480504085231348,0.35073806458541879,0.23868999908510724,0.26696036092597919,0.89574321892800068,0.82465021827079532,0.36088174439387255,0.39679754621608188,0.89568823273813503,0.327909973559942,0.5716198108715983,0.13349337492107904,0.36481688107115429,0.35876543553424911,0.98533746266133748,0.27548319684201072,0.36392782036491478,0.64943858730908965,0.86580001168871046,0.41532543648410314,0.13008260880672073,0.55780463820648551,0.19041391177264222,0.42767233377232527,0.51554308493299217,0.2357689598361693,0.6665270680647809,0.70226936099989068,0.96869895516024174,0.50925644101507972,0.89542446761893602,0.46916258900568564,0.85107591303187313
sample,D310,train,0,0,0,1,2,1,5,3,3,1,1,3,1,4,3,4,2,5,3,1,2,4,2,3,3,4,4,1,1,2,3,4,2,4,2,1,1,5,4,4,5,1,4,4,4,3,4,5,3,3,3,1,4,5,3,2,3,3,1,4,4,1,5,5,3,5,4,5,4,1,3,3,5,5,2,2,5,3,3,4,1,4,3,2,4,2,2,4,1,2,5,2,1,2,1,3,1,2,5,1,2,3,5,0.30294683938700973,0.071862664699708589,0.44661679975798985,0.95735097871257602,0.087773693606604475,0.28757640642161442,0.83833358958735671,0.56275218600845556,0.59362653732548443,0.73087374702534069,0.11860443996579861,0.29189871452982075,0.89531796794646901,0.48065605101306341,0.03625159365091879,0.38846075105929345,0.14571812500090986,0.39445776193106841,0.60392172490107088,0.18891926431477291,0.71029499206061564,0.15441293212485274,0.46724312348346086,0.93865639917956012,0.79245362134578889,0.77114095337490818,0.072646849871947139,0.92390813898600532,0.27566933233354363,0.54196716340223672,0.49029123425054655,0.90127747389892454,0.60046576100007765,0.649683302086144,0.2485648232074722,0.1211065158263338,0.92169510498005958,0.61269240482681708,0.36744850094633619,0.83192308000731374,0.31150974257661068,0.35709672558025762,0.18380175063064808,0.8365896481209385,0.2502466444407434,0.84644608575949531,0.9119750114580456,0.86937010153081107,0.2544406628001834,0.89982329746503698,0.43126989694460638,0.94036930784971628,0.65683052040846845,0.41842787192876452
sample,D311,train,0,0,0,2,3,5,5,1,4,2,2,3,3,2,4,2,5,2,2,4,5,3,5,3,5,3,5,3,5,3,5,1,3,5,3,1,4,4,4,5,3,5,1,5,4,3,2,2,4,5,3,5,4,1,3,1,5,4,1,2,1,4,5,1,1,3,5,3,5,4,3,3,1,1,4,4,2,4,3,1,1,1,1,3,3,5,4,2,3,5,4,3,2,4,3,1,1,5,2,4,1,5,1,0.23617233842739305,0.56027791309881192,0.27988560877284785,0.078415443809009555,0.5912041980224183,0.077053982551540279,0.6946550578382038,0.74191118292960667,0.84196760142103144,0.85678148408570443,0.36969499096329583,0.750280109802547,0.046716891897538138,0.063378898669651074,0.31990970478481873,0.58467271959861045,0.36400474663265225,0.50473586845725571,0.83814581141730582,0.55566651282534396,0.90571189248350537,0.90473297531213714,0.62499123530837331,0.41218879726667645,0.76224244424387422,0.37517880768211909,0.043711579962614655,0.64598810796107076,0.18807753448293274,0.83932623874882983,0.9689736954134115,0.29544344900561004,0.77415574207734106,0.064371241446653071,0.34124321948491043,0.014315419968511933,0.0332451210869249,0.61160245707034999,0.69325808118305809,0.028234410706257429,0.64584823491506016,0.32661354068237014,0.86011122532542983,0.28340381342010279,0.46040006172336723,0.31404122746406049,0.86559996579772425,0.62782315980550096,0.8782970256476117,0.13815358254650778,0.32459520207264947,0.23636503334349623,0.097376582287654334,0.91990142398489172
sample,D312,train,0,0,0,4,5,1,3,3,1,2,4,1,4,4,5,1,2,1,5,3,3,4,3,4,5,3,1,5,5,2,3,2,2,4,3,2,5,3,2,2,3,5,4,5,2,3,2,2,4,5,3,2,1,3,5,4,5,4,5,4,2,3,2,2,1,3,1,3,5,3,2,5,5,1,5,2,3,5,4,2,2,3,1,1,4,1,2,2,4,2,4,3,5,2,4,4,5,1,1,3,5,1,2,0.089732273484028235,0.27433520797728495,0.16508388567868804,0.31032299508787609,0.28695391104896584,0.53190652234170344,0.32485084959351207,0.32121072376336535,0.55464585774910802,0.24845034212177586,0.57728549929389283,0.40511402939291186,0.27376534473856196,0.58870065008639971,0.86534974978980084,0.33978768955719019,0.77491981069024307,0.32309367716259274,0.97100959654784647,0.23264112503335821,0.39576859404089559,0.26917233193227641,0.74292140348690128,0.3884795592240694,0.46586276786660963,0.44735806332891637,0.12274913144046518,0.22788185780390091,0.044661441437919391,0.082610542207489535,0.9609263035484279,0.77329537724182729,0.6227699904653009,0.18033936814979978,0.75878013068875194,0.39877741982869197,0.39983530195270012,0.069559517502795765,0.18944205594727714,0.65783266227377357,0.57435570584678419,0.44416234420480227,0.72496576282175962,0.79392267148247442,0.63465129363342232,0.47615611810542469,0.63842882620083552,0.2742115914969544,0.33935193716965473,0.70530044504419387,0.15571797072090032,0.70512074305438299,0.33377530845631209,0.31504082269876965
sample,D313,train,0,0,1,1,5,1,5,2,5,2,2,4,2,2,2,5,5,1,3,1,2,2,5,1,2,2,3,1,3,2,3,1,5,1,2,2,2,3,5,2,1,2,4,1,5,3,4,1,1,3,5,4,1,1,2,5,5,1,4,2,5,1,3,2,5,3,3,1,4,5,5,3,3,1,2,3,1,4,3,2,1,4,2,1,5,3,3,4,2,5,3,5,2,5,2,4,1,5,4,2,2,3,3,0.46749397688936678,0.69910982558067847,0.15514448850451934,0.94224772864759132,0.40006281577443448,0.51627531871113441,0.8341012516134263,0.15996687635664986,0.83322426345707923,0.57970126712596359,0.56563148430502397,0.45864177816779328,0.59893311150905792,0.73747474295794424,0.31072000891912321,0.39511981489027459,0.47043815084648077,0.74813977389747877,0.84517961021226962,0.73023992582207176,0.32881607798653911,0.64667708470303198,0.14016611407056001,0.2782375920670126,0.092363342353806721,0.36958852725273794,0.23424279472827991,0.26220268395363722,0.22303198156001003,0.40685374715133171,0.50567584094792639,0.64489428855218989,0.65089044514272443,0.99561593568642692,0.015691638802614705,0.29924346896607767,0.13865257470287484,0.33760974620968831,0.19053486366584194,0.055819467832477376,0.97869471983439349,0.23806522975248934,0.94313417153993961,0.80636201872011548,0.30258319896389285,0.44833714243045886,0.21768251283585893,0.78868652130241967,0.4992365382911087,0.25544857399686283,0.91921171814998714,0.70840803424728516,0.42349894589477821,0.12749348441994335
sample,D314,train,0,0,1,1,1,1,4,3,2,5,3,4,3,1,3,4,5,3,3,2,2,3,3,1,1,2,2,5,3,2,2,3,5,1,5,4,1,2,1,5,4,4,1,2,1,1,3,3,2,5,3,2,3,4,4,1,4,4,3,5,1,5,3,1,3,3,1,5,3,2,3,3,4,2,4,4,4,2,1,5,4,2,2,3,5,3,2,3,1,1,5,5,1,5,4,4,4,3,3,1,3,4,3,0.55788675567647439,0.74050771827287443,0.04764579508803013,0.28634829706758358,0.7077142713351986,0.38233373660666847,0.79257171200784915,0.955295597166675,0.071158477177616031,0.52414285038982289,0.31070978722611553,0.017444346881372863,0.79647786167413603,0.47702695218294477,0.96297518068286936,0.35066433593719259,0.2110829075170999,0.91236761951742329,0.46216026741814276,0.92634404577917107,0.20321032679163709,0.72127625762284775,0.46456074887416754,0.62756263209742913,0.20200636885018108,0.62729858274174466,0.34235467490307336,0.57604144109916655,0.67028515780914033,0.73652458981729496,0.038902678126446766,0.98113965709503725,0.11438568008306371,0.6928181309306144,0.39267263637633687,0.61150867992505487,0.76291180699076777,0.43150561018280387,0.93750172322554759,0.98927226764643916,0.48328158351611017,0.8116449487369144,0.28641239782092309,0.33719031086112439,0.83864542125337183,0.92371043380965534,0.42236998469484832,0.82526750341076494,0.80612223804458616,0.25186877015181153,0.47966343790336374,0.96219964852525797,0.45655766020873323,0.91942216488258222
sample,D315,train,0,1,0,2,4,3,3,1,5,5,1,4,1,5,5,3,5,4,5,5,4,4,1,4,3,1,2,3,4,5,5,3,1,1,1,5,4,4,4,2,1,3,1,3,4,2,5,3,4,4,4,5,3,3,2,2,4,2,3,1,3,4,3,3,5,4,2,1,5,1,4,3,2,5,4,1,1,4,1,3,5,1,5,3,1,4,2,5,1,2,2,3,1,5,2,5,5,1,5,3,4,3,5,0.4571052770365388,0.10233735577326286,0.68441436173389558,0.1286228854153062,0.38823284546875869,0.67222615815987374,0.81469679995997146,0.39448074203312056,0.03552373364494088,0.024691272584308699,0.32549016503573769,0.14561513293240358,0.11815210715110014,0.78642456160345353,0.53379844979174484,0.58133489050577203,0.94010606791164109,0.42073946951829244,0.85018147092039009,0.062094402065510534,0.55568520944620592,0.84314694254554201,0.26660366176106876,0.92615606018665697,0.99516717803806831,0.25935829439785596,0.4933637858472335,0.27885763216803849,0.29018047601297858,0.12731466775862665,0.018652125761088101,0.051566815400706068,0.90550277551922309,0.11183506530729281,0.64827708183332877,0.79590903138010238,0.96923467878620495,0.84703193016550138,0.90379704610516243,0.25640569266511415,0.14492439676358271,0.89177197105856798,0.66665838985615744,0.28645785911572574,0.095755293685441112,0.35787158287200393,0.79488982255915785,0.23332199697228462,0.91380458818902244,0.12395172807695654,0.7412421603411592,0.28296413455993275,0.43499035697710986,0.25578592554935786
sample,D316,train,0,0,0,2,1,4,2,3,5,5,2,2,5,3,5,5,1,4,2,5,3,1,4,5,3,5,2,4,4,1,5,2,1,5,1,3,3,4,2,1,3,4,1,4,4,4,3,4,1,1,3,1,5,1,1,2,4,4,1,3,5,1,5,4,4,5,4,5,1,2,2,3,4,1,4,4,2,4,5,4,4,1,2,2,2,5,3,4,4,1,1,2,4,2,2,4,4,5,5,5,3,2,3,0.35773031981213754,0.84632938344720554,0.91470954773791546,0.29774179582101701,0.017537813307654804,0.67025193204703726,0.035506471248350824,0.56330975831395036,0.72424167015597241,0.88378609974152311,0.81819153050127702,0.8053699108644844,0.6344561833284984,0.25476298792834484,0.41926527108862532,0.26407734705075114,0.58479573244517558,0.18115999422739881,0.77947424591693193,0.25785521400042088,0.87066592865980397,0.53235332683717473,0.97170666761736846,0.30636371647930016,0.13855982281518398,0.16644390147366228,0.59060995040409459,0.24321435997437224,0.39602352745426272,0.60009968172432504,0.86197806787388542,0.59652684422321001,0.099935845433037573,0.58199065361420499,0.71875857984790104,0.45048108432270273,0.71802687974414614,0.12571721723917451,0.94720000703607898,0.6070445269795659,0.13855854296901704,0.04143045625343611,0.84391036133751718,0.89162821120643165,0.30028071974652037,0.86019160809002371,0.30996244676085594,0.71131205463444835,0.564793397806578,0.64190473564877293,0.59235441129537914,0.040747980031247244,0.17742562874661438,0.093666461469372408
sample,D317,train,0,0,0,2,2,5,5,5,2,1,2,3,4,1,3,2,4,5,2,5,1,1,2,2,1,5,5,1,2,3,3,2,1,2,1,3,5,4,2,1,5,3,4,3,2,5,5,2,3,5,2,5,1,4,5,5,5,3,1,3,4,3,3,4,5,2,5,5,4,5,5,3,4,4,2,4,1,4,5,1,5,5,4,3,2,2,4,2,5,5,2,3,2,1,2,1,5,3,5,1,4,2,2,0.09194253490770965,0.41755426154383046,0.13100912943499432,0.99920361602440089,0.017648447941686962,0.3455580044128802,0.8568148828555936,0.54417689297438887,0.88425337290623052,0.791994514352931,0.33844404970357789,0.33691528959557071,0.75140815689938212,0.62974462325602465,0.12929976754662953,0.72097731413510102,0.062699495463795052,0.42854956342413308,0.59973632108040853,0.70487760140838884,0.23043186388087744,0.21685506133119103,0.53426127053518435,0.039035343513677323,0.79342765831549678,0.70238763091390688,0.082324006726484877,0.23388231074604982,0.95437209323079364,0.89425067744408449,0.20986725719635635,0.4927712378665382,0.30277807220807107,0.45913481391067956,0.22303575748733784,0.73320875538212316,0.32659458656084261,0.21517287859719958,0.2891274939825188,0.98727775520264527,0.57521029325332651,0.88614879044512052,0.40355554053820775,0.35855828290045122,0.1574194941733339,0.0033541321378469657,0.83820606389731522,0.14947887605311871,0.04089880113095623,0.78555283748448235,0.076915679447746688,0.36085267598264459,0.87361662828470044,0.32984712784810488
sample,D318,train,0,0,0,3,2,1,2,5,4,5,4,2,3,5,3,4,2,1,4,1,4,5,5,4,4,4,2,1,4,4,4,3,4,4,2,3,3,3,4,4,2,5,2,3,5,1,5,1,1,2,5,4,5,4,1,1,1,1,4,2,3,4,1,2,4,4,1,3,3,1,4,5,1,1,1,3,4,2,1,3,2,2,2,5,3,1,4,1,4,1,2,4,5,4,2,2,4,2,1,4,5,2,5,0.098036472296587629,0.41125834749479817,0.78731553617834393,0.23381548588339773,0.51204741834441625,0.54547746557140353,0.24578875494160224,0.45751171567198501,0.62689203048133935,0.71277905241460815,0.28324308875946191,0.7363423500636278,0.10991957887690207,0.21679811981626662,0.55997489031672476,0.69624196505168556,0.71449856134642376,0.44243841433555409,0.22686915038597699,0.73077668821741104,0.6901945693947058,0.19138590779773823,0.064898335233713689,0.47639159999281355,0.89864357757665858,0.11508487191241112,0.20893445132783472,0.9318759556171935,0.97951999264434064,0.65920811119264167,0.50813381668657343,0.26071083330694445,0.067268250057396228,0.5579819138210822,0.2579780359203262,0.24941727953057846,0.27453366548803881,0.13416815423618522,0.36047720961517327,0.48976015455079946,0.40321229869011643,0.558916053416324,0.64306388823714367,0.019969014094815773,0.75486259091182684,0.88283198881295977,0.18623784517149511,0.27183049916696567,0.83176388971293314,0.43251955851738111,0.45069102449952092,0.98677746876107353,0.34379558223283568,0.37846326252739482
sample,D319,train,1,0,0,2,4,4,2,2,3,5,1,2,4,4,4,5,5,1,4,3,5,4,5,4,2,5,1,1,2,4,1,5,3,5,1,4,5,2,2,3,4,5,2,4,5,3,5,3,1,2,3,2,2,1,2,4,3,5,1,4,3,5,3,4,4,5,2,4,1,2,2,5,3,2,1,4,3,2,2,5,4,4,4,5,1,1,3,5,2,5,3,5,4,2,1,4,2,2,4,1,5,1,1,0.30434658313530116,0.52833414049038152,0.41824124092935833,0.79027917035879636,0.35725435555455598,0.83949402504224069,0.36073107187615361,0.83352313722811766,0.13322419400988983,0.41356996350667186,0.53819164798693919,0.78063303890160995,0.80338340875641057,0.66149021573068634,0.68624902587993852,0.98890630314193506,0.98514785233899815,0.38076485998243215,0.94517369277767671,0.69237291374639887,0.46940169363648587,0.25054898026535222,0.61641654622297637,0.80620311343704176,0.52893799762251248,0.11276741314268812,0.23064417348460764,0.79818435913031205,0.76369197340294737,0.54303553054536935,0.83014690104955691,0.3411106970997746,0.02203899486699179,0.64611607798870652,0.10531177176867668,0.69834380311761901,0.30202811031397769,0.77998557931825585,0.29019630136807095,0.86020554201777655,0.75473503404958042,0.28039975927322158,0.28944741310402333,0.56171412276581401,0.78850261051768233,0.73930954828229423,0.9901450833202381,0.26242568190397442,0.96704044034164038,0.13093933058970486,0.57428649845302659,0.35322584300013438,0.0021553454670876215,0.85332498562193293
sample,D320,train,0,1,0,1,5,3,2,2,2,5,4,5,2,5,5,1,2,1,5,3,4,2,4,1,1,5,4,5,4,1,4,1,3,3,5,2,2,5,2,4,5,4,4,1,1,4,2,5,4,1,3,3,1,5,2,2,1,3,4,1,1,1,2,2,1,2,4,2,4,1,2,5,1,3,2,5,2,1,3,1,4,4,5,5,5,3,2,4,2,2,2,4,1,1,1,4,2,2,1,1,5,3,2,0.57267016349088329,0.94821880392817648,0.033439932699140584,0.55752469615521294,0.019165555544458979,0.22764336772520399,0.41625164373420309,0.26920872729891798,0.73175703991749175,0.87157250775958173,0.60769122615567372,0.49422888436371293,0.88240539934583528,0.047007862295675773,0.25268689489945473,0.63098703897381536,0.61509882913842828,0.42497173831529056,0.051153823951312072,0.80535320037500924,0.3163091442313557,0.085325691000273651,0.75046018963582728,0.59530028650725531,0.46474871231921289,0.59196823927342268,0.0016808754457391384,0.86006232036871921,0.81096514651134366,0.74169349779712668,0.1541925128362468,0.58061049378933238,0.77195169478994274,0.63804169201060523,0.83531029467551865,0.71195716102186257,0.83849283335998859,0.11109829674197713,0.66438764684307405,0.14233293665279434,0.68241100321831605,0.68971705976781894,0.66654522951853168,0.2356019641953252,0.11872275620249639,0.19843010116861926,0.39079462642321783,0.98065609375612972,0.81278970953762031,0.3415006671557399,0.68728872880920799,0.51050318052213584,0.25574495444168188,0.99318627234822665
sample,D321,train,0,1,1,4,3,3,4,1,4,5,4,4,2,2,3,3,3,2,5,3,3,4,4,1,5,3,1,4,3,5,2,3,3,2,5,1,4,2,4,4,3,3,4,4,1,3,3,2,2,1,3,3,2,3,5,5,1,2,5,4,4,2,4,2,4,4,4,5,5,1,1,4,5,1,2,2,4,1,3,4,3,2,4,5,4,3,5,2,1,4,2,2,2,3,1,2,5,4,4,5,3,5,2,0.41895702444864769,0.88004039391993916,0.56046123060156705,0.10413056363980733,0.41890523830922055,0.27861047888941259,0.72427689794309746,0.20297801485092681,0.82222705087306713,0.13553377877666206,0.068460141974104105,0.64511401426433779,0.16861349619724819,0.5952312135397998,0.53966275226268001,0.77083386041105917,0.26063080825441975,0.55495277575082103,0.79344319798635587,0.13742641884260676,0.45832315271064139,0.93278338318971943,0.15421568970998456,0.64422560956147779,0.71261275027591187,0.98848067905617698,0.36737719879599129,0.67395592335510934,0.50938839516886303,0.82551802854698819,0.55924836662339994,0.46434466959198317,0.58824965559625919,0.36982696120579428,0.17951316293051922,0.32032661089058911,0.57571797502976207,0.66525912035953472,0.52661438634334135,0.3046977549051344,0.24898671949898943,0.36068960905248215,0.4094855320368469,0.10317572438544276,0.71434006301710173,0.78070495030216402,0.48548061512269458,0.83196939593585706,0.98426709403661428,0.68057438729662945,0.88322547109517346,0.80291366013469878,0.19787913590147299,0.13056878682778261
sample,D322,train,0,0,0,2,1,2,3,5,5,3,1,3,5,1,4,1,2,2,1,3,1,4,2,2,1,3,4,1,3,2,5,1,2,5,5,5,4,4,4,5,2,2,4,5,5,4,5,4,4,2,1,3,5,4,5,3,2,2,1,2,1,3,2,2,1,4,4,2,4,1,3,4,4,5,1,5,4,1,4,4,2,3,1,5,4,1,3,3,4,5,2,2,5,5,1,1,2,2,5,4,1,5,2,0.7814118709781388,0.72773735069197709,0.10935351215510836,0.95338319373032099,0.6198853821709297,0.26500603358459207,0.077142302101963933,0.63209638671762858,0.84990700787998752,0.046384033968463467,0.25087567364724905,0.94579346827709643,0.55144995326832891,0.15680885982963633,0.99844535598734141,0.5051578436192643,0.14336634593137609,0.36811435870966014,0.63611218036009132,0.33685756627334751,0.96080493275999912,0.12522933119053203,0.74228880653941143,0.055743980735919019,0.16863860584351875,0.80577358461027959,0.08372630675205528,0.12872819263491053,0.088645071234251138,0.27086462157155844,0.68345604422437212,0.92536518040569715,0.6700300487386297,0.79201290989385165,0.01229437324821292,0.76546048979286141,0.91911307623076088,0.45101762939097667,0.85558586155538341,0.82123989006099807,0.32010162887749871,0.16278613245431262,0.74967572826672457,0.69605070294205396,0.61361891183133399,0.39468476387011764,0.55843663210421779,0.47202502209002095,0.60893591752582055,0.95027110900312306,0.42951697077853923,0.8068592246937959,0.49761422838310854,0.023802858952736816
sample,D323,train,0,0,0,1,5,2,1,5,4,5,4,2,5,4,2,3,4,2,3,1,4,5,5,5,1,4,2,2,2,1,1,4,3,5,2,4,4,1,3,5,2,4,1,5,5,2,4,5,2,3,4,3,1,4,2,5,2,5,4,3,1,4,4,3,1,1,1,3,3,3,5,4,2,2,3,1,3,4,1,1,5,2,4,5,3,2,3,4,2,5,1,5,2,3,4,4,1,3,3,3,2,1,4,0.18822557163949893,0.94432518910037688,0.79071948456876906,0.3877214272600904,0.95599554907363127,0.90978268579620714,0.33991701109233885,0.0011084196018058545,0.60036932236639506,0.37132341076019015,0.70824120281566316,0.74032118985754092,0.87104082107322744,0.98343176432659918,0.40607574600487972,0.02530096842358065,0.31942121913133614,0.49887998610290385,0.76815196992767776,0.53944254522581414,0.66207248161702204,0.17147791850030702,0.81956289107471147,0.26049389720704852,0.027230991148517014,0.11249185054278188,0.028538894195013098,0.17077077285676379,0.62654266617401166,0.89351676420912551,0.62743574775930944,0.22302376330936247,0.88821495665315031,0.32253905123713955,0.64773959849126117,0.32095781978989568,0.81851748210045083,0.093757280459968784,0.15377274156234089,0.88136881393419453,0.078624390447984527,0.37495998608988812,0.72965460686763106,0.86997223064370266,0.985768301950674,0.18858620842052387,0.85976402440181565,0.63798641830405833,0.059792576658133423,0.61603507030844162,0.24310076999763053,0.27846024237750222,0.94813512699843305,0.16378021645248464
sample,D324,train,0,0,0,3,5,1,3,4,3,4,1,3,3,4,4,4,5,3,3,2,1,1,1,3,2,4,2,2,3,1,2,1,1,4,5,2,4,5,1,1,5,2,5,3,3,3,4,3,1,3,5,4,5,2,3,2,5,1,3,1,4,1,4,1,4,1,2,2,5,2,4,2,1,2,5,5,2,5,5,1,3,2,2,4,2,2,5,3,1,1,1,2,4,2,1,3,1,2,1,4,4,3,1,0.77695339662563234,0.71743850444201085,0.27209112726012585,0.38476770029410368,0.29033202444474915,0.12638122827840248,0.4643716323970235,0.47499032434606514,0.66726332445236225,0.017166344125613131,0.9176496149572293,0.48905708232386946,0.08145018371087831,0.19097591360622979,0.6689688479068574,0.10383493197272686,0.2750229663932191,0.88786425028146487,0.40658018529281059,0.40117493567772922,0.7231550427091934,0.18075676376527383,0.95874555383474225,0.060846156450983901,0.92958279634591134,0.54289937093049201,0.92822965053931172,0.090891549907484714,0.75123580490461694,0.48641361116982795,0.093412716855237887,0.44404645322089986,0.66292211048721528,0.13646513796962823,0.16425396947481885,0.50571558311974685,0.0018229135674695529,0.65287515024819309,0.58327883602525121,0.28994824468586344,0.96711735066696991,0.023335409979207578,0.13552181260302554,0.58638760694057246,0.27021017315825446,0.46652187688450741,0.23446255531026738,0.94930056990303757,0.29951761249860698,0.70714637154797655,0.2871221447338943,0.28771132086085449,0.16521168950299092,0.26981768587359856
sample,D325,train,0,0,0,4,3,2,1,1,5,1,5,1,4,4,2,5,3,2,3,1,3,3,4,5,5,2,3,5,3,5,1,3,5,1,4,4,2,3,4,1,4,1,3,2,1,4,3,3,3,4,5,4,4,4,3,5,1,5,5,3,5,2,2,5,4,3,3,3,2,5,1,4,3,1,1,4,5,1,3,5,4,5,1,2,5,2,3,5,3,1,3,5,1,3,3,3,1,4,4,2,2,4,3,0.69692699367891242,0.47995106288343992,0.15759276497832342,0.75578420186520956,0.38145992301067466,0.72467985640610988,0.92047255090795155,0.64877124105764139,0.16940761487030431,0.42100586075484936,0.41507343911836725,0.058410626363952334,0.15817643114648117,0.90272159786448281,0.22030337321745597,0.039717683247493585,0.16649867760813053,0.53450342358519332,0.7203372342757417,0.46891194560919747,0.62049352067389851,0.12734236093620599,0.3145309277946533,0.96048061221111181,0.39000524187678642,0.56604907948127348,0.1028741520263492,0.41931009322242907,0.065224179573264318,0.54923879005609311,0.63358601924434188,0.96612908644792561,0.12455064687444206,0.89813147022333184,0.28577624052164363,0.82768960284218207,0.96689768493811024,0.2270950268792632,0.66126866785990446,0.13632292602844931,0.70554983223428747,0.28634482516016391,0.11157791075253298,0.62656698566031666,0.2709151715645095,0.4584601853051582,0.77971115948988101,0.18559589761644446,0.41789978385596005,0.92708608530497472,0.5104390472827004,0.098660605514125255,0.33962672820454498,0.80815962535499941
sample,D326,train,0,0,0,3,4,4,4,2,2,4,4,4,5,1,2,4,3,1,3,1,3,3,4,1,2,1,3,3,1,4,1,3,2,3,4,3,1,2,5,2,4,5,4,4,5,3,5,3,5,4,4,4,1,2,5,3,2,3,1,4,2,1,4,4,1,3,3,2,5,3,1,1,1,4,2,1,5,4,5,5,3,1,2,4,4,1,2,5,4,2,3,4,2,5,2,5,5,1,2,3,3,5,4,0.59196415116081369,0.99237890570735199,0.46935118747100224,0.5442871261308585,0.44094079621759974,0.10484594538944148,0.20353050868546951,0.69951302871074483,0.83307454539042802,0.42529530816480321,0.38490296066547203,0.15230450936860951,0.13135686822059489,0.58487944138040959,0.56464476201453662,0.77523486172146749,0.32711108493077667,0.88905983610497463,0.69174730602132806,0.21602489177606299,0.85666998709246034,0.20480985853334766,0.36480868164566116,0.62932727263226218,0.51595094996838009,0.12404060938051364,0.1829080123453245,0.52164670725280149,0.98703799994951602,0.25984504653741913,0.53430363650360491,0.59002651034384412,0.2157066702987418,0.23919466268811596,0.49201961123278348,0.89823839430479724,0.022986238896231304,0.60495610342096284,0.73110778951414668,0.69865205592234225,0.024603285900261729,0.63922775830144885,0.15513693103157322,0.87526456609374315,0.18973737847775574,0.037175366482504413,0.48134198188691435,0.84224645895770245,0.74714301288284346,0.51652071905263841,0.0032956411406885877,0.44957189124750196,0.44103237928418704,0.83986935977242849
sample,D327,train,0,0,1,4,3,1,2,1,2,2,4,1,3,5,5,5,2,1,2,2,2,2,4,3,4,3,4,3,2,3,2,5,1,1,3,2,4,3,3,5,5,3,3,5,5,3,3,4,1,1,2,5,3,4,3,3,2,1,3,4,2,1,2,5,3,4,4,5,1,1,4,4,5,3,1,2,3,5,5,5,2,3,1,5,2,4,4,1,2,4,2,1,1,1,4,5,4,3,3,2,5,2,5,0.65417342976559822,0.98199272280277461,0.82540492485228756,0.30710620074586648,0.81017502064206459,0.24763558602524993,0.64168845482426007,0.086212999796531076,0.86337812092928445,0.95380467484018838,0.3028145856404626,0.023200752587361095,0.1327923836617233,0.60337574201129029,0.78950410192333276,0.40541134525476219,0.39126780551776186,0.13408722237572779,0.55258246842858993,0.49655044271651072,0.35605713411858286,0.67172512334386814,0.60447377146912296,0.31333815845756441,0.36926343101117709,0.903006733039177,0.51700806424225998,0.61205312941251944,0.77559991397276962,0.994019548631634,0.64807451498405222,0.4873371942405228,0.50517562177845443,0.32725062511015757,0.29895867929889752,0.54171149036649424,0.79268485834156421,0.99037214296368015,0.9622649283992093,0.10441797280568554,0.58720776947313669,0.76532808817336928,0.32392891983642158,0.29607805255770392,0.75570566442859533,0.89918617205384688,0.013556523927517827,0.50689888993952747,0.093842274958043537,0.39785561537315139,0.73625909017762037,0.54070112060676467,0.42366206916181548,0.5030710305859496
sample,D328,train,0,0,0,4,1,2,3,1,2,2,5,4,3,3,4,3,2,5,5,2,4,5,3,5,5,4,5,3,1,2,2,5,3,3,2,2,4,2,1,2,1,1,3,4,2,3,4,2,3,4,2,3,4,1,4,1,5,4,1,3,5,1,4,5,1,2,4,1,4,4,2,2,5,2,4,5,2,1,2,2,5,3,2,3,4,4,1,1,4,1,3,4,1,3,3,5,2,3,4,3,1,4,2,0.49810340665852881,0.56750659384956936,0.070750052320016188,0.46427858941812772,0.69719087983489092,0.6628117852845421,0.50262943062227494,0.25506659674123111,0.52160055444667963,0.68919920858254446,0.49060345568340413,0.38462030584282891,0.28718407365855103,0.49959467403521673,0.29030825628874046,0.014927966906089885,0.10172726820297739,0.58455806623442541,0.97138921806233092,0.093305815325974151,0.43899826294431121,0.46574942822131005,0.59970136760196624,0.43181170495801313,0.29704096437860406,0.30912184299705769,0.27065257948376276,0.10223896534662102,0.43015698660207924,0.96799395220554962,0.74167825728660752,0.56789853926798517,0.8395084912813775,0.34633709188160344,0.34470018662067492,0.22065113414587245,0.9890618400190635,0.8074103671349715,0.50023320783829683,0.66913071491662235,0.080970963288687137,0.39806984567553982,0.83680356099642295,0.32502493340508132,0.56486830119607068,0.27925589924286187,0.81042207868001781,0.91949191314014478,0.14053110413200953,0.28755636006828178,0.37028861616979114,0.0017200133502573989,0.22272202781529693,0.70886877733634823
sample,D329,train,0,0,0,4,4,5,1,5,1,5,3,5,4,1,4,2,1,5,2,2,3,2,3,4,5,2,1,4,3,4,3,3,3,1,4,2,1,5,5,5,2,3,2,3,4,2,4,2,5,2,1,2,1,5,5,4,4,2,2,4,3,2,1,3,4,2,3,5,2,5,4,1,3,4,2,3,3,1,4,1,3,2,2,5,1,2,1,3,5,5,3,5,4,2,3,4,4,4,3,3,5,1,5,0.84277807607302246,0.058988831697226574,0.24526011709940954,0.74011140243581597,0.89091095527922037,0.78650950380664397,0.23948153875647138,0.1036286703770406,0.98566000571377865,0.8626111329827324,0.76439855205298668,0.44447836821169617,0.12407114337082592,0.15761175941593508,0.99150514566024595,0.49999471606274459,0.018627238655620326,0.86661965830753429,0.89044726239916472,0.81965780430959223,0.46712000351547667,0.74475266818932773,0.61138678062779528,0.83747842277320617,0.87276691894201808,0.37167173416392041,0.85547601321021827,0.49215535961011192,0.52105444955701086,0.093919166583157354,0.56557438856410214,0.14169564767123199,0.20429718190956936,0.078753865939862444,0.89118280752394874,0.73673714190842599,0.44718100587043641,0.97483037415307305,0.88117159827835434,0.3860354159594741,0.50084424934750604,0.093748368134001336,0.63249778896347564,0.72287387129050962,0.41705132520824928,0.58710958913492128,0.10896223690901163,0.76884110772307268,0.37652812126703206,0.66155039578441632,0.92285276590215182,0.94806969902145455,0.45955839349003247,0.35119442966550418
sample,D330,train,0,1,1,4,2,2,2,3,5,3,4,2,3,2,4,5,3,3,2,4,5,2,4,5,5,5,4,5,3,4,5,1,3,2,3,3,4,2,2,5,1,2,3,5,2,3,3,3,4,2,4,2,1,2,4,3,1,4,4,1,2,4,2,3,5,4,2,5,4,5,2,3,1,5,4,2,1,5,4,5,3,5,5,3,5,5,4,1,5,1,1,4,3,4,5,4,2,5,2,1,1,4,1,0.64365240550354252,0.22540425164066391,0.88731520010007248,0.84891666262774945,0.98187516622542748,0.54778773926555158,0.68342454631407057,0.47149056417263335,0.640107847149329,0.79509453621833059,0.55707874557833892,0.080145959671441447,0.87384370597575023,0.075999236733941489,0.10550938914845298,0.76638752626659068,0.92323410861331301,0.69990279632382069,0.81587441938389249,0.64606339588606432,0.54528940224855826,0.67885564956024236,0.46576711204548638,0.90531869526113151,0.81899280617499581,0.89403599509854748,0.44680685028577416,0.77726012299842517,0.68289985619464577,0.24966952303484291,0.33556072839225493,0.2638081919311378,0.91207417770977284,0.40378361558017484,0.97418278156212135,0.96565245478258055,0.63228203004997441,0.80383788860043615,0.9733016617112783,0.81874005237957381,0.82916617083319355,0.11541368943741992,0.42827608700663911,0.67129792157108181,0.33131610394802724,0.25341167884804305,0.34521472783782692,0.47567804658284585,0.16067578052534504,0.92470578015124394,0.91313550223810414,0.33058543506958749,0.72244119921139627,0.88849499105288476
sample,D331,train,0,0,0,5,3,5,1,4,3,3,4,1,5,3,2,2,1,5,1,1,5,5,3,1,5,1,2,3,3,3,5,4,1,3,5,5,3,2,2,5,2,3,4,3,4,4,5,3,2,1,1,5,2,1,1,5,1,2,2,5,1,4,4,3,4,3,4,2,3,3,5,5,1,1,2,1,5,5,5,2,3,1,3,4,2,5,4,2,2,3,1,1,4,3,1,4,4,4,5,3,2,1,1,0.26500558304871624,0.46918838234166327,0.72807440876135854,0.59903812045517535,0.011165878162450182,0.030618332122459568,0.48109912999890525,0.32203244551135701,0.49203189551358417,0.065182345949142517,0.1965550847992571,0.048427528507342998,0.18613494359071281,0.62766149944496097,0.070020133541547569,0.80979471124804303,0.51993797900094041,0.23386064512351834,0.0062640416588582992,0.89005450925285656,0.48017701202757179,0.93062038847281559,0.38329669236700703,0.39181596391356666,0.15971328540211704,0.17174568768017096,0.18730997258997106,0.7381672453007786,0.5037728896876621,0.40758642507761245,0.87574016813924171,0.93662352869677012,0.71488741764539854,0.2661768007279538,0.78498366692554533,0.3523065047327274,0.76334830319378222,0.66685753418139804,0.16952800670505941,0.02638091436349399,0.29647097642131148,0.26504907653434973,0.18135087142704454,0.706000042781182,0.17742896385529783,0.58682067182645181,0.89761942585608023,0.031917650713568668,0.95548561603148285,0.14099357528446088,0.88526070141098256,0.96141754853643346,0.95042644894877715,0.75634452074841629
sample,D332,train,0,0,0,3,4,1,2,4,4,2,5,1,1,5,4,2,2,2,2,2,5,1,3,1,4,3,1,4,1,3,3,5,4,2,2,2,3,5,2,3,2,2,4,1,1,5,5,3,5,4,4,2,2,2,4,2,3,5,3,2,1,3,4,2,4,2,4,5,2,5,3,2,2,4,1,3,1,5,3,1,4,4,2,2,1,4,1,5,1,1,4,1,3,4,4,2,3,3,3,3,4,1,5,0.42197224384522825,0.46617169276441306,0.18310756810387618,0.92162884468188477,0.055354434865793833,0.1591242732023177,0.78426543364151835,0.50749252602120987,0.24411226204146108,0.53650326595020092,0.73832247650486083,0.086771445242778023,0.11223621604274647,0.65060189704758487,0.67706944937172653,0.72827227358639235,0.55266261171118614,0.5750038358876588,0.1247222370499067,0.048336840507110845,0.61866449782139332,0.15878512818750745,0.0015854696545705149,0.27568952862768026,0.94030192400205304,0.94822379788961875,0.11302238044026258,0.93980525897858369,0.5333710890082356,0.71248737186285283,0.35644788948262385,0.93963786379647718,0.016099432706955685,0.58402372494059263,0.20301297571078536,0.092936190238009586,0.034166126944849107,0.64219288957395693,0.63885326381691343,0.26098161664718245,0.36723510980825724,0.305711124574227,0.4639088927770314,0.41788827469731737,0.66322553974492193,0.53545519563762622,0.5345869111677789,0.3514104079304825,0.27808812196368182,0.6090261103840926,0.37254304220345535,0.86117637689772808,0.16965190244567763,0.85339712545141266
sample,D333,train,1,0,0,3,3,3,2,2,5,5,1,5,4,5,5,5,4,5,1,5,4,1,3,1,3,2,2,5,4,5,1,4,4,1,1,1,3,4,2,1,2,5,4,5,5,5,5,3,3,4,4,1,3,1,3,2,5,2,2,2,3,1,4,3,1,3,3,4,4,2,3,2,2,1,1,2,1,1,5,5,2,3,1,3,4,2,1,2,2,3,4,4,2,4,5,2,4,4,2,5,2,3,5,0.852907669811935,0.55244784750433895,0.21730095523017479,0.62696646469688921,0.77969418089250542,0.89101553227095387,0.98200896299411,0.11205856772426059,0.11588390427268314,0.25839823939987072,0.44312111441108815,0.73077487142507125,0.34387178469547908,0.54851102803520324,0.14858203922629043,0.96354011230464398,0.56264052888867078,0.086997115972184957,0.63697430145855349,0.48350875548882311,0.090013731910646877,0.91456759762248974,0.14078507415802943,0.89661785822789475,0.40938387560286249,0.61287706081007387,0.22891382420863382,0.5008463693143218,0.22817237927202849,0.65477306519824463,0.98576266308626093,0.4006890069925072,0.15007546834366214,0.55297703686690725,0.12602801596682756,0.97917214662974883,0.70678416093534191,0.62080421440241507,0.55991565053977832,0.1398734242635119,0.18537421722055469,0.99981343005405399,0.26949813859980309,0.43702482137639709,0.6470949705612894,0.87721921781662704,0.27105869249561076,0.9745035425020373,0.42646210173869525,0.55987847657080736,0.59146236460591795,0.12849482534874401,0.33975495668307687,0.46662851134617966
sample,D334,train,0,0,1,4,1,3,2,5,4,4,4,2,2,5,4,4,1,1,2,3,2,2,3,2,4,3,5,5,1,3,2,4,5,1,1,4,1,3,2,2,4,2,3,4,1,5,5,5,3,5,2,5,4,3,4,2,5,5,2,1,4,1,4,4,2,1,5,4,2,5,5,5,4,3,2,3,2,3,4,4,4,3,5,1,5,3,1,4,4,1,1,4,2,3,3,5,2,1,1,2,5,3,5,0.30867599070612117,0.78295534498698949,0.59122137246538531,0.17390793535156035,0.95490807813103229,0.64824637817469033,0.57750187398907482,0.41255070181625786,0.15888250134377069,0.27361604453860044,0.4021828315821504,0.34433966609450795,0.048972359655016562,0.39551263590439789,0.40041082070067902,0.54287994265581618,0.42794669338896296,0.71287182874795108,0.58777544536289905,0.14889874698761552,0.2459593912526622,0.78085856239964635,0.8463777904913341,0.97605084226904215,0.6136653148494976,0.92967466331282078,0.18619931957972335,0.24185732948747862,0.99548240331096549,0.13830133740660266,0.57407592885545056,0.042271715574326629,0.35718498929427567,0.043721877707152412,0.024802678207749285,0.38296249488691803,0.48883238672750851,0.18200324497783982,0.47140068439630445,0.27860244931115363,0.05058130212624834,0.82682883309464661,0.11153410163257282,0.33532634596959998,0.090245259428132329,0.67687455006769948,0.27980671301703741,0.88452976431144015,0.56616871637993116,0.65105267070052086,0.22796192730784604,0.29674388810210672,0.87356703626958632,0.0062743827629933024
sample,D335,train,1,0,0,1,3,4,2,4,5,1,4,2,2,3,5,3,2,4,1,4,1,5,2,2,3,5,3,3,4,4,4,1,3,1,4,3,3,4,1,3,1,4,2,3,1,2,4,3,2,3,5,4,2,2,4,1,5,4,3,5,4,5,2,1,3,4,1,3,4,5,3,4,4,2,1,3,3,3,5,1,3,5,5,4,1,5,1,3,1,3,3,4,5,4,5,2,2,1,3,2,1,4,2,0.50200963395589104,0.43569844393645707,0.48368298015154376,0.11978050258508466,0.81848309524894836,0.78656020403306881,0.63505206652942658,0.29626560107223543,0.98037266325108485,0.55910728344204963,0.8245074213116772,0.19137902635136539,0.97895075599961601,0.90008915194302064,0.35955298497050447,0.86670352171170117,0.97862053998934762,0.25950922716808356,0.26851712288958718,0.89189089759625462,0.035367850376853194,0.75565410779361364,0.3819678559223717,0.47952931148318156,0.70851746842430985,0.93184762654809861,0.783743851709918,0.83453843907884462,0.47424128315687553,0.24192846602468387,0.8150837902473973,0.025876116565631269,0.72613856551701106,0.72329779351866852,0.61581846695045273,0.62486293650769298,0.47578269833632592,0.56120832765067563,0.20663441052015086,0.34249343530211573,0.66423199663666022,0.81164796959180974,0.44240269222840256,0.98261892823504282,0.22165372865183663,0.25247895285506061,0.97472706167526846,0.94565121292709831,0.31274888699041836,0.82976851034080912,0.093222699246123475,0.84416010993082757,0.79360007089936779,0.082165239885312769
sample,D336,train,0,1,1,3,5,5,2,4,2,2,4,1,2,3,5,5,4,4,4,5,4,4,4,3,1,5,1,4,4,5,5,2,5,4,1,2,5,2,2,4,5,3,3,3,1,4,2,3,4,2,2,1,1,2,5,1,5,1,1,2,5,2,3,5,3,1,1,1,4,4,2,1,3,3,2,5,3,3,1,2,3,4,2,4,2,3,2,1,5,3,3,5,4,5,3,2,5,3,4,2,5,3,4,0.50384441177494643,0.27835793460222247,0.89929709903994759,0.60481391371479132,0.36451155042342587,0.94038912016474974,0.23914939787549272,0.19083837806810011,0.64506030962431193,0.7330033732927641,0.27858918727054538,0.04944742568903604,0.84650611309200174,0.83576569280842739,0.21481214778820945,0.70629635953363368,0.41304456294991554,0.026868126735093201,0.24156053474169581,0.35728450397699918,0.05812183857247788,0.852537118743245,0.30696352860313636,0.94678048144170124,0.39335011395667396,0.12336975394181526,0.063995345291216976,0.84929675230296275,0.50976315499201597,0.20823941905763266,0.052842451620324749,0.053079424411031195,0.25195279165901519,0.81975176264019756,0.46838955710254904,0.87249199323997773,0.62951253527343254,0.056969722765716546,0.49259879340254553,0.5044342588164763,0.52168160126471608,0.12096322115484848,0.78196933696309912,0.15154927708836929,0.32879777908161711,0.78267582552851112,0.370044689357103,0.00048075860661866976,0.63462649428677398,0.43817711003800774,0.20194635360491997,0.56125514502181306,0.074727533527909284,0.15259021692080899
sample,D337,train,0,0,0,4,1,5,4,3,4,4,3,4,2,2,2,3,4,3,3,3,2,3,3,1,4,2,1,4,1,2,2,1,2,2,5,2,2,4,4,3,4,3,5,3,5,3,3,1,3,2,1,3,1,2,4,2,2,2,4,2,2,1,4,1,2,3,5,3,2,3,2,5,2,3,5,1,3,1,2,2,4,5,3,5,5,3,1,4,4,4,4,1,4,5,1,5,1,2,3,3,2,2,2,0.87660424929484859,0.0038668130926242661,0.11879118051471182,0.31396772184671629,0.94047645717969786,0.14379053994074864,0.83323593600874302,0.26381403982627472,0.85710391996049018,0.58282971706652043,0.33272971526207629,0.1671394280207652,0.48232260079192013,0.20485499122122486,0.9638409130638943,0.23027537364574602,0.98899398575126463,0.30441456858720306,0.040293245600507288,0.025642359351719657,0.15680768258703803,0.097296747383480597,0.76500803878077694,0.88646699406961338,0.25552293292350159,0.26916817109727764,0.21845021631800343,0.016341395647851198,0.72595861902427983,0.97774677848332103,0.73827355055304422,0.44564313628429764,0.47042434576387071,0.80035065476812806,0.62549819427824893,0.59242058263673869,0.68628813361066343,0.30786688224509051,0.02992257756344896,0.8577940934859184,0.83415911154877198,0.98490271019179232,0.59785578024274844,0.19927483483402408,0.32407324791319347,0.29128230903368524,0.5604796838755548,0.35025256967201679,0.59715366835916028,0.096023333779700515,0.22624480818275861,0.1290691828346433,0.34377820464028508,0.87828335461102147
sample,D338,train,0,0,1,3,2,1,4,4,3,1,1,5,5,2,4,3,1,4,4,4,4,2,1,4,5,5,5,1,5,5,5,2,2,1,1,2,5,4,5,2,4,5,3,3,3,5,3,5,2,1,1,5,2,5,1,4,4,5,4,1,1,2,1,2,4,1,2,3,4,1,1,3,3,5,1,1,1,5,5,3,1,2,1,5,5,1,1,3,5,5,1,5,3,1,3,3,5,4,1,5,5,3,4,0.82793734775897332,0.36103792762069853,0.39106626318519955,0.29789558547857098,0.046309010213939295,0.81722133565903843,0.60058307023263047,0.60177207414253875,0.99906968738971702,0.2633139980658703,0.55075669091705437,0.09113246727415536,0.90875784430237183,0.43639808531446111,0.97105403269462853,0.19574953456214528,0.20718456196346113,0.95216607369956541,0.97957280697254534,0.44436533097432818,0.64714080728842494,0.28700979342706279,0.41664334216114951,0.64559501263563646,0.11814805310361554,0.68049308140057152,0.066833784152565578,0.39913030196599353,0.57468669503038472,0.17165332114197818,0.53450390959461269,0.67311687093870565,0.89426759116915444,0.23107830314798494,0.12212494602125368,0.7296147920014624,0.96349646636349184,0.52664937287834257,0.29675262806029323,0.18299636667754049,0.091845249339152613,0.86511249987625094,0.70719987947946616,0.10771946780488373,0.067819077978732434,0.082583014804323729,0.52438882349281868,0.081837651233588993,0.98357461585958217,0.90410884024000493,0.056533100257545543,0.83221743293676975,0.58647039183768046,0.35954279490722973
sample,D339,train,1,0,1,2,5,1,5,4,4,1,4,5,5,1,2,2,3,1,3,2,2,4,2,5,1,1,3,2,3,4,4,2,1,2,2,3,4,4,2,5,5,2,2,1,2,5,1,4,5,5,2,4,5,5,3,1,3,2,2,4,1,4,2,1,3,3,2,3,3,3,2,1,2,4,4,4,3,3,1,1,3,2,3,4,2,3,4,5,5,1,3,5,3,3,3,1,4,3,3,2,3,2,5,0.39130665718924218,0.10463563407838128,0.73983788764023684,0.352918065416436,0.84946080661969747,0.58507833452099234,0.9932774089112556,0.7627832635890498,0.51615891038337769,0.40321020913541983,0.61392153735254773,0.2183732529258634,0.73234721524568847,0.80033456736805464,0.042696134757830517,0.10773023320090236,0.57964663122222415,0.78781588758819809,0.69881171316933044,0.26924390699518463,0.87393472441279274,0.73848233529960128,0.21628009511647617,0.2253864990032034,0.012674464585456513,0.68434281289048626,0.061243877570416494,0.62389957089852921,0.16588458183544141,0.36650372708383205,0.26644193599344612,0.37159308600949836,0.20413250917496573,0.40989902915828358,0.74393094403777094,0.33904777261073904,0.52580773749071519,0.28726156560295413,0.44669277327193946,0.49345253647154175,0.87715901846279221,0.95124400164580147,0.60430744295950922,0.52679078218651665,0.92354757339369753,0.65232420224128496,0.51273626871236522,0.30842357739119852,0.97371930134077689,0.1730334628102751,0.48848574975553749,0.78393289451040538,0.22166245533168083,0.22006121569944459
sample,D340,train,0,0,1,4,2,5,1,2,2,3,1,5,3,5,3,3,3,4,2,2,5,5,3,2,4,2,3,4,4,2,3,1,3,3,4,2,5,3,4,4,4,2,4,3,2,2,1,5,3,4,4,1,2,3,4,5,1,4,1,5,2,4,2,3,5,4,4,5,4,4,1,2,5,4,4,4,4,3,3,2,2,3,3,5,4,2,5,1,1,5,1,5,3,5,5,4,2,4,1,5,5,2,2,0.89919679495683691,0.27983263913279666,0.35335912445173256,0.39616993896145536,0.21545132669757949,0.64263262521277198,0.33658424376514151,0.96366147383783307,0.33463167222893386,0.18707149845594173,0.26307258831140956,0.69633421082227354,0.74455029343554602,0.66913788226125182,0.73940832996484074,0.10445120804380603,0.047650627127251211,0.60133352232306148,0.71975083997954803,0.58556991031088879,0.055350465013441208,0.21314590582580228,0.90346650991100674,0.382099812995637,0.38269610148959166,0.27193420235668553,0.86855665754948908,0.48049331691375041,0.51204205231788014,0.3124235019890087,0.30310515845113462,0.13593313504402926,0.2010738207829964,0.052257559059825764,0.014693058779342794,0.14082150801085491,0.1581709736109328,0.39937877284132428,0.91710007762361434,0.22225751254505255,0.21674222554876876,0.056234134100850541,0.35520663082344939,0.78411515641912377,0.57733784130027432,0.4827204921443311,0.72551463834032726,0.81122404601457454,0.60624228010409997,0.36051486680731604,0.27955222958791459,0.59006961609561714,0.080750243623131213,0.16518377277225871
sample,D341,train,0,0,0,4,2,3,1,4,4,3,4,5,2,4,5,5,1,2,3,1,5,5,1,1,3,3,4,1,3,5,1,2,5,4,4,5,4,3,4,2,3,1,5,5,3,3,2,2,5,4,3,4,1,1,4,5,1,3,2,3,5,5,2,4,3,1,5,2,3,2,3,4,5,2,3,2,2,1,3,3,2,4,5,2,1,4,5,4,2,5,1,5,4,5,4,5,2,1,2,3,5,4,5,0.70910590726853029,0.19790296659657891,0.39199825484372064,0.98910757846655739,0.63848013058334463,0.73598456487329045,0.75524167201574099,0.55738603039266699,0.82121947353320135,0.81176460075114276,0.8709713159023087,0.23249566095208718,0.21501804194000862,0.54100241548758488,0.024215148361932726,0.049562868332367338,0.60543251660040531,0.7703817231558473,0.65037372294984186,0.23041875490817887,0.93478969549409641,0.24488033547558419,0.055669595178571063,0.44970245527561059,0.9266515862204362,0.68203429251815995,0.57315579676837181,0.69142558823965294,0.39103541801091002,0.50774075813998354,0.34410834206704366,0.56888498963720313,0.43037149227489235,0.63346183536618661,0.8428641529327332,0.463235523910839,0.5771245717559792,0.039121056921942565,0.38498186692558456,0.73220484988060375,0.35515903385686909,0.17720798344560984,0.38455299867361492,0.25665383126175123,0.17149102101847946,0.3778819563339032,0.49093543930571837,0.6708581880750123,0.45728437074236716,0.8724247595552832,0.48150345800777283,0.83881451057825485,0.7297574230482432,0.48752390695980663
sample,D342,train,0,1,1,1,5,3,1,4,2,1,2,2,3,4,1,2,1,3,5,4,1,1,1,5,2,3,5,3,2,1,1,2,4,5,4,5,1,1,3,3,1,3,1,3,3,2,1,1,2,3,4,4,2,3,3,2,1,3,4,5,1,1,1,4,2,5,2,4,2,3,4,3,5,5,2,3,2,2,5,3,4,3,5,1,1,1,2,3,3,2,1,4,3,1,1,4,1,3,1,4,3,4,3,0.2528307694148354,0.068867540877529776,0.62947776303444214,0.21710622545274638,0.32934035164841557,0.53457409184162963,0.42123844233059393,0.4648525683691751,0.3895443833371246,0.0099031755773546504,0.065184565550865825,0.25595926141646075,0.10660470529659827,0.49929728098662784,0.15935937477187001,0.2436165656842767,0.72417537074492311,0.92532692887819012,0.36668796938720172,0.7243042987688606,0.36406218801470291,0.60779252561262898,0.35486535874628899,0.14998492710774236,0.9312343425457098,0.73595013418341126,0.32203944286723518,0.21090158080206534,0.70244160619056617,0.87693523591361711,0.68458788131364634,0.41026243010952301,0.46209779410511131,0.54931896448002515,0.71691266229633133,0.80043874540191129,0.069886667597789942,0.14358878626812299,0.10095629652512672,0.4463442080742499,0.3326503437838455,0.27196847399735269,0.0086983432373526348,0.72840255625814299,0.60470862883913756,0.51783102384011181,0.18056469529082397,0.64456720625829955,0.068380858902189479,0.022747900320779113,0.3566414730702393,0.99278203866856185,0.15967524312322423,0.71236673195754907
sample,D343,train,0,0,0,3,1,3,3,5,3,2,1,1,3,1,2,1,4,5,3,4,4,1,3,5,4,1,2,5,1,2,1,4,1,3,5,2,5,4,1,2,2,1,3,5,1,3,2,2,3,3,3,3,3,2,5,4,3,3,3,1,1,1,2,1,1,4,5,1,1,4,1,5,4,1,3,5,4,2,1,1,3,1,3,2,5,4,4,2,3,4,2,4,1,5,3,5,3,2,2,1,2,3,2,0.21362604492984716,0.19337065936751963,0.91424420729571276,0.94274176128721932,0.85675914710966872,0.65955989027641759,0.88544157369473453,0.36234346982886534,0.54730485682808705,0.77510077232872887,0.4549766126833058,0.058395722504068215,0.86506040784179594,0.43438918714489394,0.45615306750966989,0.33895155680373612,0.040512086192596386,0.84334802939967568,0.027693542024792683,0.48550712887149727,0.52615428918295593,0.021221456906025837,0.83080704027728569,0.47024975757790022,0.04182444847907274,0.45658707536131193,0.48047929811975354,0.16664535045845263,0.046422653448855433,0.28764324511926109,0.5180136522964337,0.75666003883208943,0.90204392117222221,0.33766944753068495,0.74329842655813139,0.93270473704376544,0.81503389578720242,0.8268858648814984,0.47309615096713764,0.1118317193449172,0.46960999145853666,0.27086171152710248,0.51472759345855723,0.49523990948940577,0.91601189135210503,0.11709811329126441,0.25196104519682383,0.34166902863031223,0.64001463447892537,0.78274884235085496,0.49478108218714889,0.233226711715942,0.68042140488859648,0.12116123766449383
sample,D344,train,1,0,0,4,2,5,4,4,1,1,3,3,1,5,1,1,3,2,1,1,5,5,1,3,3,4,4,3,1,2,5,3,4,1,1,3,4,3,2,2,3,4,2,1,2,1,4,5,1,3,4,3,2,2,2,5,5,5,1,3,1,1,4,2,1,3,2,3,1,4,5,5,3,4,3,3,2,2,2,4,4,3,3,4,5,3,4,3,4,5,1,5,2,2,2,4,4,3,2,3,4,5,2,0.98375269471495419,0.68986311570132552,0.056508377882067862,0.074318792325240968,0.56442396486471869,0.76935943798443618,0.42997210132772168,0.67727668174165223,0.89043243594581223,0.27078622157327359,0.12285614183763816,0.83833036285339946,0.91470463832286231,0.96079497209066589,0.59859768268469093,0.71057424791404644,0.85831911394724258,0.84683983758470149,0.30074450429421062,0.61183242883069,0.45537370282348133,0.081960656111176089,0.35239844851751334,0.1456232230284602,0.064444299923989701,0.38957395923260996,0.66250459318874055,0.33038128969323954,0.44095788575231065,0.57106916948043163,0.14859927588291111,0.73224067248282321,0.8882966340154872,0.86858512248006958,0.60342821449653439,0.93196616565846546,0.1413651470910734,0.48767359785280262,0.96181682672000768,0.96964898948018552,0.076945962297362502,0.49893394285230674,0.14319259779991411,0.041854903485607275,0.39523995763149988,0.12902385863267074,0.98142048516905556,0.45943072236294191,0.99742210473709103,0.042581594441964521,0.66823486416096534,0.46837074206552642,0.67859803774162286,0.36842494720798136
sample,D345,train,0,0,0,3,5,5,1,3,5,3,3,5,3,5,5,5,3,2,5,1,1,4,1,5,1,3,1,4,1,3,5,3,3,5,1,2,5,4,2,3,4,2,2,4,2,1,2,3,1,1,4,2,5,1,5,5,3,2,4,2,2,4,4,2,1,5,3,1,4,2,5,5,4,1,4,5,3,5,4,3,4,1,4,5,5,2,1,2,1,1,3,3,4,2,3,1,2,1,1,5,1,4,3,0.73219537854726957,0.16655739863338326,0.85385478325185615,0.55346157386705075,0.24114380656261203,0.75084309228930246,0.50363489764958502,0.53219736589448818,0.9358666580651448,0.62118469270282184,0.0010909128996873241,0.83912440248081943,0.56700119483670919,0.71929466933783071,0.030607232031814924,0.52152633916359903,0.3409646066297477,0.079987809964185863,0.71930692074938751,0.60487675296277477,0.87947173838208681,0.54816775457887601,0.065994437765910408,0.76636801218417905,0.3719374883409734,0.4539785797075454,0.29798458312831444,0.42519816765613394,0.2031969323558297,0.3163317474202384,0.026993251380459493,0.58387604222780232,0.5271506075882102,0.3219870263436303,0.69988778584015421,0.39028078310478309,0.59062935774493386,0.88441688226184845,0.40596097974676382,0.39795940316374212,0.66554887356136128,0.47441686185819087,0.34375879084504635,0.28514908189194632,0.82771746150443581,0.47516847512912919,0.81599489821148719,0.52584385256461308,0.7226288381462983,0.46284452497648221,0.0299330660601832,0.92490814876550009,0.081392270993273175,0.44322364751264975
sample,D346,train,0,0,1,1,3,4,1,4,5,5,2,2,3,1,2,1,2,1,4,1,4,5,4,1,3,4,4,1,2,3,1,4,4,3,3,1,2,2,2,1,3,5,1,2,1,2,3,2,2,1,3,4,3,1,5,4,2,4,4,1,5,2,2,5,4,4,4,3,5,4,1,3,3,2,2,5,4,4,4,2,4,2,4,2,3,2,4,5,3,5,2,4,5,4,2,1,1,2,5,4,3,1,5,0.26085666584520439,0.8620698073100358,0.81177865542370131,0.77251345467082355,0.9012281416948047,0.66958761911010811,0.44793122967502996,0.41069445050246911,0.69270778883598239,0.18357169721248856,0.3873786565267926,0.015332054765192726,0.15161507860510903,0.039725249516094574,0.13014380173625806,0.77737371801991695,0.030790566142399944,0.064556642487933247,0.91488415057285644,0.23892160760832204,0.21376624636364161,0.83018651140122202,0.72524011016509504,0.21867363882708335,0.55481508879526742,0.084098651759754395,0.3945346268428056,0.060091514748130903,0.15736442750593238,0.97300043597476216,0.58656596435597774,0.40226528448438437,0.91794399131761595,0.85045721383554851,0.14209660341491592,0.33269936591310734,0.015919437087125843,0.036553356387732827,0.38323697535405976,0.032450935074035847,0.88828848752660916,0.60397141311036673,0.756100028576704,0.99349699712758521,0.41126637704203228,0.5046642180647789,0.76358469591729772,0.67126493530970055,0.53573906334481114,0.91739783639181449,0.36372350944997456,0.81583823906005648,0.40307505700005297,0.12704998256002054
sample,D347,train,0,0,0,2,5,5,5,2,2,5,1,4,5,2,5,1,1,4,5,4,4,5,2,4,1,5,3,5,5,5,2,5,5,3,4,4,4,2,1,4,3,5,1,2,3,1,1,4,2,2,2,5,3,2,4,4,3,2,5,4,4,1,5,1,4,5,5,1,5,4,3,1,3,2,2,3,1,4,1,3,1,2,4,1,3,3,4,5,2,4,3,1,5,2,5,3,5,5,2,5,4,5,4,0.057712948012541454,0.89639501729804205,0.9505823402457404,0.4637809906885898,0.97511822153618144,0.10005488310301169,0.18514508483422232,0.18355647656068497,0.62380844759323206,0.85664176433169681,0.79999848109355121,0.29618623056316096,0.056090119412558703,0.89413074009108617,0.86043128104365596,0.87227304828423091,0.44101795468277449,0.1818038366329634,0.41875745453350099,0.91566792682005727,0.49452106062577672,0.18637747680756289,0.4142963097318586,0.46692109267939441,0.66796354884072096,0.22495899562291177,0.49901029365211513,0.032617263828532139,0.83356949666224067,0.64152403159930838,0.034892007593291918,0.012235769943859109,0.92282727482176974,0.97493327044097478,0.13743390024962621,0.42551735971776072,0.98343962816036767,0.55073887430501178,0.11749702143203,0.83099841889238824,0.22777353055906779,0.96627302258305647,0.96281526993229449,0.89577440653212526,0.55494758977899961,0.68392211761888744,0.6433232831740423,0.29262727876634165,0.025098692968887892,0.67613480598412967,0.13212103101618211,0.16448646445490511,0.20414997321649631,0.45445958040340617
sample,D348,train,0,0,0,1,5,2,5,1,3,1,3,3,3,3,3,5,2,2,4,4,3,1,2,2,3,2,4,2,4,5,4,2,4,5,2,3,3,4,3,1,1,4,2,1,1,4,2,3,2,3,3,1,2,3,5,2,1,3,3,3,1,2,1,4,2,5,3,3,1,2,1,2,4,4,2,5,4,2,4,3,5,1,2,1,3,5,5,1,3,4,4,1,5,3,4,3,4,1,2,2,3,1,5,0.35127664022747485,0.194089781496526,0.9901907604815029,0.51665532179868867,0.89665870712472506,0.69225908118538493,0.92009889799046407,0.18872554215330917,0.82982797380603568,0.49238070633430886,0.52822816027349317,0.87458440635450996,0.23779700724215369,0.023359343599323235,0.42164457658880605,0.8388349610620045,0.87266799416125074,0.21908087106473517,0.40383558145692111,0.78536069342024617,0.53291741553080274,0.64552558234194013,0.23550477245556045,0.28784299874616281,0.077331774573001999,0.98842742483897561,0.90702253051763138,0.069357389008636527,0.60431666067290124,0.31924519219386394,0.97363672849265825,0.074180837495939067,0.5358383005346673,0.95197931634972677,0.82313011202626729,0.38964199478227057,0.99230452252766754,0.59843258754125772,0.63608767224710783,0.76624341879138191,0.013211181370972436,0.62215748682362837,0.049417993045462572,0.24778459778167339,0.0062403109487334518,0.52772409386999719,0.84794012004503116,0.58195538309589112,0.11083825266450598,0.4115370049247733,0.56103002030410165,0.16414710133283394,0.025776390123879112,0.84795906568596024
sample,V001,test,1,0,1,,,,,,,,,,,,,,,,,,,,,,,,,,,,,,,,,,,,,,,,,,,,,,,,,,,,,,,,,,,,,,,,,,,,,,,,,,,,,,,,,,,,,,,,,,,,,,,,,,,,,0.77302826902328692,0.44863412973117023,0.4349143788694847,0.014941268462127066,0.288561544539787,0.54998076333530999,0.26038420465147505,0.26784471569282386,0.49655655576663837,0.19281420643679492,0.86717633985340659,0.066321930127207773,0.93036985415061735,0.66640694315736437,0.83978871004342537,0.70513079545057089,0.84649249260946824,0.74399879783654432,0.33529730711936734,0.26973908286855286,0.21281620849569538,0.96586943522577373,0.747186311691173,0.16242639720634899,0.13953237503532112,0.080806199998003536,0.74270158534086805,0.38200828775115714,0.43647131485255286,0.21629707437114742,0.20916576507094786,0.5412474834248826,0.10531437561370649,0.059458733265084218,0.39296885952526273,0.027491092468729605,0.95681355331543683,0.44503756136597628,0.039831320992932517,0.017771727716575536,0.67594437886177716,0.10659502363744688,0.90348204323965919,0.80798984124806583,0.11880979538194936,0.54153528211571322,0.089319734346754887,0.43689074106819192,0.0092717046543672188,0.47706617441506227,0.17661494844844727,0.86034596154392562,0.68219979498282313,0.39240239207170069
sample,V002,test,0,1,1,,,,,,,,,,,,,,,,,,,,,,,,,,,,,,,,,,,,,,,,,,,,,,,,,,,,,,,,,,,,,,,,,,,,,,,,,,,,,,,,,,,,,,,,,,,,,,,,,,,,,0.025846644842672406,0.0084177027534059201,0.21195579518987817,0.013859218185178768,0.67605137242977187,0.097142890248994695,0.66394161851441125,0.54024376096741566,0.17510249951826795,0.1055369762753996,0.48517028851977573,0.88316447907828788,0.60441005534473691,0.085978962907743539,0.0077242670356552079,0.34351383615639419,0.031935317961714893,0.77187630247276706,0.78393259199555709,0.85417468542599029,0.45628143424490297,0.062487940113636675,0.82006318187145577,0.50501452119835533,0.25588374126487212,0.24756953241015078,0.7550716746494236,0.69045121218549754,0.94832277793395225,0.17925317518766049,0.98790797259708585,0.12106211346418694,0.90195336120063707,0.6841317243845414,0.19768544733085014,0.59666535906186802,0.41096157734000505,0.3878684194330636,0.58460053454899008,0.56570850408425555,0.37970555528777683,0.20650528065902407,0.54210020947225745,0.2245068261163029,0.18736579368909068,0.89558790618228368,0.4846431740419388,0.071473899908801486,0.0045943710500910839,0.78110878735963363,0.56095587942922687,0.50172883533765678,0.83140765183710919,0.52212050351259121
sample,V003,test,0,0,1,,,,,,,,,,,,,,,,,,,,,,,,,,,,,,,,,,,,,,,,,,,,,,,,,,,,,,,,,,,,,,,,,,,,,,,,,,,,,,,,,,,,,,,,,,,,,,,,,,,,,0.37720052189155151,0.29211637541323132,0.50423096416344282,0.51820505790211924,0.072942936882607334,0.2379335239903082,0.0073297079487237848,0.63648284016476253,0.50351049446009888,0.4840418682308314,0.61555906962407136,0.63856490855551418,0.98945691929966095,0.78000057427254843,0.92857100581651808,0.70329291721671705,0.57317199985153888,0.078531012012702628,0.18868946295748679,0.72477407279869044,0.75495517930891198,0.80292952117752114,0.22343431204671327,0.15424804204463693,0.27027299131014615,0.99887414044343026,0.56212904425527166,0.3096028425597388,0.90907572648510371,0.66866171078784731,0.61791146862412349,0.002061345907214851,0.38964280199139811,0.9978371780347115,0.81869393568124793,0.56143408618617519,0.92453372947328061,0.44746396046080728,0.37213417935017012,0.93303166461754694,0.16059476895463132,0.075229736006072412,0.67045506182359338,0.51793440055021156,0.51928198656653435,0.44306474629774517,0.23157501623220056,0.47246779625044799,0.97046742705066247,0.2850472255680716,0.79035558012536611,0.19055378903234066,0.24537296270740427,0.3715512685559158
sample,V004,test,0,0,1,,,,,,,,,,,,,,,,,,,,,,,,,,,,,,,,,,,,,,,,,,,,,,,,,,,,,,,,,,,,,,,,,,,,,,,,,,,,,,,,,,,,,,,,,,,,,,,,,,,,,0.13269449082370055,0.19730030893448047,0.08867822425997951,0.30716252215638573,0.49089791019482254,0.39798763097081047,0.7581561801879062,0.16404150838040032,0.8918123434505707,0.2590183102268242,0.70427174182279095,0.63052519723596023,0.35372784488744446,0.091099503151000683,0.48990250161637361,0.55479333261376163,0.23941984467789601,0.1536954890966713,0.045096189609131199,0.11411625925732949,0.83994258171270497,0.63496595135198575,0.56910507053232484,0.025301285264095918,0.22480448852874602,0.24607547343844949,0.042521323060133454,0.75518233179874805,0.9306645384244272,0.9623922380326273,0.73277087290621512,0.66685374349456839,0.5086045420845563,0.10141166541937785,0.60406804535185821,0.56139931796852038,0.26410358647125476,0.070427804970877084,0.55126857927562223,0.76220862713257109,0.79186431899547094,0.17420080705320629,0.57160400739167128,0.56055525583107579,0.50041888513312616,0.070769308642675055,0.095752209850263448,0.44296615497684133,0.74726535084423418,0.99840029088691207,0.0063010856348610922,0.3627099338932428,0.17806922377341983,0.40346404335555719
sample,V005,test,0,0,0,,,,,,,,,,,,,,,,,,,,,,,,,,,,,,,,,,,,,,,,,,,,,,,,,,,,,,,,,,,,,,,,,,,,,,,,,,,,,,,,,,,,,,,,,,,,,,,,,,,,,0.47099231401388963,0.1627381351279048,0.20808542745023761,0.76604024940946946,0.55777760664811327,0.30941232992519063,0.27802606805184238,0.28336591645844356,0.89800826763587116,0.60853764087849227,0.27043629483713061,0.023488519506872807,0.67875621946374864,0.55421767114724563,0.4099316247159126,0.15010236400382337,0.38094446704400053,0.79368949712029302,0.18568382585820409,0.46824200253703041,0.35189703657106575,0.17058187313464801,0.70079579616670684,0.15588975399807614,0.0284965665186383,0.019596087209629354,0.60280730863291043,0.59778945686717988,0.41420790311598343,0.34586306048926962,0.19793355507830879,0.14670729254337223,0.057187628433888693,0.53112234130577018,0.81853674964998357,0.81038013223706828,0.23440965109793099,0.030021985887890179,0.12497720145716351,0.5729758667783722,0.51986506929519083,0.92263460014062881,0.75803776416228341,0.95701471403865723,0.74627620297359254,0.77069221414790456,0.71719395612200676,0.89971761257828986,0.18940629831694422,0.54734968056351663,0.22147209268256485,0.0051781912664647933,0.99245012031428181,0.3304665947199924
sample,V006,test,0,1,1,,,,,,,,,,,,,,,,,,,,,,,,,,,,,,,,,,,,,,,,,,,,,,,,,,,,,,,,,,,,,,,,,,,,,,,,,,,,,,,,,,,,,,,,,,,,,,,,,,,,,0.98850468129248692,0.612326063898885,0.70025482834249098,0.89660365202920411,0.18653422651431495,0.079180039784214284,0.24700018064178941,0.5480050813766616,0.96740219475395373,0.15896062067100103,0.5712229984705518,0.7383975927786196,0.50965922675143227,0.96700856876880215,0.75434133817908189,0.57005107498090746,0.6140420738238066,0.38156402536966871,0.77649014535041239,0.18259230019580264,0.24680440938201342,0.49915016098978982,0.55695852984185179,0.33365067956102978,0.15905863738545234,0.19706080893673406,0.44875254666018471,0.63234814681962226,0.13788539943646105,0.44159141098261323,0.90481282459612722,0.39190871074500122,0.90871007411099947,0.62348974067080065,0.78727886004343206,0.32175914355516833,0.13472007590796065,0.070863481604852674,0.99685874619893566,0.61002493258305912,0.20646035689012865,0.83489851568882623,0.29014858162882562,0.60713862899511783,0.98150508579048001,0.051948764029758454,0.59414165514624262,0.17136663111521933,0.26101010303494776,0.48180451440146888,0.93569415644860354,0.28918226593876006,0.64702798525874172,0.19509774610548025
sample,V007,test,0,0,0,,,,,,,,,,,,,,,,,,,,,,,,,,,,,,,,,,,,,,,,,,,,,,,,,,,,,,,,,,,,,,,,,,,,,,,,,,,,,,,,,,,,,,,,,,,,,,,,,,,,,0.51806011714637312,0.38124206701873964,0.90225498362984391,0.22059639666920938,0.53319931801030096,0.61760021020699252,0.69966724717943096,0.083278470623366685,0.23539450327372058,0.14664324583144173,0.34781557042081834,0.88363006676780043,0.0018936847173373073,0.072357585160209958,0.42123295317323373,0.31276988073261636,0.098170995173124553,0.91591194938304543,0.19153131805582646,0.97172786301342362,0.95196545190857551,0.62153520146608654,0.0053017418041507725,0.18738634581361457,0.48717407981908156,0.98396559259308836,0.53114268377399765,0.55738016336393137,0.41755465399820735,0.42352531284256922,0.87606330455563319,0.60581515406165765,0.45539891505681951,0.23332122887676365,0.36331481637351537,0.88293550769791718,0.72527969631211786,0.78946501483055898,0.44961038835074807,0.086569298997466126,0.47436515710831839,0.24167747625196978,0.43577057183674206,0.39589026627905632,0.59723017552814694,0.759526813593562,0.19971974218805755,0.97188961145257957,0.27697647791884628,0.46730626434251554,0.26533279478541327,0.16200365322259891,0.42394527473299426,0.11285813998934136
sample,V008,test,0,1,0,,,,,,,,,,,,,,,,,,,,,,,,,,,,,,,,,,,,,,,,,,,,,,,,,,,,,,,,,,,,,,,,,,,,,,,,,,,,,,,,,,,,,,,,,,,,,,,,,,,,,0.38829773261221634,0.35416000820815274,0.21159804413981476,0.32193958706237225,0.82830367458205101,0.028644793076446518,0.59874157979248011,0.37973546676302228,0.25260633827287193,0.58498379950665724,0.28325187995402135,0.9478389512492682,0.28479013208045201,0.82726330094548561,0.69243189809169603,0.34378178745055454,0.11443036462169309,0.74248994002710456,0.23866675347756605,0.17405142115728223,0.95733373543040901,0.80586513675091132,0.14678528650996037,0.83643132232827433,0.26402640870037863,0.1703123665614078,0.36361313610721269,0.85088068753257529,0.91809688469234285,0.23965341353818725,0.31486695509334961,0.63057243113799988,0.059364088672623438,0.9385068128973918,0.49133520285981069,0.94466010136279432,0.48271243423462751,0.24608284829600813,0.82560800229034514,0.61284742455070784,0.14110587374688843,0.46159894542573465,0.56815137568859719,0.68665022158702305,0.94930750165674327,0.077992391873423439,0.38625998259645955,0.68112440615778924,0.39370126825894325,0.26897887651760688,0.51129082897030342,0.27207056106398353,0.5239446706671842,0.75856994102462461
sample,V009,test,1,0,0,,,,,,,,,,,,,,,,,,,,,,,,,,,,,,,,,,,,,,,,,,,,,,,,,,,,,,,,,,,,,,,,,,,,,,,,,,,,,,,,,,,,,,,,,,,,,,,,,,,,,0.6490050019338296,0.97141708162788121,0.20476706989799598,0.38440421506710953,0.35189683818776163,0.014625399007040185,0.19018044534189149,0.72772609537750399,0.017626983487858627,0.6667019280708012,0.72620077693259455,0.72647627957374694,0.98436464705361781,0.22420562873974625,0.42620373033279391,0.20417387162857592,0.22764046314687847,0.31509072022449547,0.33716997239899671,0.90758285210408041,0.11893128679201359,0.62741447020793528,0.98079833356081503,0.095701175518296155,0.24798936192246424,0.28643386405961524,0.47335689181451079,0.070961530865635725,0.28982652884794324,0.051290078515798143,0.11586873356016236,0.59859726059763929,0.36303099065933042,0.2563411237218387,0.5771418156932695,0.76936834351753458,0.88847401273937454,0.88416479994959796,0.38040920706748604,0.29588872520192377,0.79903674363390387,0.17970295529165337,0.50014493865761434,0.35875121135149601,0.28575838330259018,0.25832832041249854,0.35963935405918435,0.30103127973060062,0.59831655273435758,0.40273392424404753,0.27346743377425842,0.71967931837623889,0.64681464367177488,0.061857362703688357
sample,V010,test,1,0,0,,,,,,,,,,,,,,,,,,,,,,,,,,,,,,,,,,,,,,,,,,,,,,,,,,,,,,,,,,,,,,,,,,,,,,,,,,,,,,,,,,,,,,,,,,,,,,,,,,,,,0.27191932113747486,0.60293088913882709,0.32277265570457503,0.90534000460609931,0.16447041687973019,0.56169268259472682,0.50513295136025949,0.34541238984128475,0.33433759809738561,0.11728013036498441,0.30864001649209649,0.94906930788251398,0.22184258063556461,0.30390807135962661,0.0069705122033317801,0.23328453243904268,0.83259487513548336,0.76731749952786443,0.4629557815292753,0.5297324991440554,0.80263426800838178,0.210793010882243,0.67419885706135541,0.59621216381813813,0.82659890879773512,0.57114994374948935,0.18246976563543715,0.48979969665216117,0.40643519025159558,0.59180251295131803,0.49627829132446433,0.95375414736646424,0.79044723034861053,0.94265040476401751,0.35495197186857652,0.29756448254815437,0.97103633506199882,0.51915615943004434,0.73267630895509805,0.013207157012768977,0.5065296768115668,0.84854805569421921,0.46155247617046602,0.40971882615120014,0.42820357377949125,0.33614443160056928,0.13041525004481302,0.11222716095414209,0.86928937479349566,0.33823284105727236,0.40704958352562681,0.058102754910443255,0.64468963103722587,0.94296154616860084
sample,V011,test,1,0,0,,,,,,,,,,,,,,,,,,,,,,,,,,,,,,,,,,,,,,,,,,,,,,,,,,,,,,,,,,,,,,,,,,,,,,,,,,,,,,,,,,,,,,,,,,,,,,,,,,,,,0.18095211096312891,0.61950662818812552,0.11249893929354693,0.55938125616929735,0.83195450509995383,0.99322928790450338,0.63482471016398478,0.81132079117450628,0.88933044035363373,0.041167291972840636,0.75361912244080043,0.29392034380802035,0.39971963765850993,0.20008575196639133,0.95124316988907187,0.12231325195717579,0.81292157520419939,0.12477239109812088,0.89423539677740749,0.40362549081493493,0.08283311046907138,0.25157724387314417,0.24284819875957087,0.019953565091810344,0.7838310061064715,0.86584005108157125,0.32637501658539469,0.32150154070427905,0.39292664708589797,0.85885795184528335,0.80895271730442164,0.67459150286980818,0.068957537805469094,0.83057149423654797,0.8047380548086871,0.29935220606285806,0.83948855242657006,0.66668788323987627,0.55325479426453639,0.46943610450440887,0.50619445534288465,0.48246779940857432,0.41145260909587023,0.92603345808292181,0.51614253713599156,0.81817248168044832,0.055252385895093847,0.077289425460976613,0.27207648621165059,0.33237671846524475,0.59641002449333769,0.68404056469398111,0.6382732592348348,0.59626171900165448
sample,V012,test,0,0,0,,,,,,,,,,,,,,,,,,,,,,,,,,,,,,,,,,,,,,,,,,,,,,,,,,,,,,,,,,,,,,,,,,,,,,,,,,,,,,,,,,,,,,,,,,,,,,,,,,,,,0.27157432176005947,0.65492514453946227,0.59924464257320609,0.2445161115763087,0.84524173835413718,0.79699053566504108,0.44590456527519851,0.63837915149769198,0.2010799394283711,0.70600051831241517,0.84292354138606218,0.99921694994110344,0.36243483058173875,0.40165957454362944,0.69648263757295759,0.16201367912006626,0.32616401277881057,0.043513620958465338,0.65760189939182212,0.80057177374205746,0.18581206931622563,0.14831699708738022,0.82279993088654402,0.69377943594671843,0.28227177909481216,0.93639833407245787,0.76906011759620219,0.44712867044648341,0.98382389821835492,0.75120752727061479,0.69457861053716041,0.91296684877129464,0.95875103930551531,0.65317558488766003,0.32045757662333796,0.26942898146182959,0.93726983081025006,0.94515966537925755,0.02857853273917943,0.89676597289423177,0.34239484325286795,0.61017771169936186,0.070227145575791794,0.056617572924448911,0.10508871730728608,0.48705708271746639,0.20767089112640813,0.20562544799507398,0.012771446499412642,0.76374845474600761,0.31933947951930119,0.45948738976144765,0.34123804410674197,0.93355949360175561
sample,V013,test,1,0,0,,,,,,,,,,,,,,,,,,,,,,,,,,,,,,,,,,,,,,,,,,,,,,,,,,,,,,,,,,,,,,,,,,,,,,,,,,,,,,,,,,,,,,,,,,,,,,,,,,,,,0.70848002707728797,0.010654872621616795,0.56508949648712259,0.77335988033257519,0.60959483558319816,0.17892759105745659,0.13610512941925013,0.86081073588554635,0.30300565360672083,0.51350459378154178,0.92739945732136797,0.63557093585336899,0.3618027443073385,0.55749509600653935,0.16395160548359045,0.49043837908441312,0.67493427587415555,0.77816653114182122,0.43066598040151582,0.957180868148926,0.58288414830095114,0.18921756571403126,0.14196619570426983,0.77691091331558659,0.41537253070141256,0.80910856770349404,0.51767679047556969,0.51468500364316561,0.039757015361702397,0.25566061893633873,0.32682910946203381,0.83869185999526596,0.21580551203984533,0.16461247837389004,0.92181990548517279,0.92389769605481631,0.19353839542745754,0.32231656947781617,0.040365090036654894,0.56020704464441617,0.18301022023883762,0.43667538032128095,0.92612843401525136,0.85554406201934352,0.37064650758574824,0.47133702397968724,0.17892471497563422,0.54264798118074986,0.26008198769442559,0.22959264797360757,0.84285625637601713,0.10805754843864912,0.56860746493147585,0.74056732490539057
sample,V014,test,0,0,0,,,,,,,,,,,,,,,,,,,,,,,,,,,,,,,,,,,,,,,,,,,,,,,,,,,,,,,,,,,,,,,,,,,,,,,,,,,,,,,,,,,,,,,,,,,,,,,,,,,,,0.086893945114167481,0.026733358016655329,0.61492771972009197,0.18470797617805024,0.31218481500183848,0.94448083944513672,0.77574926559099011,0.6253821889531036,0.035718739661207199,0.30151613879736749,0.90449976232343132,0.61160443912722595,0.36146556194508905,0.86451513763377219,0.35434558624175128,0.68672294278852619,0.25658593810663599,0.20162616541232203,0.89116758726035539,0.73610422819817323,0.15194884581705348,0.86259480949048695,0.48554643417321786,0.33242293576993109,0.63716036826758404,0.51780056783086814,0.017631991776950851,0.073791853522049311,0.71049568471052438,0.1817563199193496,0.0081553354381386223,0.69848517032068458,0.43135168758272147,0.89220583406625775,0.019233382243338037,0.33279225358555931,0.13639693714643986,0.79922427449942468,0.27150082668971587,0.764931043472448,0.25968222921096262,0.010877540868445945,0.19943702161577337,0.23948178276818066,0.34504615381517245,0.60669847105415775,0.53229467052131063,0.43122105272850852,0.3983342867585592,0.69683215395464648,0.37098259180305271,0.64738856798287536,0.63176076124574898,0.24844990754430585
sample,V015,test,0,1,0,,,,,,,,,,,,,,,,,,,,,,,,,,,,,,,,,,,,,,,,,,,,,,,,,,,,,,,,,,,,,,,,,,,,,,,,,,,,,,,,,,,,,,,,,,,,,,,,,,,,,0.55418296299480752,0.14323211817649961,0.20125664058837256,0.70782645697155055,0.27621722558426332,0.73403924704900236,0.10414479330048676,0.58423433399210167,0.7566444097749333,0.87506198985820205,0.70907060210452899,0.83093295226999886,0.29804448448682597,0.73489491462736578,0.93663570106166405,0.72212688383501589,0.76001368802165437,0.45441985785188499,0.51536007239265114,0.50355717466830452,0.024112730444847186,0.89339548967703819,0.64674020679795774,0.35575859742110971,0.38408217733659133,0.4664950254520418,0.33259049782798045,0.59802015420818022,0.76871192237956421,0.073179908451722953,0.44500508154444118,0.57465848488220517,0.0088504750634290641,0.022554135240615669,0.4931426827179719,0.0043439495688780694,0.25059798815154033,0.46985183837202193,0.84554092051576457,0.85786771372364357,0.82851960190362817,0.70810546627545223,0.2506581368368187,0.83836111847952099,0.73972234550545735,0.59093758768701588,0.23869653867901142,0.77104410750598917,0.52231208642084515,0.72767361488154747,0.61812353702486245,0.80968859387143022,0.61059109181498916,0.16017536903846108
sample,V016,test,0,0,0,,,,,,,,,,,,,,,,,,,,,,,,,,,,,,,,,,,,,,,,,,,,,,,,,,,,,,,,,,,,,,,,,,,,,,,,,,,,,,,,,,,,,,,,,,,,,,,,,,,,,0.10694295977952117,0.28640346703894637,0.83573820453852066,0.53079581614983284,0.86237081820891615,0.31340735171017375,0.02266347703468774,0.49033450419142866,0.75838936077212571,0.7363277572536312,0.030629115713526556,0.24113040926344564,0.22937320103549363,0.86382288046167344,0.69113911573824671,0.69675434019125615,0.20089303593201091,0.61459851360697726,0.54238873034939272,0.41275757369264121,0.40641709652338864,0.86278551920612545,0.52499601397659545,0.32521657486532796,0.15304788002935965,0.84601696368991031,0.67716449134313661,0.71403330852146163,0.28889792679892878,0.71720807582666046,0.74268099988452529,0.39773006486324813,0.16457518370110968,0.56273643660147332,0.59833352308420884,0.60226661291170813,0.32435612662460833,0.44759545399208489,0.46082795864005222,0.48820938330488928,0.51666621365521492,0.24318190196047351,0.62911099900435219,0.3957485010623184,0.2784498020590529,0.031763184800099209,0.74719163170349179,0.14493788951450759,0.44164131284313368,0.59429753330280977,0.019638702117338536,0.39440821580114205,0.69330658123553424,0.64829941011161718
sample,V017,test,1,1,0,,,,,,,,,,,,,,,,,,,,,,,,,,,,,,,,,,,,,,,,,,,,,,,,,,,,,,,,,,,,,,,,,,,,,,,,,,,,,,,,,,,,,,,,,,,,,,,,,,,,,0.030359766543761157,0.55686668842677567,0.88814734933572337,0.23448185747760397,0.010895831170604997,0.36190554660766927,0.85077913306047437,0.99879435295640817,0.27511232783525541,0.63125202742218312,0.27653849091645011,0.3690111507083168,0.067839591655836862,0.26124853923840052,0.20924990836929702,0.79692233403714019,0.29824908505376047,0.6463929607506318,0.08738820320091778,0.64187658512519519,0.53232282953417487,0.84245409281500361,0.18810792036488555,0.41577095416058218,0.47061936090838308,0.022360475694378712,0.66902523574127404,0.46254762297193264,0.89141435506193778,0.23483714638201314,0.42769897012059643,0.26724203125795309,0.80452416834328777,0.33259982560983126,0.28739190148084581,0.28979179498794705,0.67253011003307939,0.24028000362698276,0.9869250414469849,0.45190714507288132,0.29866956149142787,0.65207534434248482,0.207241984064928,0.8210772082135922,0.65456902978480092,0.84609771016555657,0.6249280065219156,0.57196913957602469,0.94771056970290501,0.37531249983428894,0.58497927072498501,0.92030464979901372,0.74961994593435766,0.6277894692006406
sample,V018,test,1,0,0,,,,,,,,,,,,,,,,,,,,,,,,,,,,,,,,,,,,,,,,,,,,,,,,,,,,,,,,,,,,,,,,,,,,,,,,,,,,,,,,,,,,,,,,,,,,,,,,,,,,,0.84897327832248259,0.44923756873783749,0.57324287497636695,0.91774340426592349,0.40801383055279561,0.4750749818478589,0.036026913368532698,0.047524945682510422,0.80390943862012176,0.77811601816188825,0.038029133329253395,0.01759253447186182,0.65730467653433988,0.043839172844785002,0.32741902923336275,0.36213266965725166,0.26829060598187826,0.12114233326238688,0.75175159312308282,0.31401735059455638,0.22847107494385033,0.020260162936646675,0.90414013057222797,0.61484299200438164,0.68881950435352801,0.68120871040334419,0.30476855961275806,0.47562717380311548,0.51820862580313642,0.32677602259200378,0.76748817383830215,0.66809782848632093,0.21630746864285189,0.76656078011965079,0.34016742404108824,0.69791705327540121,0.2211268522615859,0.34539318471946312,0.68419137399055119,0.83128773391016875,0.091459635667570316,0.64243323031631516,0.027004245107379532,0.034975062528254108,0.49396619804884101,0.93809494727023413,0.36747798502660078,0.30724694398383579,0.94362514663429964,0.63844884152021197,0.93609232559452527,0.78671532423835588,0.18085000186329414,0.65034409356254386
sample,V019,test,0,0,0,,,,,,,,,,,,,,,,,,,,,,,,,,,,,,,,,,,,,,,,,,,,,,,,,,,,,,,,,,,,,,,,,,,,,,,,,,,,,,,,,,,,,,,,,,,,,,,,,,,,,0.2400053568728524,0.46436010998309618,0.97495778981932213,0.0014791711172564836,0.31094046619612392,0.66939774252523654,0.44797677906828304,0.0081734992339034251,0.59101334610500844,0.44569348760705263,0.840092179220993,0.010055458727671329,0.53884085271411364,0.028194117321953871,0.56113462964513194,0.32049586320690593,0.893670771946806,0.28837602911533233,0.25098824017813415,0.47325925260861346,0.71967750923038243,0.69130817748926765,0.99263297848943499,0.32564259962933961,0.28256531334848334,0.90130911485042242,0.39879915814350653,0.34707312420461278,0.83439495185562296,0.088239530972760161,0.027968312245364335,0.95104873165258519,0.51019577248553349,0.94726399258764649,0.91789378713884717,0.14827960083500225,0.81069751246115751,0.29682180496902377,0.17320076321634448,0.99836064403686253,0.83017715917605728,0.36405186782028509,0.15925765286976423,0.64156941315647631,0.7583299689232994,0.32333461875415737,0.39312461800880438,0.85208193933561294,0.13824562136736329,0.83180529697368644,0.17652987089545868,0.82830426308364691,0.92177950447008272,0.82969443508699559
sample,V020,test,0,0,1,,,,,,,,,,,,,,,,,,,,,,,,,,,,,,,,,,,,,,,,,,,,,,,,,,,,,,,,,,,,,,,,,,,,,,,,,,,,,,,,,,,,,,,,,,,,,,,,,,,,,0.75976843900000646,0.46554525377487066,0.56943865500425783,0.6623234868498411,0.06488283552872387,0.68470659580402382,0.47213284825677571,0.84807225829472166,0.67369692450444563,0.13972583687199069,0.23575708169396015,0.07727073731028522,0.31869752808122143,0.12017963346510185,0.64619982961789091,0.30983423945851962,0.37147053151706499,0.56082880959359893,0.24156238199734081,0.71677656330681117,0.85724115872556361,0.66988143876869577,0.19122663491201464,0.1865625115215529,0.12580839506211661,0.52931262586187156,0.95505135837687571,0.15306429295469892,0.085060519514948529,0.91995587129530809,0.29861832080850526,0.38634888325467409,0.82650026939512866,0.47841086376565212,0.47443637874672506,0.56055058023307058,0.06825153300736897,0.42019346968932703,0.81786472808106081,0.29125145706923672,0.070450144244804225,0.82530290456058952,0.67426299284985791,0.94838901662014252,0.62979168071098113,0.15710323272768922,0.88117383788003767,0.83415361195249305,0.87803588390851917,0.86149886874375614,0.7620832766902168,0.56633815910829155,0.42545349705626101,0.58823392176790201
sample,V021,test,1,0,1,,,,,,,,,,,,,,,,,,,,,,,,,,,,,,,,,,,,,,,,,,,,,,,,,,,,,,,,,,,,,,,,,,,,,,,,,,,,,,,,,,,,,,,,,,,,,,,,,,,,,0.85768599430205494,0.002354281101020872,0.61001437190606711,0.51445231563690119,0.60228006350950447,0.064022957203964004,0.31574890039696824,0.49296844805128215,0.32760770812534568,0.96522414997056738,0.8232335906342475,0.86143162289394226,0.2631929172030546,0.9867868074170012,0.36768143628267513,0.85818602221214468,0.38238277745492089,0.6293087951467824,0.69580363841777848,0.94151235541987932,0.29755719082459386,0.54823045627891787,0.91305916862326664,0.33881983161526208,0.18928262519067451,0.2971077743190671,0.85826081027178902,0.60752887182585513,0.21026015791358699,0.9995285267470112,0.073728392570771573,0.54743751804968233,0.2399430165784423,0.40037360785238851,0.48456796985855699,0.98087933661092774,0.30769125488018745,0.48695783960670647,0.57231040799847321,0.31522790349271879,0.89098650256594825,0.014932398247328615,0.62145910142390126,0.22157672692266717,0.74125818472488081,0.49166700801702068,0.15473548737257903,0.16248855941817597,0.30582869636415499,0.70405383469130223,0.74061565219690617,0.86397160565574882,0.54527584300306942,0.20336786722718769
sample,V022,test,0,0,0,,,,,,,,,,,,,,,,,,,,,,,,,,,,,,,,,,,,,,,,,,,,,,,,,,,,,,,,,,,,,,,,,,,,,,,,,,,,,,,,,,,,,,,,,,,,,,,,,,,,,0.93612551784174369,0.81464064280624149,0.23168344687390963,0.65990125246742704,0.71582595440232555,0.044385599229368244,0.48868023826182427,0.96161451702008693,0.84733864759825361,0.23551495538253686,0.13076665082706329,0.019029520094208663,0.42035556516824402,0.74268151718893449,0.69244772058854032,0.81249690938782504,0.41109170954233565,0.79107130447753871,0.75644626827292571,0.97556140043141648,0.014988487562962227,0.68845847691257489,0.73388533082211249,0.72680253975234754,0.50654864371142383,0.015196394487593579,0.091057350976188056,0.57759637145439735,0.98775797117776176,0.74853490247708021,0.35768226620229637,0.17170259102980767,0.30221379427513495,0.42388076996458923,0.46732941699759478,0.11855526335677635,0.64883110096141206,0.01076273871679656,0.35423453435306451,0.99999028445713445,0.74933994325723785,0.2617758364094146,0.018572976278529385,0.014293923166840861,0.47909335166953126,0.52564487874707777,0.97640145402773026,0.73685594430179235,0.57777580023339237,0.14089839484684397,0.31899905941699358,0.96858743643567236,0.17487521569328568,0.22687951846792231
sample,V023,test,1,0,0,,,,,,,,,,,,,,,,,,,,,,,,,,,,,,,,,,,,,,,,,,,,,,,,,,,,,,,,,,,,,,,,,,,,,,,,,,,,,,,,,,,,,,,,,,,,,,,,,,,,,0.92897352321131432,0.92753524289460398,0.52351828188423888,0.2663764202677944,0.64544071049523866,0.21330852367630027,0.14806402163217192,0.02631112347054898,0.95099961137840716,0.89192621562991403,0.77822766936931742,0.56613096830248533,0.16233158405601489,0.54226483904215672,0.96934319455260609,0.33173720824726616,0.28714901755927524,0.23834063120502125,0.54149475777578837,0.017261336212643363,0.098237159958502129,0.77375499488703603,0.3831663818467409,0.18306277734976073,0.32202662951209171,0.76951655221209991,0.51549441833816434,0.61246390795772687,0.55216657486831544,0.68692876850195583,0.9177463423193204,0.13196077449140675,0.26532028746225511,0.60579702959861703,0.74425257923996313,0.65458985875995579,0.55204170002559572,0.74244580973623397,0.029557310202448117,0.18418838092382772,0.95821769524845146,0.73565891659077087,0.47354128105989068,0.90150174941416716,0.73777093213666634,0.48816973535068997,0.043605838109958883,0.80846321189451142,0.31643008304880182,0.22318492376471921,0.14919556503993148,0.59645427852835875,0.1550357521205884,0.93024899688638507
sample,V024,test,1,0,0,,,,,,,,,,,,,,,,,,,,,,,,,,,,,,,,,,,,,,,,,,,,,,,,,,,,,,,,,,,,,,,,,,,,,,,,,,,,,,,,,,,,,,,,,,,,,,,,,,,,,0.040914878470413307,0.012219571954492081,0.46607678115230045,0.61491178108239763,0.6689996900454781,0.5781225308978265,0.13353742238051947,0.68418594120814691,0.4302998443246816,0.23180708032123165,0.30999251015226514,0.91959052966061738,0.88621869724560309,0.8244597548890068,0.17476222526311147,0.075617634580916304,0.89351839798980004,0.14069225200525737,0.098575005997078913,0.49934854708075138,0.91569297071267441,0.12886707656054353,0.65610266193919242,0.29306585772936866,0.64238319149356715,0.34599998318670644,0.033873911633641729,0.40388755142866872,0.32609417821594344,0.60753332411895777,0.024888525673510298,0.33759196461549157,0.030381435225609765,0.96975398486472464,0.23134293542062068,0.14170638941613101,0.54929488638915103,0.12573986783641478,0.084682367432110328,0.90504338206993029,0.3734112015073201,0.92129133703228261,0.26484138305993143,0.52556602362235716,0.074687730729465218,0.99624673744591896,0.1582904807597344,0.10229840359797149,0.33885805911450106,0.73990872461550117,0.52306971914215117,0.15777509509283549,0.95281051365771552,0.96223955082043766
sample,V025,test,1,0,0,,,,,,,,,,,,,,,,,,,,,,,,,,,,,,,,,,,,,,,,,,,,,,,,,,,,,,,,,,,,,,,,,,,,,,,,,,,,,,,,,,,,,,,,,,,,,,,,,,,,,0.13646886089449184,0.91905345412945161,0.91089301731307459,0.37061062505363307,0.56319303172569957,0.50010180700962514,0.96318559558803662,0.033059284982944859,0.40351427484756763,0.98860053765134248,0.96537206340485227,0.14981503931106754,0.12119743203769484,0.11725409300603473,0.41083880830108288,0.85539090926081496,0.82949131396261799,0.23079318366528223,0.33799780787493161,0.23553725315809149,0.86317841471150436,0.76467349360123449,0.77037705486128216,0.64315875889070495,0.8996724551875277,0.64777729630658287,0.90248854985179827,0.53850756367967101,0.24695146987644934,0.11459253964221039,0.42674458925145009,0.7123218725762116,0.66701156937578487,0.48219414163845342,0.49116040620910428,0.94869694391805359,0.84404949921389683,0.97602114438126275,0.66411595328172113,0.51039324885037585,0.24042416013854895,0.88815602734187382,0.37318227290529959,0.94279154199753323,0.72010810130928704,0.05875904958786915,0.64346784425254222,0.5084423441395719,0.44253311646344007,0.57464473629370305,0.011608679192127824,0.97107075945480026,0.10417757716038711,0.25910176026284093
sample,V026,test,0,0,1,,,,,,,,,,,,,,,,,,,,,,,,,,,,,,,,,,,,,,,,,,,,,,,,,,,,,,,,,,,,,,,,,,,,,,,,,,,,,,,,,,,,,,,,,,,,,,,,,,,,,0.2958219825615751,0.55579570185540006,0.32831070216484748,0.97844843135668069,0.079569170427329805,0.11288091075477524,0.70852924832449837,0.91022094836888245,0.040469619782944388,0.065664224131603,0.73228429536250406,0.55738584341976749,0.18601280945856191,0.94077515956887081,0.31482828804352736,0.098458050994020385,0.60084560293872213,0.2266566112564673,0.84309304948019026,0.033365394079127086,0.36497893247176905,0.40166773636368769,0.95285441053307496,0.98785404495987128,0.86856926841216786,0.99795031709041615,0.11591914381049917,0.62162764492909128,0.074326516967344936,0.55069445838351405,0.24858038335956134,0.11610236950610364,0.14071214616388095,0.76616107964060198,0.018642019291624456,0.34755108873341811,0.8610891740396005,0.48954789421221079,0.94303543037501958,0.65990073528938475,0.95662149395636598,0.91352522727385999,0.51540145654845737,0.88714329372076917,0.70419098027649685,0.51827651936806152,0.19702616314899368,0.67689889535366743,0.82866620462159746,0.8890248714833574,0.24910787929841416,0.52090888095977728,0.34756937976270008,0.59534569041124996
sample,V027,test,1,0,1,,,,,,,,,,,,,,,,,,,,,,,,,,,,,,,,,,,,,,,,,,,,,,,,,,,,,,,,,,,,,,,,,,,,,,,,,,,,,,,,,,,,,,,,,,,,,,,,,,,,,0.44761718807947715,0.27764117784518016,0.98646333920124929,0.28095323398683714,0.98789502080680414,0.36496413553536633,0.5271758546487717,0.56750514210750824,0.22266738627608862,0.94542880325280454,0.096578895795320086,0.44446204399179179,0.34770969263366658,0.34296798449113208,0.66814151219896079,0.048878113375281917,0.38546221897455668,0.41052256426890499,0.054717963146544646,0.76627325570834826,0.1100784137692975,0.66968746547151825,0.2657589029663322,0.47335513248536321,0.88112077741848127,0.62323639745563342,0.27882402340830625,0.68974819737235382,0.3568529269627464,0.076284920394073419,0.50218525895366029,0.17877011464867487,0.73487627400398292,0.41074247807691688,0.68963367234448369,0.22765539418603964,0.58992723184119733,0.069307717154557524,0.48084161251542878,0.7705325630292934,0.3745743186449646,0.15211974848627341,0.66389513433586622,0.57371742385190383,0.45639698493946668,0.4778753536706708,0.99670378578704233,0.50209690441259003,0.13458675077636584,0.48672759874931992,0.67205001240809747,0.88922952096294927,0.87494600374391474,0.26247135917913489
sample,V028,test,1,0,1,,,,,,,,,,,,,,,,,,,,,,,,,,,,,,,,,,,,,,,,,,,,,,,,,,,,,,,,,,,,,,,,,,,,,,,,,,,,,,,,,,,,,,,,,,,,,,,,,,,,,0.85058546677183289,0.33198672920489525,0.95784337390723506,0.82856666671967605,0.55470047858643712,0.89254666858925746,0.81595445143765688,0.10491611201328943,0.33356888717207223,0.19903077567338689,0.16905084591137098,0.99748030317690639,0.053282276586586241,0.063711451791541363,0.32686922076615221,0.99722062185438443,0.75977508580424735,0.64694199122651619,0.74399929148553812,0.79216105431598338,0.56845796442098828,0.45640632080605725,0.61852133302320322,0.25793917763472429,0.12495207996073554,0.83422583180113274,0.070810145110168032,0.91245617521321798,0.15574687010183397,0.42672513216558217,0.44694497289209867,0.63300214557384293,0.038073732687219364,0.45549620419973547,0.6647887758173342,0.81825764586981775,0.3333897448140638,0.82908560246741114,0.81435766371876406,0.13276914171955567,0.968684253045625,0.80245280100202254,0.26318723156435553,0.87790207595487058,0.12315741521314727,0.13490410516060913,0.03181512261602093,0.9503639296651698,0.2840101463946223,0.3282491116147821,0.64730808311969035,0.29807312384997142,0.94230818308102215,0.43833162783503132
sample,V029,test,1,1,1,,,,,,,,,,,,,,,,,,,,,,,,,,,,,,,,,,,,,,,,,,,,,,,,,,,,,,,,,,,,,,,,,,,,,,,,,,,,,,,,,,,,,,,,,,,,,,,,,,,,,0.34278664509859358,0.4416233166118938,0.67806980410060236,0.26530479016976416,0.10462480956029818,0.98521747181082275,0.78924345681683195,0.76963718815673265,0.3891468598756529,0.99208118179723181,0.50522592367712849,0.76900991016440767,0.44945546139142978,0.88114296065277664,0.01673252653400803,0.18532439688146296,0.852615215317576,0.63293336197066463,0.43146669764072176,0.53238223683535768,0.90770060867155866,0.78411138711268213,0.32855571497570801,0.94093598726385264,0.57633886154769931,0.097254022548482699,0.27431601792220983,0.65577708377848354,0.80444143706453819,0.91697175881054227,0.80841563568890817,0.30597879426897312,0.49662846564037966,0.76773151777835347,0.73020516527300472,0.070672118121623773,0.86383939169182888,0.48515081352373368,0.37238148905974655,0.21953448256367902,0.46061389948037057,0.88524341434678755,0.080551591366929576,0.85518501613299236,0.23285977666514202,0.84283285784610695,0.36480976700527479,0.49656233813516815,0.55272678127553843,0.55509708019083215,0.928998905779443,0.40239741407444618,0.37068640620342874,0.74307857808992561
sample,V030,test,0,0,1,,,,,,,,,,,,,,,,,,,,,,,,,,,,,,,,,,,,,,,,,,,,,,,,,,,,,,,,,,,,,,,,,,,,,,,,,,,,,,,,,,,,,,,,,,,,,,,,,,,,,0.47605910347514024,0.1805220011351748,0.51726955366191629,0.0041730188536782675,0.48678661245903299,0.70278744819164907,0.17662547424697539,0.90254380353537778,0.030329312533084685,0.70977042188617667,0.57184538938937213,0.93236760624526838,0.24335340510190251,0.36058036079006339,0.39469807194442974,0.56395720058735799,0.82977747958173342,0.018713962982701449,0.54557372494463685,0.55571687405210268,0.23052089814186327,0.94054382203862397,0.85873015399433339,0.6632192771273534,0.37744568757407937,0.38579897184354184,0.54438693156655038,0.35275636161555979,0.85283584163982462,0.70464866706697726,0.049647585606652167,0.81792614212407422,0.64839465392401807,0.80993119596250118,0.089555124071582393,0.24329513075419629,0.67707179451186339,0.31222691894245425,0.9788098636199013,0.52163190978303497,0.44393929995015757,0.57692449014090474,0.87913493935631637,0.21734636524642759,0.76189677169273562,0.60069220174573057,0.75985267795088707,0.2174277030539935,0.63069577208428207,0.84527476652566935,0.23666418718731908,0.072693349505277061,0.23122689310139677,0.81380953287516655
sample,V031,test,0,0,1,,,,,,,,,,,,,,,,,,,,,,,,,,,,,,,,,,,,,,,,,,,,,,,,,,,,,,,,,,,,,,,,,,,,,,,,,,,,,,,,,,,,,,,,,,,,,,,,,,,,,0.284026765100999,0.87734867431662189,0.45899326144569574,0.58032670247103435,0.084952391876221167,0.5986256359736003,0.58422534165450024,0.53189678490343728,0.22257279698078369,0.68225749553161041,0.22194717029699296,0.17834460796124429,0.56442076813155884,0.56607817739526156,0.5100946085297452,0.065281079586863577,0.60466452446187413,0.66877595815530366,0.19663047145193413,0.037319215585343124,0.10642438901897355,0.61302067350071887,0.34911840452146425,0.115033111723572,0.77549450789693486,0.29329971956496514,0.74373054213773759,0.86136995823729579,0.60088518265589541,0.84308317769837537,0.12840615740098982,0.99378695053218935,0.18615760731275866,0.90299599813940579,0.66238202159949888,0.011371480711308446,0.52083808505865403,0.52179620591173526,0.10742125520351009,0.79107980581166104,0.64759550667127974,0.33891752297318656,0.21376247292676021,0.077670796450835855,0.8349233669791325,0.99008120313368086,0.15641939932694826,0.8269946167771034,0.30886144963541218,0.70384724627079109,0.67989053005574307,0.37510079250776462,0.77250344104565005,0.50622862767317378
sample,V032,test,0,0,1,,,,,,,,,,,,,,,,,,,,,,,,,,,,,,,,,,,,,,,,,,,,,,,,,,,,,,,,,,,,,,,,,,,,,,,,,,,,,,,,,,,,,,,,,,,,,,,,,,,,,0.27281320754474736,0.52112621244866353,0.0080887852537161464,0.4559010195759936,0.10951653602210254,0.94368670646464881,0.67538382615973802,0.069247082140140304,0.74857398801228103,0.97178676445366574,0.28470368216170028,0.45367042031543114,0.45088572584526099,0.29359429005300397,0.5861927235203207,0.42831698801455853,0.25125597253400767,0.74366594207658199,0.17454484063716602,0.80617449887204595,0.2196936891533644,0.55354232554756366,0.75307540448835686,0.13009696758894806,0.81414433248673346,0.62958120638492421,0.820567504012921,0.9347380903254634,0.054334071299188214,0.97345721552921483,0.51007629746633787,0.25263593167807463,0.95049572000218985,0.26093820738643558,0.92281723745564381,0.25942063013222538,0.93176300239781662,0.016624631211508367,0.37919063148798271,0.20797089982603478,0.68495649495304578,0.66009507498504305,0.66817439372298437,0.79533498674703018,0.15466624071868562,0.2560367026809226,0.6403734268774236,0.9634929732310894,0.63673140567924658,0.17640667775562757,0.85860810911294483,0.17324544824518828,0.1469514141848679,0.38168112697149292
sample,V033,test,1,1,1,,,,,,,,,,,,,,,,,,,,,,,,,,,,,,,,,,,,,,,,,,,,,,,,,,,,,,,,,,,,,,,,,,,,,,,,,,,,,,,,,,,,,,,,,,,,,,,,,,,,,0.53816857050381894,0.68365432807248794,0.65965845399123768,0.60204766832836309,0.060606730239816553,0.36995748247023008,0.85058512937802444,0.74412193300778906,0.83859821111056321,0.62796293139144588,0.010744382331856484,0.26221689499605427,0.9755899654824769,0.54198158844877742,0.86259571359915421,0.45658175446569982,0.24691744305567342,0.49970263798793446,0.91798765771388313,0.5708353660913873,0.64588902415473204,0.4813913067679213,0.41932089268576478,0.75217439028635213,0.35584670241906025,0.79204970662065144,0.95221427877356046,0.41610464584817264,0.98828613403342369,0.71610350897919917,0.32310959968261244,0.38454521412169063,0.47175447351247246,0.015867711139319951,0.071524470820939934,0.23453912691026524,0.61161955575990945,0.69263330630783548,0.53966053604636621,0.39364019587111732,0.27252229289817298,0.080882323561179525,0.6104220078106084,0.70276082375296656,0.60251543810209673,0.90102589484544249,0.94866323670520314,0.39974195408332358,0.20883993825063407,0.52851996590834482,0.065258574471379949,0.57025547509014785,0.37337605319646283,0.51933631341375408
sample,V034,test,0,0,1,,,,,,,,,,,,,,,,,,,,,,,,,,,,,,,,,,,,,,,,,,,,,,,,,,,,,,,,,,,,,,,,,,,,,,,,,,,,,,,,,,,,,,,,,,,,,,,,,,,,,0.45943649979528367,0.050553367676332228,0.19398138986443103,0.43390013715433806,0.21810249899149026,0.65859721113779912,0.59225831522766159,0.93344011846965003,0.90629182616333903,0.96109026560888866,0.81513362210419338,0.21990436794319501,0.038940026872561373,0.89166693014503706,0.46797042371104458,0.60791570444549414,0.28041734890299619,0.33789950537444435,0.83320125135602652,0.86479131086553351,0.69914582618162435,0.59076153358690464,0.85671726809459781,0.1321019289743427,0.023153110073435457,0.44015594172900407,0.34908058768626393,0.33926836373051916,0.776789176844913,0.5550252241284378,0.1840541572169172,0.7112128604715654,0.23170869443687037,0.56212682212629139,0.37702570573422101,0.41516029310416502,0.39866081233447825,0.64039307891863884,0.95480836517841849,0.47310567136489357,0.6220233324215898,0.50869998852676945,0.69111626974790186,0.44353473388203835,0.94158676722505175,0.70529592442215339,0.43687327030623724,0.40453555083150305,0.73933402252821789,0.76047217931881161,0.79729147084154894,0.96760818289006956,0.38734644339009117,0.41140146307094128
sample,V035,test,1,0,0,,,,,,,,,,,,,,,,,,,,,,,,,,,,,,,,,,,,,,,,,,,,,,,,,,,,,,,,,,,,,,,,,,,,,,,,,,,,,,,,,,,,,,,,,,,,,,,,,,,,,0.7231362826777239,0.76773291106905317,0.027153195042989853,0.20277283273054614,0.31723729890069496,0.35580638166757539,0.42220365992595577,0.49302857446905335,0.96611560650968331,0.36202918322265865,0.85052651368684939,0.9660252674658677,0.88402618745343464,0.3103716664395022,0.04734987630892673,0.19193436346924841,0.99761314848653515,0.573640500551585,0.86078734850931782,0.28728354329025829,0.75001204900301743,0.7087327345572233,0.10273640457844968,0.70262918917366246,0.78238429605608895,0.98140271445132354,0.62681441129001081,0.63435481041614894,0.38569858846627092,0.58183110964766638,0.54611598319704946,0.40919166723235079,0.20936897662052512,0.88650992837815223,0.038512900715744758,0.9093310519622515,0.13613937045748137,0.30205090546379565,0.55757969803604968,0.72603036497959628,0.25012920974016073,0.84448306848076382,0.13317504110302558,0.51855743110323005,0.76918973402353041,0.71578470894045199,0.022810939262023933,0.8752547724578652,0.63636632472539945,0.27775324254235767,0.95774032309185064,0.43177402486278516,0.86212897892961005,0.38876187811011609
sample,V036,test,1,1,0,,,,,,,,,,,,,,,,,,,,,,,,,,,,,,,,,,,,,,,,,,,,,,,,,,,,,,,,,,,,,,,,,,,,,,,,,,,,,,,,,,,,,,,,,,,,,,,,,,,,,0.07773418040551483,0.94426637549359305,0.38747093364890028,0.45883159640551185,0.29214862802708796,0.27804574982531027,0.74456444199246308,0.70006689207927475,0.22192365258132118,0.47856481381983229,0.1954139806413121,0.13907555092539903,0.52389532870972522,0.28377058308789849,0.66161169383582319,0.93173649371981782,0.81401209097938942,0.15825849147955351,0.3197122619375169,0.72663377028780807,0.59002734153787373,0.98336487521450555,0.50794986297936029,0.2434943841924293,0.78604724549136407,0.21864273466447182,0.54970784752411928,0.45331273871723077,0.14961379720181289,0.97163297936538406,0.31178752288198419,0.15638882709393809,0.57484286992892497,0.78934530645317857,0.54419833943521612,0.043169912844282399,0.95726127147198148,0.28954132275248801,0.49742447157364145,0.10728341448698653,0.80031534274211125,0.72091499588569963,0.083540439795348864,0.65902028805659663,0.57200006932748293,0.6455793420784578,0.53774763092717714,0.71368914186818322,0.026695824775387123,0.29497495271644036,0.74365258450935601,0.54965644021255788,0.81067998528773888,0.24802232469136964
sample,V037,test,0,0,1,,,,,,,,,,,,,,,,,,,,,,,,,,,,,,,,,,,,,,,,,,,,,,,,,,,,,,,,,,,,,,,,,,,,,,,,,,,,,,,,,,,,,,,,,,,,,,,,,,,,,0.39098771434920909,0.57286892442138726,0.039316392004470124,0.80078511045407552,0.98821346174168567,0.95934824801224339,0.88042817229440296,0.43287692382036003,0.75130326052419794,0.40762150894652538,0.34463734688546899,0.75134703510965217,0.11316233771026407,0.92630087229032287,0.37611350735818483,0.64800659506910896,0.60126697092925363,0.31269779299557976,0.54759110708512737,0.27777351305743803,0.85531022660330469,0.1541119494525498,0.74997351236842957,0.37157905283091952,0.85143205886248796,0.44408065708849986,0.62887131306723909,0.36120799463883746,0.66228424105899675,0.86673777695695919,0.84751401832244699,0.61097547484566483,0.14283549758394298,0.16485076252029696,0.30894207280417485,0.20356481158061912,0.75251044991789495,0.45479837045878235,0.74762229294205251,0.52709843168129833,0.84623552109579914,0.44629509023559666,0.68862703917256995,0.44170825323270091,0.32048913642543375,0.039541474222376638,0.67221795177034538,0.021566123726701858,0.8034215505398945,0.14642428046340772,0.20831928485450291,0.69775248306273963,0.94348616815161446,0.96337357903110998
sample,V038,test,1,0,1,,,,,,,,,,,,,,,,,,,,,,,,,,,,,,,,,,,,,,,,,,,,,,,,,,,,,,,,,,,,,,,,,,,,,,,,,,,,,,,,,,,,,,,,,,,,,,,,,,,,,0.45504971761381785,0.39768107266351682,0.63691379632505263,0.23248229022773381,0.30090911915417073,0.16925692411354598,0.85788302736352284,0.34857116525624876,0.20307733254089566,0.53457434007298354,0.46023967995265302,0.58934913991250726,0.2495126196012275,0.76756061951940691,0.66375340396290217,0.29877119001636288,0.73802057475402461,0.13669740754105975,0.87925083881098531,0.049692285420778082,0.96212350728739182,0.99468630067288277,0.65582831508646144,0.95773388813979787,0.51219301243298698,0.39186598186486599,0.07504915909355292,0.72158920195242293,0.59653533161053052,0.96758232580146286,0.71189443298470434,0.82959526616937596,0.22070678706816427,0.98998469930535304,0.58428354629625256,0.65382911317544901,0.35970428826114942,0.78974977133880364,0.11403651128933978,0.64546067805625162,0.84120759512050369,0.2485199835047448,0.56675934958216367,0.85025622253073829,0.75525730760584031,0.63757809935259169,0.68006704898702997,0.1015168620955218,0.63067676498251302,0.797703612722373,0.068677286946931537,0.52608875294005497,0.025114540531232077,0.78009024421818052
sample,V039,test,0,0,0,,,,,,,,,,,,,,,,,,,,,,,,,,,,,,,,,,,,,,,,,,,,,,,,,,,,,,,,,,,,,,,,,,,,,,,,,,,,,,,,,,,,,,,,,,,,,,,,,,,,,0.63380432494853522,0.59989978944930511,0.057272908564027891,0.48526086923941469,0.83902837005861353,0.0068061943154862359,0.99184243520010329,0.017567345856839278,0.23561518312101648,0.6066724387215372,0.17973980940422984,0.20186327490499556,0.62140848146309191,0.06749802272390959,0.35436269962354172,0.90173350705515321,0.78531366889080212,0.6522407179338533,0.27695257290268582,0.20220378985556309,0.74452214975560493,0.76410997194675989,0.47351572693965371,0.89695895669688785,0.450073551156011,0.69908134164161295,0.75915925436898224,0.19317102026418942,0.9985622184214884,0.92525015902640373,0.1129218891493724,0.48057914601519924,0.87287400199300935,0.2122237765141376,0.36847101872628163,0.14724696342062826,0.73315947903282286,0.071743004835959634,0.8244959000815093,0.44390269884656386,0.37057111189727343,0.97478463904867652,0.42836115029573574,0.31120434804270392,0.48339485950778083,0.65147720071881687,0.93141204337177519,0.77736686310729175,0.52051944644760373,0.35837084553410525,0.018808298496993392,0.79490726015056234,0.58464557382832194,0.30137467147571151
sample,V040,test,0,1,0,,,,,,,,,,,,,,,,,,,,,,,,,,,,,,,,,,,,,,,,,,,,,,,,,,,,,,,,,,,,,,,,,,,,,,,,,,,,,,,,,,,,,,,,,,,,,,,,,,,,,0.58610331573280328,0.32583727391757522,0.31102308932615941,0.28081323636756039,0.64559237804400371,0.96025110070177533,0.51910220317910483,0.29045948637754437,0.80690428026957395,0.025728647736921295,0.33659348207833528,0.39553410854056337,0.98646305101003351,0.57314848795208917,0.33169054221495375,0.92416481147060259,0.85737270784702413,0.60337472451755636,0.80703922844852383,0.12923387276759291,0.8960579668000106,0.25510374577831652,0.092311187141715378,0.055845221464977168,0.70105075518262006,0.70489668959430285,0.98154437402710037,0.67208503939989017,0.90547502110352052,0.28614844555370045,0.89210707907636422,0.59178399802357451,0.88624314103007218,0.69159524124880178,0.53866618870686123,0.8820358315385407,0.44808347140694749,0.47322859056370259,0.99966001204497978,0.034493169474309471,0.61699702720861349,0.64489409454078173,0.42116366017583884,0.43630981339420416,0.88946693484231165,0.1816269065956635,0.15586547857218758,0.66805573927047368,0.38677411922818217,0.36982617858616473,0.19408988243942171,0.58495184507293074,0.61602334154563254,0.77162078816159008
sample,V041,test,0,0,0,,,,,,,,,,,,,,,,,,,,,,,,,,,,,,,,,,,,,,,,,,,,,,,,,,,,,,,,,,,,,,,,,,,,,,,,,,,,,,,,,,,,,,,,,,,,,,,,,,,,,0.62504885565673562,0.84985988333376383,0.056283729873569888,0.89549084707209814,0.30398561858065076,0.28921659937638422,0.73068913391224544,0.59295840347591411,0.88234743413844774,0.97344641284507416,0.20755784639020103,0.28583828279835999,0.28581381812895479,0.73862637230658867,0.41986829070639287,0.8300239120594648,0.067519291383581925,0.28596122712620242,0.94259917566979334,0.78404641673209419,0.35878891418472014,0.83609821922791416,0.049077808652521648,0.53035303120955557,0.72414629187484403,0.71086817146225678,0.58237755627475074,0.57274134843498625,0.52869822354672547,0.17221597455431947,0.078149587143867882,0.77700383079534086,0.38856475789395706,0.8629386301876063,0.25769371863595636,0.65127515450167428,0.20546757082329281,0.48062352780802875,0.0066915228191416487,0.54397800741602786,0.78605149432984645,0.68475208451527891,0.18796757477480064,0.19296099339591244,0.98619148481805485,0.5137579646242777,0.73981029787151908,0.21063346534770755,0.73859797837637609,0.95812834211252373,0.58048942940151982,0.88752029658764342,0.63020265289454092,0.62678281323815555
sample,V042,test,1,0,1,,,,,,,,,,,,,,,,,,,,,,,,,,,,,,,,,,,,,,,,,,,,,,,,,,,,,,,,,,,,,,,,,,,,,,,,,,,,,,,,,,,,,,,,,,,,,,,,,,,,,0.25756019717444978,0.92235592256840482,0.26953316405144911,0.91149491038195751,0.032787193019113703,0.64007812627480365,0.44234377265184166,0.095187226024706195,0.07898970234288849,0.050124481946995592,0.31469652797645786,0.66400116832391309,0.84036781955087692,0.20842963476498777,0.14286450660212191,0.59409817889695649,0.65349198328305158,0.14203843256725779,0.31880472499323953,0.71666324354836786,0.19453101211259927,0.76889102353143768,0.79473959597596344,0.53212322135383394,0.47805041351744859,0.12552065978679539,0.42665107189220908,0.30807416876144367,0.80428697670888627,0.079468748582462667,0.58682158696732989,0.81714286592866348,0.98446293924700479,0.071931954223370509,0.84423378393151483,0.37267078298851763,0.28339026876703921,0.81270926879319805,0.70683371782739224,0.76691045761212395,0.21599791037447902,0.52668043900843897,0.06054190815544136,0.40612425532215857,0.71937444246964821,0.17405896479876404,0.26693899525131237,0.93991320184350446,0.35651499932618813,0.71388172073171896,0.85654256543579432,0.9516144589498774,0.26229801908332717,0.9602318291955747
sample,V043,test,0,0,1,,,,,,,,,,,,,,,,,,,,,,,,,,,,,,,,,,,,,,,,,,,,,,,,,,,,,,,,,,,,,,,,,,,,,,,,,,,,,,,,,,,,,,,,,,,,,,,,,,,,,0.9894603449376943,0.98662592088838286,0.96886283508058135,0.91973852217398377,0.65537507836385744,0.93002068357577172,0.33640021116028118,0.82678965368070223,0.51947685396894916,0.4393251438288972,0.3127481020856413,0.40441684848693948,0.47305568054641844,0.63718627098069724,0.73075086808143042,0.75421376694472375,0.29311932649723171,0.20521686765515201,0.54883188481197398,0.61164609122809044,0.81456514800156721,0.8744218025311391,0.77751644491910399,0.69743852447557653,0.88557025209538198,0.28441265620417211,0.39366984465267385,0.43828972200493266,0.24416829082083669,0.53099638798625692,0.68455058296609561,0.37552176059695896,0.31505913003709674,0.23560137782305912,0.21782520496165148,0.36899496082076511,0.94521177306529081,0.10879994310970309,0.41113156844157028,0.86915687504737016,0.48535908390598304,0.042822531589908897,0.86633578889100604,0.69553919777226725,0.10577192808469438,0.47362910725980012,0.91741145267231838,0.89394975544729727,0.58677444229185283,0.43598053786607238,0.58500030332208286,0.33078954352803513,0.20660905961815046,0.5832639081076002
sample,V044,test,0,1,0,,,,,,,,,,,,,,,,,,,,,,,,,,,,,,,,,,,,,,,,,,,,,,,,,,,,,,,,,,,,,,,,,,,,,,,,,,,,,,,,,,,,,,,,,,,,,,,,,,,,,0.37481781999747066,0.92133783660674917,0.19084140842993935,0.79678609075743789,0.85953678352191698,0.85382558087706251,0.70132787521804296,0.06267102707545702,0.28696565986742995,0.28669165247951323,0.60505465825560112,0.69236150947656538,0.16650280765008807,0.55633523050776856,0.11790115100851717,0.55385220556960113,0.46201894959696466,0.47511315393066134,0.57911153194779819,0.87870939720866248,0.11639104226296138,0.1679884858663897,0.19755038647570611,0.7884659025753239,0.30515326914170948,0.50736921028458659,0.32747065692642274,0.38750088342540789,0.92823663001781886,0.31039259575188838,0.8481162198634371,0.54644122174287901,0.10776157457116775,0.46391310394002172,0.061206388963153446,0.5237641565785095,0.53086704976960875,0.83817994488617242,0.38145322418215299,0.6270504229102889,0.16616418752733264,0.6182361326513921,0.067849264046712432,0.65915685428407733,0.59544115272757625,0.23568096798378857,0.8787257497460097,0.041939953296914356,0.68187524292060164,0.50206788357728904,0.1482406803992955,0.0077873632917860869,0.83495656874210689,0.43588382824378247
sample,V045,test,0,0,0,,,,,,,,,,,,,,,,,,,,,,,,,,,,,,,,,,,,,,,,,,,,,,,,,,,,,,,,,,,,,,,,,,,,,,,,,,,,,,,,,,,,,,,,,,,,,,,,,,,,,0.57786474011468048,0.51424415352018371,0.75128273345650276,0.43990871248368946,0.458693894814172,0.94493214564903583,0.44453435249576312,0.82855318858109261,0.2102650864533615,0.2861268441254089,0.92889209474583301,0.064564897350468109,0.4067588750397152,0.31784948777507127,0.57297246161864379,0.62521976002654356,0.23654435301574717,0.054285561782569158,0.16850969228653634,0.94143796499848342,0.77732349614524965,0.43711074064467126,0.92215106887689235,0.76000372734724075,0.042894999549890733,0.34667215023547671,0.48168346296400644,0.56347897114908019,0.86897484128997782,0.5642713974694914,0.91055736148241462,0.059680031001230538,0.84367059952110479,0.0077198559841210601,0.16186093421269621,0.70936903416999841,0.76473685899160093,0.14854268914504176,0.89518612999801539,0.24707941388625154,0.8300019078873172,0.66013791715875181,0.18071915738520905,0.98575859661554133,0.83619012681063354,0.065191536973671194,0.012664727811104393,0.86432794503227439,0.034348546389395107,0.4640357030344503,0.65724070483267738,0.0021688316381645034,0.58502576514822624,0.4589063235616041
sample,V046,test,1,0,0,,,,,,,,,,,,,,,,,,,,,,,,,,,,,,,,,,,,,,,,,,,,,,,,,,,,,,,,,,,,,,,,,,,,,,,,,,,,,,,,,,,,,,,,,,,,,,,,,,,,,0.091070443970577508,0.88086106631709804,0.026018041044029161,0.61686032961352233,0.19548456913405499,0.052879330339455577,0.37066057864086199,0.68872018943368762,0.64103917383672071,0.74253570879840081,0.8273455651405599,0.34386631899979037,0.073075985082185824,0.39548026642580669,0.81722535266229235,0.78053191856213056,0.19316566743579089,0.74000068977118616,0.16407304318425375,0.17038785200982609,0.14384315651598578,0.16360195739378247,0.44572775558422484,0.39879346351087341,0.1511483237080623,0.69221490593386281,0.37837580535535731,0.64585891565571008,0.93092202109496491,0.87044601604070027,0.18831341458440587,0.16153669609104626,0.91595774956864184,0.44012789328495794,0.27455953762349627,0.14209363534267294,0.036633744656549005,0.96887499747638406,0.19447067871085022,0.47615278716526288,0.057999864534449386,0.86751646823810979,0.9943120499294934,0.40082433676637608,0.9312245214230338,0.20194086228695574,0.015922575999086863,0.85158718690158675,0.95119304485527356,0.4383470665121052,0.99693053773394558,0.20140915510964852,0.33110049203026903,0.5781751033434559
sample,V047,test,0,1,1,,,,,,,,,,,,,,,,,,,,,,,,,,,,,,,,,,,,,,,,,,,,,,,,,,,,,,,,,,,,,,,,,,,,,,,,,,,,,,,,,,,,,,,,,,,,,,,,,,,,,0.48623371125476267,0.38386840281241696,0.13932247809224407,0.064972557820676013,0.041693829057162679,0.43381223108573486,0.53535570579433356,0.86129474647675719,0.06000005952396481,0.358327279595828,0.57390877461140288,0.64651896744031834,0.50448727240564706,0.29407063991607296,0.89298184048103557,0.82918375405004341,0.80308565413543065,0.22898430309489204,0.97948008990166113,0.94968104784333573,0.87621829508790705,0.058683981629021886,0.089766362459790194,0.3707137642915701,0.025771533767946164,0.70151833134382957,0.026443477963029483,0.89543394157557066,0.14338236226612311,0.9239654481841203,0.63064982227609268,0.85516512359071917,0.99428934248213507,0.53352438195803564,0.010822283796212973,0.42951860271922671,0.061464422334610802,0.65727706438153966,0.40402362185260821,0.011420086417297859,0.15377821220949317,0.99265123164414137,0.27412704878480454,0.18654516427129775,0.20782549145069673,0.51035313528812454,0.13368354972932939,0.032735849653899529,0.79654789895820011,0.31948736212415452,0.46920882601966796,0.7413385810112062,0.85160389256895186,0.20142870924548417
sample,V048,test,0,1,1,,,,,,,,,,,,,,,,,,,,,,,,,,,,,,,,,,,,,,,,,,,,,,,,,,,,,,,,,,,,,,,,,,,,,,,,,,,,,,,,,,,,,,,,,,,,,,,,,,,,,0.077577240671520498,0.27170559841883635,0.96557808660011779,0.27043316663491401,0.49120258385544713,0.081473841860230767,0.69412238202617615,0.74357559307162946,0.18013203406507938,0.4449111627685689,0.19755468184337066,0.89051728712650158,0.11019738579019045,0.98415508943716434,0.082529823997038676,0.79699856878452224,0.40515922253508596,0.64068669136296086,0.87540396243251217,0.79084851230692865,0.15947538598227062,0.25871290966396077,0.85335345260667506,0.52101503014968253,0.1016435578083833,0.37250583042921959,0.73209928194573759,0.69586726102331542,0.76574621800352694,0.52284386994611487,0.91706692949325752,0.024352389344101333,0.74924829238124202,0.27022250096185518,0.55521866097575412,0.67403476339048674,0.27292815200100018,0.75974853793101182,0.86181286943180901,0.82613975409648432,0.85301670315996692,0.74110662990126175,0.51528237630514573,0.14928384114468596,0.33191527482202721,0.47271515876302173,0.59728025439032595,0.35544101012704565,0.34525457822149108,0.78940420330918692,0.97758621184954531,0.61960319641369999,0.77628723813415168,0.99925181556456211
sample,V049,test,0,0,0,,,,,,,,,,,,,,,,,,,,,,,,,,,,,,,,,,,,,,,,,,,,,,,,,,,,,,,,,,,,,,,,,,,,,,,,,,,,,,,,,,,,,,,,,,,,,,,,,,,,,0.68325964331614053,0.25978494477187764,0.030792281490248707,0.72458104648900068,0.038925114291277763,0.41947825267244709,0.46213214300576511,0.47592053751562657,0.61699372860812451,0.96087346515762917,0.91066362781694143,0.52885066724629093,0.92201588914674948,0.83999713171336721,0.49571209860891785,0.22306473864229259,0.73996389639271554,0.45251380691592002,0.070477608391310675,0.6631265328294409,0.84502011750376493,0.57582634646461217,0.65796193161875294,0.53431272665673935,0.27301976551442242,0.61383873696211122,0.72385066026040823,0.38184179001422847,0.15491283767257114,0.40055679923029419,0.9442526136639765,0.45188489344637917,0.060445194900546895,0.74550417795387536,0.17437244001794805,0.55903687363044774,0.12480537943180237,0.4547786932184249,0.79720458158742746,0.74859201828126654,0.77076166799817125,0.32470690847718575,0.9184745125834981,0.54135835550712486,0.23352626073692406,0.16093164004676552,0.73721106076512866,0.098367194515459722,0.69799348159060004,0.271304663776195,0.91595887184865787,0.21541834922987668,0.27042982367118362,0.40733480909998387
sample,V050,test,0,0,0,,,,,,,,,,,,,,,,,,,,,,,,,,,,,,,,,,,,,,,,,,,,,,,,,,,,,,,,,,,,,,,,,,,,,,,,,,,,,,,,,,,,,,,,,,,,,,,,,,,,,0.49915875812204702,0.88159717655294279,0.16638043796839086,0.72140821890960116,0.21732955032672729,0.61074237316002922,0.44749129569919743,0.76369431515197062,0.74137348681688808,0.42909957510249286,0.30066589167040392,0.96021531461747678,0.13107197408365634,0.13304962549511334,0.65099621715771594,0.57292446912390804,0.86457886736458023,0.6005925711137563,0.21545029957911654,0.27860170090164504,0.96279959641287116,0.960281884020867,0.74668365320145424,0.18801653924086004,0.029567260222997271,0.81015953543798092,0.29702613918040544,0.81963107066811136,0.23224495684584257,0.63833783355077112,0.39178507291500586,0.78714862566604371,0.37853805690272058,0.17846332729149428,0.027668055850529005,0.84856179065959902,0.88013733630574253,0.99206640518264289,0.50682014956086219,0.24511754027314914,0.30195566281242647,0.73976639189760174,0.61174283513222494,0.95862728515985263,0.7843332259519995,0.89558621748372957,0.00093295995392428388,0.80236702792660386,0.85149060094481466,0.23836180978414923,0.51344113301473993,0.94325539555363014,0.88219551850191402,0.76141167967008527
sample,V051,test,0,0,0,,,,,,,,,,,,,,,,,,,,,,,,,,,,,,,,,,,,,,,,,,,,,,,,,,,,,,,,,,,,,,,,,,,,,,,,,,,,,,,,,,,,,,,,,,,,,,,,,,,,,0.97938028681922662,0.58149153812143906,0.59758230858271422,0.88581254903986406,0.96257092907646147,0.70712929926949175,0.15550017357117241,0.052173849351581869,0.66122639114278792,0.69742466415505155,0.31010833774259361,0.753389424986038,0.17909313276486771,0.39273398475440291,0.47177799872942094,0.57655948002667778,0.24599623637284895,0.54280140051483372,0.82824731369168136,0.27433871186596459,0.20554771498262681,0.0451245157120439,0.24449173013801506,0.13868793324166662,0.92481999310070662,0.58929136240450264,0.58658845699272355,0.65486600872390011,0.41783622002823717,0.29579772966328954,0.76210789350651875,0.00057964687874445531,0.35568967067959745,0.64563972514207213,0.41400925136724787,0.86059423522626799,0.54351071782569049,0.28979742687628118,0.62120418004580691,0.27092452854123827,0.16112373596049756,0.82482869694232863,0.44871290735712299,0.81113845632256221,0.88897381629313987,0.53596443519463888,0.38495800924131574,0.65189887928813217,0.93809229298630425,0.40223329416615972,0.46648655389009508,0.42889709291991929,0.71243801691138997,0.54007900417146903
sample,V052,test,0,0,0,,,,,,,,,,,,,,,,,,,,,,,,,,,,,,,,,,,,,,,,,,,,,,,,,,,,,,,,,,,,,,,,,,,,,,,,,,,,,,,,,,,,,,,,,,,,,,,,,,,,,0.90094416720422621,0.034603416697605915,0.70539792978987048,0.60730555721357138,0.33835148703663664,0.74363388741726277,0.60445589256724996,0.46183753097720714,0.73619965133327514,0.41023685747342564,0.064994932770618741,0.08545659565735364,0.45587174123036744,0.25556067176738828,0.11440600190945627,0.4935425858472845,0.026943505403197121,0.37620792513671797,0.1350806034577815,0.64301788283685646,0.043466997990458278,0.51284292739212589,0.7337615506333518,0.58250678348809171,0.96118158372849649,0.51591862711216774,0.60352510479204735,0.64235469018552072,0.80106931929050851,0.80654106517436097,0.71952118987585922,0.81695825059556004,0.55065943596596123,0.59563237494478005,0.045875858012337289,0.089562382109175553,0.30701601017449343,0.88095804947319167,0.70114882514541377,0.38028924666006958,0.94138158873366784,0.61584046688413208,0.95568723499969943,0.90811003491327846,0.67174898371549652,0.31430483388022357,0.97190396922591116,0.96647471248031569,0.88910188755753694,0.76323636748985013,0.43361511267486652,0.66049302262416187,0.54822504803241756,0.51100156904521887
sample,V053,test,1,1,0,,,,,,,,,,,,,,,,,,,,,,,,,,,,,,,,,,,,,,,,,,,,,,,,,,,,,,,,,,,,,,,,,,,,,,,,,,,,,,,,,,,,,,,,,,,,,,,,,,,,,0.07578859512311642,0.70312330398066258,0.33625120769145056,0.98061336616469752,0.54125668213872846,0.56070743165260872,0.26927822520218436,0.23824738400555723,0.96800528083036053,0.26169574790133332,0.33352191837791245,0.42555678725908364,0.63766845976146846,0.68395639142163045,0.78452247362959826,0.20807404884959946,0.6013828852739721,0.76949051551436187,0.17246256949083394,0.35902394112832425,0.77417695613068749,0.91439246913325234,0.65625535759127629,0.73479593453042868,0.73948236040635595,0.73119619932958557,0.86585282529996277,0.43303869152013685,0.071931394018819206,0.18732497550356519,0.76474059476392642,0.15155413540904961,0.13112659113075398,0.20663387262066868,0.76976232649177034,0.29593460148204143,0.96938514080000604,0.81291408908818019,0.70075967657028915,0.040328002423955955,0.20067740850580229,0.010660240860790426,0.62937020456184345,0.75968566263870096,0.35522987685463314,0.4373390572296989,0.97042300780138191,0.89800402006468261,0.20783816040133862,0.74516632569224972,0.17355840256641897,0.78776443398779783,0.46483526440494694,0.56700692081359838
sample,V054,test,0,0,0,,,,,,,,,,,,,,,,,,,,,,,,,,,,,,,,,,,,,,,,,,,,,,,,,,,,,,,,,,,,,,,,,,,,,,,,,,,,,,,,,,,,,,,,,,,,,,,,,,,,,0.58970194265303422,0.88825339665762437,0.25213163555077001,0.32042082937593619,0.3628205773503097,0.055105597471082568,0.91125505848374344,0.6060548533873078,0.061003648895716633,0.46279527980596924,0.69033353920673313,0.52042272175361914,0.15886040715711403,0.16803297926270389,0.82226504264395461,0.72129702968808662,0.47697963158664747,0.60494380494251521,0.42439106083922529,0.2751114118277318,0.91571154419973344,0.92896403379467574,0.30159893243527924,0.79913299770115886,0.84634526060652349,0.19779228763138168,0.99383475382601416,0.86458845339857004,0.80109475446079959,0.55230211639260929,0.54630231752204805,0.22552006451521178,0.24591473706147127,0.82536034696589722,0.023898808496893076,0.09963496337991351,0.19269784676716439,0.94722519330240318,0.13251685668093627,0.80300278636725653,0.32008897257013058,0.78469659298488958,0.76476920960553996,0.32848783041460627,0.43228215196816677,0.074485440496954158,0.5891266870053683,0.80280951494370278,0.62843675981601466,0.041549832482222437,0.98313132851201512,0.45681959898715552,0.49841640143082755,0.74812738233557963
sample,V055,test,1,1,0,,,,,,,,,,,,,,,,,,,,,,,,,,,,,,,,,,,,,,,,,,,,,,,,,,,,,,,,,,,,,,,,,,,,,,,,,,,,,,,,,,,,,,,,,,,,,,,,,,,,,0.59007727942193156,0.40814218826772519,0.24322705147548906,0.20219227087286595,0.97607731328861125,0.45498448127075486,0.86362339100379637,0.90017381525766316,0.18434300649518487,0.10540205875434949,0.24008623982925303,0.88700800812761593,0.62986349909845174,0.2509334158920673,0.92186371466262274,0.5824859639834522,0.95273131717330761,0.58497934314189604,0.53721277824043001,0.18378798878410108,0.099642232101534667,0.27638310827106283,0.010462094208637973,0.76631193904491957,0.17735627476980476,0.52040831110225938,0.9441763482066714,0.4519862507573279,0.19788471555399578,0.15337671508058137,0.15340335654282411,0.29327246174565813,0.81021791891579653,0.57530296475440912,0.66440089512994593,0.71154586703217548,0.97187900296162777,0.17372812930922665,0.56309461859147836,0.99847579633362171,0.11495013847081303,0.7656473036047915,0.48524876665295325,0.017345780661888299,0.31406904842020755,0.96223595046463639,0.092491732025362094,0.33726945591583157,0.36155931758054094,0.59921386372184871,0.8257848213418566,0.035687667389756816,0.84759905611496578,0.41967358578848457
sample,V056,test,0,1,1,,,,,,,,,,,,,,,,,,,,,,,,,,,,,,,,,,,,,,,,,,,,,,,,,,,,,,,,,,,,,,,,,,,,,,,,,,,,,,,,,,,,,,,,,,,,,,,,,,,,,0.95682435622595607,0.46938222789834028,0.64158465824314548,0.70016235224042167,0.16454347018057525,0.32916240476720149,0.49563584534257943,0.51773522016901619,0.6687824200511332,0.16874237834770145,0.30817335084398856,0.010838349766497335,0.25751423778253846,0.99148332973844022,0.15266214067199213,0.040284933459029615,0.051560987779227685,0.47199648474424094,0.44532535899767578,0.039890631619553307,0.498941727607074,0.79066761167704125,0.89468350568668542,0.21395133805292499,0.69092008293498419,0.74063572219186169,0.74550847650829299,0.21209327389035904,0.23002879777367868,0.14241583067899577,0.72217939134542763,0.13851460054556031,0.42839669446390283,0.15218076641098321,0.63480348066615311,0.87163028730919245,0.22962356418676932,0.75595718257487265,0.65270938554137459,0.24769207668500026,0.45521685796807898,0.62213186520716857,0.86513923923143299,0.86016203154591275,0.65518701266866552,0.11434999821260361,0.14621266953649459,0.69215605727786655,0.2596833186138785,0.20404021889083668,0.95524713558218688,0.89372966885694805,0.073122420368834318,0.44970837945154052
sample,V057,test,1,0,1,,,,,,,,,,,,,,,,,,,,,,,,,,,,,,,,,,,,,,,,,,,,,,,,,,,,,,,,,,,,,,,,,,,,,,,,,,,,,,,,,,,,,,,,,,,,,,,,,,,,,0.98081311426691753,0.71994039694581669,0.51303007328173877,0.91609027242818097,0.42902423985206173,0.72254861574209184,0.38626132516131928,0.79553834059846618,0.22734925665554173,0.11093502104529718,0.064087387744181656,0.038372849742049464,0.1310832004977861,0.89608925350948143,0.28085177291570462,0.29272313372622771,0.45318677993745182,0.33379931382881356,0.50577667892993727,0.45180374985231175,0.81383155012922881,0.34848031171310867,0.12290417356461358,0.95386397869869777,0.65030069146219049,0.80729332945611787,0.1580406736391905,0.96599489102206215,0.87993570621492023,0.55390009522759365,0.072856827761713316,0.03912746747060325,0.24157341043819958,0.003599253344907738,0.76439368726945889,0.46284332056499566,0.13249073609334561,0.31145680804680509,0.16133723736563932,0.96206370168813438,0.18389757554671293,0.22794700776607613,0.95944586793069564,0.76298176802145223,0.76920975740131836,0.38844859254192399,0.75550953547333677,0.011834460863385576,0.037490362911498765,0.35994565385381083,0.77440250536207422,0.6982496651639396,0.24363630474004883,0.20086527478081462
sample,V058,test,0,0,0,,,,,,,,,,,,,,,,,,,,,,,,,,,,,,,,,,,,,,,,,,,,,,,,,,,,,,,,,,,,,,,,,,,,,,,,,,,,,,,,,,,,,,,,,,,,,,,,,,,,,0.3141376034670893,0.058781296522940618,0.95841249516331395,0.0078718359596265941,0.1639528539729489,0.32345842546488635,0.12250993470476979,0.26807516308870405,0.15750291890288826,0.41846946334994584,0.96883127869169705,0.19668035783106663,0.91226311117708081,0.036675781961286402,0.1878900489334836,0.88899137124450545,0.86111709368994216,0.52003946417576663,0.16199660098501523,0.72036951346573375,0.33063617602556683,0.66267780434735812,0.57892683533678391,0.84897201041163251,0.20912675583383866,0.68446039173229101,0.93404522012914826,0.7794211214907083,0.98628357820419266,0.1505629260509338,0.581466699443421,0.64427562715921793,0.95567808762731921,0.21154489779421071,0.71710536087848942,0.25240203267498296,0.039473470676810618,0.21513105957357781,0.68451185178658425,0.76178589099255367,0.86801433574132347,0.28356578249379438,0.11113695838151683,0.44130515007584736,0.57134755875801213,0.40558525965152525,0.53739775446259819,0.10195373589489964,0.37445648279643617,0.40116713204314591,0.75164000235306339,0.99807425273853945,0.053327453440253025,0.3080197527675429
sample,V059,test,0,0,0,,,,,,,,,,,,,,,,,,,,,,,,,,,,,,,,,,,,,,,,,,,,,,,,,,,,,,,,,,,,,,,,,,,,,,,,,,,,,,,,,,,,,,,,,,,,,,,,,,,,,0.64756885186846558,0.34966540567406401,0.43499322771677962,0.97927059549418272,0.62039665249902276,0.97141468741224768,0.067311150732117575,0.19944209440126592,0.15601644847394824,0.79828424673624199,0.0010300516893962941,0.75783591781971937,0.51793572008587452,0.044249478324358993,0.69925141714214223,0.39964048787329853,0.81148775679350404,0.099556905953301911,0.89769098387322022,0.13228244311386284,0.9799489986155534,0.01009523234504528,0.048554749934050068,0.84059274604602752,0.89040646914262245,0.58427873334326352,0.91582582185024253,0.095679038779810766,0.2438494018683296,0.26845772697158288,0.90218460766030983,0.64359306843806796,0.23632169107862566,0.40185530089643673,0.93260645026354472,0.099554696701151801,0.84003523554059545,0.994572617589222,0.079723108745315852,0.78485217478781699,0.56107319222157948,0.71849719313842053,0.64834948151913629,0.84871343973651781,0.35279290277637698,0.70538088859302206,0.10796715891904762,0.076385421354507987,0.76236012864407166,0.80226849617318163,0.39705652078749132,0.65369647762916505,0.27118023823559001,0.93757239875754406
sample,V060,test,1,0,0,,,,,,,,,,,,,,,,,,,,,,,,,,,,,,,,,,,,,,,,,,,,,,,,,,,,,,,,,,,,,,,,,,,,,,,,,,,,,,,,,,,,,,,,,,,,,,,,,,,,,0.026625887926125635,0.44816543720821878,0.84656300391157069,0.3690673947130072,0.20794845117439043,0.12960445269262666,0.22531598027200128,0.035777280312535908,0.36481918537333713,0.10139264587729913,0.4862450480010867,0.55001847339800269,0.6947669568483732,0.94627396528637209,0.99627666995833208,0.91983705984877395,0.10074175363541982,0.35014820987699102,0.36575264631320714,0.43595411028833508,0.12536639366825775,0.17251479298410211,0.44141103232153478,0.78038649103720303,0.41258481090664267,0.32628051115973078,0.057064288776395355,0.45381057669867386,0.69026694841296354,0.66423764974687682,0.012314913017322904,0.80070667002674811,0.011953016893441082,0.59598310916127961,0.089309378201234746,0.45591147443249191,0.56475645778740646,0.51141994948267366,0.17389721486288323,0.38135489410397772,0.26545958172454409,0.54040432085793511,0.24336820362174139,0.41593354393595983,0.060515632165954458,0.70391702632827446,0.24059929724618101,0.23932636011832287,0.42431907418110548,0.92981939045259443,0.55342113037421226,0.12738212995537124,0.94079869993460297,0.69781822514907454
sample,V061,test,0,0,0,,,,,,,,,,,,,,,,,,,,,,,,,,,,,,,,,,,,,,,,,,,,,,,,,,,,,,,,,,,,,,,,,,,,,,,,,,,,,,,,,,,,,,,,,,,,,,,,,,,,,0.042305999972736985,0.94701851689146777,0.98479029978730737,0.73392234081194385,0.67607265788733195,0.96906424444311023,0.12051473471792684,0.24309133144072936,0.62169468111811543,0.53710849875407329,0.080231225680975515,0.66044266066430046,0.47097338463795912,0.86201240713515825,0.018266717709160107,0.10638344366974228,0.94103712044099608,0.63079742718523568,0.090103432406131834,0.33911296563328319,0.54929295423126889,0.75872955924900432,0.49151571115701076,0.4166112747733477,0.22006533536338113,0.98507076402691829,0.57861992741377744,0.019189972315452497,0.72388367907547857,0.68868852616050391,0.90185180467753978,0.48610358719098512,0.89684511161277503,0.60997254245100974,0.16654397207599803,0.8204795548903423,0.10123384777209898,0.29318429960685755,0.51121412073904393,0.45433108869651329,0.94895743876617589,0.66271589268719078,0.62568466352430641,0.15827147291138965,0.75704672144565432,0.81130601949402892,0.47523432460252646,0.10842292245511376,0.74600664207938205,0.68602863950759396,0.65635392911272339,0.62373274480560514,0.61444377205401013,0.42980860282018141
sample,V062,test,0,0,0,,,,,,,,,,,,,,,,,,,,,,,,,,,,,,,,,,,,,,,,,,,,,,,,,,,,,,,,,,,,,,,,,,,,,,,,,,,,,,,,,,,,,,,,,,,,,,,,,,,,,0.92405542967201959,0.083666554356663037,0.31158610433564637,0.18609230897134299,0.035805612335845116,0.76589748593608908,0.86382115636485612,0.48237054939659563,0.039576439667130092,0.53502015801521896,0.0078848591188245276,0.84302598150894203,0.48385807151368143,0.24192512255532928,0.83572888769853515,0.49154208813216194,0.71567540894428761,0.2353177289618259,0.35422766793073679,0.99448630390448212,0.12571008874044254,0.98345187427041258,0.38063610344087928,0.5106697138202575,0.94388526905035053,0.43331823737623665,0.46192971434440289,0.40575726977747784,0.96065750343928258,0.68719594818501517,0.17730206379171798,0.095142411028693585,0.5699767651584926,0.23870768655326513,0.45045563610411399,0.07658764336053614,0.58116152103261143,0.20993632160321696,0.071668274861412806,0.28299299126297195,0.8652293084294892,0.95629133590547077,0.93723977497303024,0.63327068643939366,0.23181648279249922,0.57688912377286905,0.083339129825434233,0.80543242010608407,0.85371619523251641,0.083754856518186149,0.89672323236042206,0.15985496436330682,0.03566499622576158,0.77533122045940672
sample,V063,test,1,1,0,,,,,,,,,,,,,,,,,,,,,,,,,,,,,,,,,,,,,,,,,,,,,,,,,,,,,,,,,,,,,,,,,,,,,,,,,,,,,,,,,,,,,,,,,,,,,,,,,,,,,0.76118910544039642,0.54332644129949226,0.86276748960955518,0.33882223927813504,0.40996455538392118,0.72459345654932372,0.62164260319080222,0.24498166010267919,0.78993975584204135,0.94092730983861761,0.25356032661795391,0.67960240318255138,0.47970185875065341,0.26033731459654363,0.13093346788231353,0.66859605345179185,0.14339300759659901,0.61957198379808687,0.78705805610575152,0.90802227240671396,0.5914830493022124,0.84157341406891317,0.12416100367593152,0.88349681388080537,0.80181379636013761,0.32519448599490552,0.12889185125713698,0.66261486608048392,0.9406636579691805,0.0082303137958845696,0.87078111658573498,0.060573037224066817,0.085237195244496911,0.16852647166104362,0.64229197237145175,0.13160322834344496,0.59569012607515803,0.27766918551770348,0.86536558695416133,0.99726677552731879,0.8149126684068293,0.32006789568097027,0.5666133515931403,0.6982765823447058,0.28888081338167626,0.33225402909382806,0.95742440745425461,0.31540705901662724,0.15276786456721358,0.11864191522110701,0.4379176693913176,0.52446551315402767,0.37613679709491943,0.37252254305076327
sample,V064,test,1,0,0,,,,,,,,,,,,,,,,,,,,,,,,,,,,,,,,,,,,,,,,,,,,,,,,,,,,,,,,,,,,,,,,,,,,,,,,,,,,,,,,,,,,,,,,,,,,,,,,,,,,,0.9413381665141064,0.023189598303079206,0.53207512438331017,0.49532748880961541,0.54325209988349588,0.60897390267611351,0.41232833463256424,0.80400891098077931,0.12458128663493528,0.98862114006401103,0.80934330571071289,0.426415941875538,0.19201541533016553,0.22033283125905279,0.30579116933878003,0.15672078784204757,0.39473922877462586,0.89806832563590056,0.9262083306537886,0.57682905234983195,0.84569445042345748,0.97372592872549979,0.39476104702621406,0.67566554390282862,0.29888069073246071,0.15597690029580802,0.35075944939132375,0.99975297790091155,0.86035591377861009,0.81154629632926967,0.27956420242750923,0.66896858405180504,0.22843752123863847,0.10253021555652564,0.74248998247055886,0.98520390785862377,0.25337958867444277,0.44364609833889745,0.6780408401540452,0.49128817350434639,0.23321602270733655,0.045936751041611545,0.54744655545883503,0.096494368007120412,0.11627474596327936,0.97571623135671903,0.40562444528418495,0.88637190710371616,0.060413129265356913,0.15136476972191337,0.23586686141981894,0.42076420100829426,0.028295809941583427,0.33663293525823468
sample,V065,test,0,0,1,,,,,,,,,,,,,,,,,,,,,,,,,,,,,,,,,,,,,,,,,,,,,,,,,,,,,,,,,,,,,,,,,,,,,,,,,,,,,,,,,,,,,,,,,,,,,,,,,,,,,0.20637761514825625,0.28987521189984611,0.36860197006731776,0.45707317431987515,0.024010098642071931,0.82811755086288297,0.90252243193166193,0.83811902668598526,0.22944513148112067,0.36426926645694113,0.48773709574082424,0.40182828413326865,0.58223020777529721,0.48362660958800407,0.55239384026688365,0.65931241507033844,0.47648046140344624,0.71129947824295126,0.72496779886592722,0.60616181377175904,0.45143284812367257,0.093180958188433638,0.51069503097295266,0.45789736344995091,0.65800184712565291,0.74228449638972593,0.077805255550561614,0.28673065663926323,0.010682194154816083,0.4633586943055269,0.19484705911981615,0.70412929049443029,0.83039206072589422,0.84944396920108067,0.1424726203390797,0.03006604481670061,0.51393645990458847,0.36715929368321398,0.22954561536652385,0.75142857119580231,0.97649671928809212,0.30055131823075287,0.34591451283905505,0.77663079378039057,0.53541246737753778,0.77120628878131836,0.89568756409342465,0.29735280544006426,0.99093550935375729,0.649570152206839,0.43128064724576187,0.1155858579391903,0.51707885589359304,0.21643362795755172
sample,V066,test,1,0,0,,,,,,,,,,,,,,,,,,,,,,,,,,,,,,,,,,,,,,,,,,,,,,,,,,,,,,,,,,,,,,,,,,,,,,,,,,,,,,,,,,,,,,,,,,,,,,,,,,,,,0.79148415047757037,0.10860580213603754,0.21921634526418299,0.81718754592855658,0.20151121975083719,0.571389021761465,0.43923972880225659,0.57395722339075395,0.087839822677795887,0.9102045899883644,0.98536255519497085,0.6864946553254262,0.21666688971187564,0.46115803526102273,0.0053455217260428567,0.0062071250368941344,0.12587521724992923,0.090307869605129265,0.015293523741381598,0.53556512148236213,0.59612811591404291,0.6003501398691603,0.59829249286402542,0.60552569911468501,0.93414656537085339,0.49589085990124848,0.74481273286080218,0.88046370886146952,0.45241557075729433,0.60807947590258504,0.1995778645554418,0.9111617530025462,0.61667970812400064,0.37609973746932346,0.52409208339431168,0.56558952659203898,0.40236679994856417,0.4032610851501609,0.28518072137606043,0.45212323184837611,0.75201612201887114,0.16925515898877241,0.68758251586189179,0.69131720807994435,0.91152067495960054,0.16627646855287159,0.21618896537735344,0.27004399468679863,0.0010007881335768465,0.66855166502542174,0.57298451381417514,0.85982283489768419,0.13538676889610579,0.18629983429239161
sample,V067,test,0,0,0,,,,,,,,,,,,,,,,,,,,,,,,,,,,,,,,,,,,,,,,,,,,,,,,,,,,,,,,,,,,,,,,,,,,,,,,,,,,,,,,,,,,,,,,,,,,,,,,,,,,,0.76262308099105525,0.57463842053742731,0.76497706503083907,0.51513867212293474,0.25910608174380234,0.049565899529861346,0.5911810460380037,0.28742287885416207,0.4490862989917962,0.51438866338519951,0.58421701119535607,0.15540603798033203,0.47659415111714798,0.79975500360174145,0.97557804853664021,0.48717805324162056,0.11552946993651558,0.22293572282380836,0.32241413565782195,0.84752060049866784,0.47756461717801901,0.016658636063208165,0.61616711467377283,0.85895239976225113,0.84191997237992244,7.943861523118656e-05,0.64498398815426783,0.78769459099326844,0.29366015719043181,0.46224250412907919,0.3866173149361436,0.76348156479490548,0.68540092385725526,0.87815145371535774,0.57727658994765407,0.89554301822861782,0.66410582158965148,0.67120721136002803,0.71441314079469342,0.19297700237016435,0.59427789515140494,0.93280505045128193,0.21641323805370627,0.67176214503748954,0.52279598829545315,0.96643261974054384,0.9040216162600484,0.60222023879882491,0.30323152343864579,0.3414499173761667,0.40564075114972808,0.32764436873457325,0.704057860059072,0.31536459824387975
sample,V068,test,0,0,0,,,,,,,,,,,,,,,,,,,,,,,,,,,,,,,,,,,,,,,,,,,,,,,,,,,,,,,,,,,,,,,,,,,,,,,,,,,,,,,,,,,,,,,,,,,,,,,,,,,,,0.83475614280482302,0.15324980876359862,0.069133730058508314,0.22154914068923204,0.78558554069029363,0.1354427917344998,0.29216374367999809,0.46837003737533744,0.31372450114474981,0.49433179983721409,0.5758629338419281,0.0075435561122385586,0.17818622714251653,0.066354087506434567,0.5065691103348865,0.30577672483422325,0.51901600872367204,0.17935512736525483,0.2204672254166602,0.90100835582744676,0.4321246792019835,0.86348118916847794,0.64212796924123061,0.61132306602855468,0.14323175869641291,0.18647190551365123,0.37175138511945205,0.58937211201738759,0.61338490751959063,0.46878679173946247,0.92775376832436129,0.43762046587614034,0.30904918031146789,0.25034540439513064,0.21557937477456257,0.099962287938104577,0.9807574947137343,0.54276687220208297,0.79834874603480444,0.90735419070268619,0.0061137418762836626,0.76961661237406098,0.48567145170259207,0.32635153531770722,0.76377432177662441,0.55225837617967943,0.076790061750210192,0.28471938573316491,0.35868937606582951,0.3084704481893431,0.14888873438698358,0.74115120714523741,0.880492193336741,0.028362493957136858
sample,V069,test,0,0,1,,,,,,,,,,,,,,,,,,,,,,,,,,,,,,,,,,,,,,,,,,,,,,,,,,,,,,,,,,,,,,,,,,,,,,,,,,,,,,,,,,,,,,,,,,,,,,,,,,,,,0.39169258755441305,0.29629341701671874,0.13686337016063643,0.76527237409662241,0.95615880618141647,0.061967051688897823,0.059143202642634729,0.47586437754904642,0.33658398135002376,0.93138134771090775,0.58783836240254173,0.69778428341263243,0.38285292981372709,0.11979995665999088,0.50678857196938987,0.42334616769810152,0.79682402058443913,0.94331236641362892,0.42412166756807346,0.92809135027936551,0.52302425679628328,0.42918024512461184,0.68329957070187941,0.80201928090610608,0.75562698820912377,0.22515620553154503,0.10587478046197774,0.63309874944495215,0.062495092195887669,0.97899935997791832,0.57548025348151888,0.068430840121302294,0.75474106689058185,0.36069468776409275,0.92651236919859781,0.19261571924660448,0.2978831129294004,0.83771111505124984,0.14035834162770833,0.36951926528889589,0.3824157848135491,0.46042500995571434,0.29867215526332747,0.66395395746798025,0.082834557042428703,0.36302661007464287,0.6578148507996544,0.065549478511724546,0.96186138038122548,0.70147728006630705,0.031545849172433305,0.091445650185574268,0.72641481046915901,0.36322874021453389
sample,V070,test,0,0,1,,,,,,,,,,,,,,,,,,,,,,,,,,,,,,,,,,,,,,,,,,,,,,,,,,,,,,,,,,,,,,,,,,,,,,,,,,,,,,,,,,,,,,,,,,,,,,,,,,,,,0.37754592962389999,0.15370733858749019,0.8069045747394209,0.30378558265683364,0.9927517862064128,0.051800791349426833,0.08769278201730113,0.31250308225152734,0.77827078527587401,0.020697463532234228,0.24895298263299115,0.62956778836673155,0.5298319603357059,0.15075099776507128,0.70009491792316725,0.98242690001208954,0.2225703441974779,0.24385987848977975,0.71866288363806341,0.34225633695048474,0.33373349169020461,0.88407155754911515,0.41489072107222913,0.086692215345437029,0.40874153220251197,0.58045576768704565,0.57138941541308186,0.28342392534126659,0.10610139523863749,0.30832687248580104,0.64523145879949761,0.45943180805390593,0.97515511500646124,0.9598039772141469,0.8789307508816584,0.70494437441364344,0.60809304630240868,0.025483802728016869,0.96921660085664241,0.87883061023597309,0.64527825591379739,0.85517392757216004,0.82798182823503608,0.28015521605932991,0.30922316283762763,0.14226146897796599,0.18250466477603444,0.93182631423169837,0.75059118969473615,0.16479869367719946,0.3918910346593435,0.64034487586388555,0.98031994378978016,0.95008652441599606
sample,V071,test,0,0,1,,,,,,,,,,,,,,,,,,,,,,,,,,,,,,,,,,,,,,,,,,,,,,,,,,,,,,,,,,,,,,,,,,,,,,,,,,,,,,,,,,,,,,,,,,,,,,,,,,,,,0.5027762882250959,0.48593483695448825,0.73283749351157124,0.97264304595605289,0.16143250441080137,0.31436919464920676,0.48967331261669511,0.44568018643326079,0.27711279283020718,0.79363366533501178,0.33261540212733909,0.53328590875615778,0.4818303706525896,0.16266751211715713,0.67918607493885852,0.04934464145614692,0.59219710018228788,0.23383742671155061,0.87805473643515608,0.12981405029052451,0.49877061516471688,0.37390101203051407,0.99003536617652321,0.66895165455248007,0.73184130966909977,0.55928664228963287,0.26263613235942307,0.5206520480925978,0.61529686337908485,0.35541977776652089,0.8048038832723875,0.23111568688389239,0.55790862567715205,0.72184714802281902,0.99734011157984581,0.74711367827493325,0.26077753105175661,0.24285091200011,0.51601768368453771,0.47802590061242634,0.55963350461236094,0.74785226158341245,0.23951662668862694,0.55568476411755408,0.072199979903086242,0.44630985506985055,0.09752552267256942,0.88894140081179829,0.56625872709621883,0.19761181644309922,0.13511733519912628,0.74557581664596306,0.96720928079584256,0.12417637387772462
sample,V072,test,1,0,0,,,,,,,,,,,,,,,,,,,,,,,,,,,,,,,,,,,,,,,,,,,,,,,,,,,,,,,,,,,,,,,,,,,,,,,,,,,,,,,,,,,,,,,,,,,,,,,,,,,,,0.43748713728018973,0.35898567476655507,0.54066625241110788,0.85555558250251174,0.67028553148575787,0.6531333020425274,0.36217157171114245,0.93033434724926756,0.42852047071971611,0.43525188076726173,0.31356504977516575,0.63414738745285193,0.72776555993106706,0.62245917797594152,0.38215851888012053,0.90537118751651469,0.96729253671708781,0.011736142383702575,0.21575405322527397,0.90775576373148947,0.30412869496712036,0.82898556164464798,0.29709658758579471,0.64440529474893682,0.82924010110222901,0.39518198791378489,0.21497245921536845,0.073369667401977257,0.46828762207504382,0.83362671106407393,0.081484717425545194,0.74224601866825501,0.14273336682266591,0.67356365555620801,0.081508184151537155,0.098594788330176431,0.40163047468661839,0.2776084844565111,0.021981319760950302,0.68311739565383911,0.70363817814254359,0.56466973591165615,0.57785408740632171,0.025571480159560345,0.71941190427219082,0.28413153625995091,0.84619432060179178,0.82667408365648487,0.30162326317445376,0.39586946634582965,0.04660688227421772,0.83321977269286507,0.45239881080615829,0.50577573618910276
sample,V073,test,0,0,0,,,,,,,,,,,,,,,,,,,,,,,,,,,,,,,,,,,,,,,,,,,,,,,,,,,,,,,,,,,,,,,,,,,,,,,,,,,,,,,,,,,,,,,,,,,,,,,,,,,,,0.97719246618546374,0.29665170265647778,0.33329504465731352,0.36785916174996858,0.027498728300219932,0.59492533292442273,0.38416572511408731,0.67330624257159843,0.25502766341584016,0.53018602287585881,0.88725781308609564,0.89648472520629552,0.68140558992167011,0.50785768262562792,0.28912524667971207,0.82955754384461988,0.22630275885276052,0.85535488378927416,0.6691331316470851,0.041914952264181293,0.96891666172661828,0.39164859221102533,0.76275690107598038,0.76456538103657812,0.52940347944710819,0.5108241302119183,0.87525861248610459,0.052169911066989316,0.11955533851648226,0.11820298857598532,0.67863443831854242,0.34599369729950347,0.91037382604545758,0.84640162126083873,0.85152878861444614,0.15378487933408191,0.73709267893595731,0.37247721457874094,0.08635918855494451,0.6885296953402581,0.33013090234470022,0.54683608335307998,0.47627705963114098,0.37870888017217241,0.35850543337959118,0.75842394626013032,0.59443294054315665,0.70048686552983175,0.060019325778853938,0.56784245623543672,0.30248833566551858,0.79802213134549427,0.66997571897408759,0.4568344667565023
sample,V074,test,1,1,1,,,,,,,,,,,,,,,,,,,,,,,,,,,,,,,,,,,,,,,,,,,,,,,,,,,,,,,,,,,,,,,,,,,,,,,,,,,,,,,,,,,,,,,,,,,,,,,,,,,,,0.26993827752337096,0.33080601158610801,0.13448675832671497,0.83744782432368414,0.4480374917720773,0.60396816643886886,0.038088884558476699,0.085682936751833139,0.02037184384521129,0.10319114607500113,0.95267396964283058,0.8263421299425675,0.75981064938922527,0.7225302806208318,0.010527730472401076,0.54170240866798625,0.57423155518450697,0.11371045882725717,0.34668683338495265,0.87656122598772401,0.092494274912491292,0.11467167227698649,0.76913423782906365,0.65341243671503946,0.15557039961625885,0.69486784916343414,0.51274191620451048,0.18554384260159162,0.82274865989961521,0.3188165249511995,0.96024641018285395,0.52211577504592444,0.62354419910187964,0.32750840156774519,0.58420079669795144,0.4752377315178351,0.043842805233994531,0.66344219033925056,0.45621910756122852,0.54987027382402398,0.16893834373274874,0.51547783879603803,0.427468140684784,0.72698839285581396,0.2863960477915477,0.64626873297258092,0.42142530969331504,0.015482415572187991,0.057317650111897267,0.87567676999911237,0.9588317931679915,0.99922137973901493,0.32488190003009709,0.90172784822557772
sample,V075,test,0,0,0,,,,,,,,,,,,,,,,,,,,,,,,,,,,,,,,,,,,,,,,,,,,,,,,,,,,,,,,,,,,,,,,,,,,,,,,,,,,,,,,,,,,,,,,,,,,,,,,,,,,,0.53633181459893897,0.36011461549089574,0.59212183237656912,0.9785241711075704,0.38355432353746599,0.66990768896454356,0.84959734119037467,0.88356811441066518,0.26658103944105871,0.89154743587654417,0.10874973174567271,0.56429240931302715,0.70692947777260629,0.58662852322222692,0.3618613599229602,0.20225418582325516,0.67396754208193499,0.1481895613395553,0.35590045835310924,0.90785042461574073,0.7223850468303048,0.046088897071366763,0.37545385026618683,0.84371100793037601,0.047387533177657981,0.36687863714854962,0.3381543085554114,0.92509962563737236,0.99303586894491702,0.9592336607774794,0.70743806122278063,0.9384393347174278,0.44420806709426741,0.49213219303007916,0.63213806646647264,0.84270410739303636,0.30387853778692575,0.97666966935452737,0.4254888757278058,0.37742547702030438,0.37403335507477031,0.69884530589400717,0.83078672238778406,0.29720896985813039,0.049670778092204659,0.45145760429343262,0.2529426253021142,0.54599826962264553,0.89741599964617136,0.39060238195209096,0.95143674978906401,0.15945463553961603,0.65839242505018847,0.92313090825133759
sample,V076,test,1,0,1,,,,,,,,,,,,,,,,,,,,,,,,,,,,,,,,,,,,,,,,,,,,,,,,,,,,,,,,,,,,,,,,,,,,,,,,,,,,,,,,,,,,,,,,,,,,,,,,,,,,,0.76416141509440649,0.086733608197482548,0.87230485674447678,0.015201064972499623,0.92596789106735133,0.44330011777580847,0.95027761316580917,0.48530510314865627,0.58368781781768941,0.006554328953684907,0.64229804846294325,0.50610073870921368,0.11855027286187614,0.63250847303210811,0.91435128328629312,0.13505871409974235,0.28484716437466939,0.25160375883912467,0.011515220083586852,0.16596405260161262,0.74932477102771944,0.11328632373428271,0.11504399179770808,0.95849029581934242,0.025308693042090269,0.037015671458813126,0.10315805064189465,0.49459967367826907,0.29181004481758399,0.15950765421568336,0.60793974873073064,0.69296959739740771,0.46952273271363987,0.15835186653912259,0.77921009265902152,0.34924061589403288,0.69057276381819188,0.73361090523558603,0.78784334652806698,0.70874447949032526,0.57127463368791243,0.73841996437300539,0.37352899552403129,0.96998117618960478,0.13338033800230154,0.48720716619832727,0.20291804623274523,0.79568843166583181,0.083314858766111666,0.90233868749747626,0.049344450160369258,0.049124354742300924,0.11490940525472404,0.83869631060896299
sample,V077,test,0,0,0,,,,,,,,,,,,,,,,,,,,,,,,,,,,,,,,,,,,,,,,,,,,,,,,,,,,,,,,,,,,,,,,,,,,,,,,,,,,,,,,,,,,,,,,,,,,,,,,,,,,,0.10863621352114927,0.67001638523998985,0.40655197379453523,0.46267503717490122,0.88322472962801435,0.034766790791951552,0.06615930292830019,0.35747337165806614,0.61993635854274887,0.47645849489175995,0.34384753872190654,0.1597194752578458,0.74829811181366224,0.102328800752302,0.64135848136923046,0.092664206314391762,0.94278167836727467,0.93312763210529381,0.21736474869226907,0.012372558894035102,0.76737577947281155,0.29116481703222741,0.12567499460381726,0.33474469227073189,0.57501171252976657,0.17721184063923467,0.89987009323877265,0.97807000987165749,0.27278029338386534,0.0076227451846063721,0.1534009869642099,0.76136158221431383,0.31180746186873776,0.51651084538594083,0.90162936505542657,0.71229133893320162,0.64849377772461769,0.35561696157615474,0.8648603010161503,0.66083339630645899,0.54144278013727332,0.88476437966303523,0.020004643134843958,0.80910912930604029,0.14196956506052327,0.83234507270571301,0.91863331708577423,0.49446388601947178,0.3374185922128411,0.046879720724258611,0.84006688546977504,0.77941414713053592,0.72790667950553856,0.78168794027953936
sample,V078,test,1,0,0,,,,,,,,,,,,,,,,,,,,,,,,,,,,,,,,,,,,,,,,,,,,,,,,,,,,,,,,,,,,,,,,,,,,,,,,,,,,,,,,,,,,,,,,,,,,,,,,,,,,,0.67897521949287898,0.72118676132194548,0.93711910841773582,0.3950933979812814,0.10217190531937292,0.21073165826847839,0.69388848461136321,0.61530548529147566,0.078746848543570724,0.52473665139503978,0.29218767800553314,0.15293670500822165,0.53622537928407776,0.32187717205253252,0.37026631475948724,0.3774300260836112,0.21167061887120608,0.49510835875388715,0.15127227317193481,0.63108750037604155,0.31649618892605846,0.99956059491987947,0.1496156993407719,0.37956484483265129,0.012112857205235805,0.34214327865413641,0.85860906203727316,0.025785376011445704,0.063384443305106841,0.030668732819375544,0.96458270912165678,0.56098803539841435,0.97878510733952961,0.79539629996737726,0.8926393611293767,0.99859516359824718,0.90481926513298239,0.20498946040936739,0.25446257862667521,0.37983469105750245,0.74247672352129235,0.92611299354569376,0.7545213975944417,0.6910249392340353,0.45577956911190054,0.28049479136173172,0.38692400567647856,0.064463823609506421,0.021545021164814382,0.84322500976379389,0.52574433725722713,0.48923973915699348,0.77824024747723874,0.0022677886614905773
sample,V079,test,1,1,1,,,,,,,,,,,,,,,,,,,,,,,,,,,,,,,,,,,,,,,,,,,,,,,,,,,,,,,,,,,,,,,,,,,,,,,,,,,,,,,,,,,,,,,,,,,,,,,,,,,,,0.79862484450620219,0.24680324026052636,0.89876692566279182,0.46671697284889768,0.2646655777547009,0.87247024657038441,0.91093651652109764,0.13743137962985785,0.21958460776121957,0.90002935631008585,0.66528647901591476,0.9227162817782063,0.60455089735298195,0.9230992654181176,0.59644540949065528,0.40229263787033909,0.21464002948856264,0.69757967439632473,0.48811358638503388,0.30777806008551678,0.1476634051636091,0.12927195681856318,0.93661862087779379,0.020458965386744299,0.26418974913111604,0.69239843313935723,0.78093284760368975,0.13100957203148211,0.95520840281526131,0.7214891163760957,0.16698574718775561,0.38456539164396086,0.16921165369025837,0.085321676453993467,0.93013999076009679,0.79639327757093181,0.43947699979411714,0.067338934452121024,0.73052967410312375,0.90354378177329853,0.0824542487927451,0.25542759703427576,0.66073909509150675,0.23410705788523323,0.12291567351505539,0.58830824393781322,0.7978461957585562,0.4009189437395354,0.28738354933232269,0.23959278622728697,0.90270038373726247,0.57331088323671953,0.068597385642689912,0.71674025326412172
sample,V080,test,0,0,0,,,,,,,,,,,,,,,,,,,,,,,,,,,,,,,,,,,,,,,,,,,,,,,,,,,,,,,,,,,,,,,,,,,,,,,,,,,,,,,,,,,,,,,,,,,,,,,,,,,,,0.78136430809903878,0.17667001564568219,0.22413493011812224,0.41257453843448888,0.37747859570603937,0.9194226728236794,0.2681983402135093,0.72083179392830765,0.27402753769292842,0.099545013106198121,0.93644006769446853,0.98754315195351228,0.8658896201085633,0.56162954437036461,0.51689604066316186,0.465205620564765,0.72675758479450792,0.94283780529844075,0.76958016166225995,0.25400573626958278,0.059870750691160879,0.84942773008610784,0.88974159934516972,0.18337645314880158,0.5393434868239364,0.96266958601291108,0.71488607963983064,0.55737580388343566,0.15056968429844386,0.2773629865354803,0.9071506943516966,0.64239046898415886,0.69222367591404255,0.31581053678521021,0.84874409611436907,0.28072578296936179,0.25954574970412136,0.53372056368672849,0.81477661477630958,0.363109294704272,0.4411943594946709,0.24250301049067702,0.49167660958545223,0.57930204401441787,0.93146238720409857,0.2490659157826024,0.081110293115814192,0.004741954116661895,0.79979201782899345,0.3635838519111948,0.58610040902435789,0.21251435817959585,0.61297631133103503,0.9964104547253857
sample,V081,test,0,0,0,,,,,,,,,,,,,,,,,,,,,,,,,,,,,,,,,,,,,,,,,,,,,,,,,,,,,,,,,,,,,,,,,,,,,,,,,,,,,,,,,,,,,,,,,,,,,,,,,,,,,0.17539788301339621,0.12091250025642186,0.042655818501256215,0.89575948515659665,0.65357618822903951,0.16606811204095917,0.065329655263649755,0.076483901104580032,0.40671067544264694,0.34597935199066177,0.16435581842760649,0.99925964264278433,0.7985063912476601,0.39726499885388589,0.78437894399591657,0.75935805236156095,0.22312914631023595,0.47346731321654656,0.42275186221872885,0.8418475335176594,0.01975111093973092,0.033582044942786937,0.78026027921730712,0.70303815983814388,0.81331634767977357,0.35113465463469284,0.093840035851867176,0.35832996156942409,0.44863038310390546,0.96679247786001621,0.30381188518334823,0.13961546113949064,0.85570596724279535,0.27515930471630645,0.7892207847385373,0.28133552705279841,0.64575120023544041,0.30238991649847691,0.62022895510316101,0.27794226871594463,0.50097939732028129,0.74400305264124922,0.70440565559981039,0.67147788208126402,0.71921247106738639,0.60445628767256854,0.74834942345862743,0.16022176163363666,0.85421139235365251,0.67783142478078062,0.42310193144520569,0.45781330553706212,0.097661123482365109,0.3854685726012429
sample,V082,test,0,0,0,,,,,,,,,,,,,,,,,,,,,,,,,,,,,,,,,,,,,,,,,,,,,,,,,,,,,,,,,,,,,,,,,,,,,,,,,,,,,,,,,,,,,,,,,,,,,,,,,,,,,0.75422105253229077,0.17346483065568752,0.33931264466028987,0.00080022702803161927,0.045804671329753188,0.63707157461472352,0.87958454251809914,0.68619797020059625,0.8697757495400964,0.88754957035477755,0.76798077890069194,0.63690405726094579,0.60573112062852918,0.5109159680701113,0.68224585703559848,0.89956940037571864,0.62680193164499964,0.49790889149538076,0.53958329142972494,0.86450843895679741,0.75844922863941555,0.37554741531077851,0.0018354173377762573,0.64727218685512034,0.23830479697831497,0.74549925955863594,0.46732195113351638,0.43906111051331809,0.70739330864697281,0.26889719583143135,0.73051448793596108,0.57159852745854389,0.87187159945925075,0.20692947939821449,0.78099839506642388,0.29144371277141323,0.3428292231132648,0.53716188627990813,0.73645168865738897,0.33284244057517209,0.51021977067431834,0.55631131758909569,0.65182609087020515,0.70438288333900101,0.89762739239874667,0.61304594099199938,0.22359812118724776,0.76993907851039189,0.38004201055460185,0.29706573054144958,0.67932958503322938,0.48309990700599237,0.98938732125229611,0.98065788934357356
sample,V083,test,1,0,1,,,,,,,,,,,,,,,,,,,,,,,,,,,,,,,,,,,,,,,,,,,,,,,,,,,,,,,,,,,,,,,,,,,,,,,,,,,,,,,,,,,,,,,,,,,,,,,,,,,,,0.7793019579388677,0.27116729748019019,0.15007474655952868,0.3735067879352435,0.87895034986895004,0.53638701446598747,0.91011512997308952,0.0047729461858875277,0.34972194500742781,0.87654830822099383,0.67799181685872245,0.1411647452579089,0.088117955180596952,0.48391117744953938,0.97116954795739896,0.042928306877853428,0.29110842070229082,0.29758718579019083,0.87555729772328161,0.97203038169874001,0.09117493281222866,0.644687263133079,0.029659209340077375,0.71384593887009862,0.6822283474516998,0.15379430927392379,0.099113251480745124,0.44204672462328687,0.03195910500073329,0.12125416651523058,0.82602890536560736,0.07812936025544559,0.46983807003769051,0.49554428537965833,0.74163866530930767,0.35283108311415112,0.67640696238185793,0.69361276323523025,0.17349509866120105,0.064194177012711462,0.79646358434187148,0.53727379201396819,0.5543495292827797,0.33929749224421923,0.80657297843200459,0.1369989848832488,0.3546729288503998,0.96707684168434371,0.37006247538608117,0.53969470329611502,0.97253311242476204,0.74481099884817881,0.22677664709845036,0.64204218856650763
sample,V084,test,1,0,1,,,,,,,,,,,,,,,,,,,,,,,,,,,,,,,,,,,,,,,,,,,,,,,,,,,,,,,,,,,,,,,,,,,,,,,,,,,,,,,,,,,,,,,,,,,,,,,,,,,,,0.36899995721852052,0.36820547986580843,0.060164302913723877,0.84365876220821312,0.46001389212122956,0.58058213624845245,0.5938401590910809,0.23513300759863731,0.098764113525748876,0.21013933101025839,0.1522916406192808,0.60147775576461315,0.62757896236271093,0.28023320688192399,0.34067253689386978,0.31066628445688593,0.12198927205473531,0.15390327834634687,0.60795246073564901,0.74432492185260524,0.4232734339676586,0.99546592189097449,0.99144488243025675,0.20501358392603275,0.38039243254489941,0.70695632331794189,0.68286062135069703,0.46968294830723623,0.27425853571099212,0.72530722078245879,0.0309650406722628,0.90097703594084999,0.50704360788917857,0.52070657319920399,0.44824655038209316,0.83521342184153502,0.29764573179918707,0.41681157701634153,0.46001104214990118,0.70347344995450667,0.35943644053317703,0.95250663124826962,0.77826748502142074,0.22326891242728608,0.31167267084909145,0.51975516520824594,0.044080375012718442,0.86361185486675052,0.63066506548017787,0.64759902669542013,0.090742491472479592,0.19235759564113841,0.78411098860870188,0.95238918692068186
sample,V085,test,0,0,1,,,,,,,,,,,,,,,,,,,,,,,,,,,,,,,,,,,,,,,,,,,,,,,,,,,,,,,,,,,,,,,,,,,,,,,,,,,,,,,,,,,,,,,,,,,,,,,,,,,,,0.94589859284527256,0.40839543797807476,0.99373587646820005,0.020582807932617464,0.20062923903482077,0.11329186196894914,0.93808957267676774,0.70299463919113026,0.19983269326909281,0.75487378900930979,0.85322592984167234,0.44293037242317712,0.90586608499455468,0.34130184514694462,0.085591274666642514,0.25922999860930229,0.8076976046409915,0.51235359216407894,0.88773117193036688,0.14111637853786696,0.37850595034783963,0.37153351484390718,0.73140975871211578,0.54932750918586259,0.67793274680288684,0.28427531215219315,0.18734326868122486,0.18519318469907464,0.65177252500360316,0.19744566366802541,0.7080874161755718,0.037186140082739016,0.038947950044784019,0.34134585569673004,0.7558386507078978,0.35615803007192426,0.0066063919064681675,0.030078677307556201,0.19887737252513604,0.17331659163464763,0.019973814903041953,0.62325361633055754,0.56079866649196286,0.066810891424848196,0.74175476621124115,0.75134210749097885,0.56212184359689166,0.15861314673631244,0.55220071260328041,0.50910398961969805,0.66677265341019332,0.59518581652269098,0.64779619786711418,0.38006281054779156
sample,V086,test,1,0,1,,,,,,,,,,,,,,,,,,,,,,,,,,,,,,,,,,,,,,,,,,,,,,,,,,,,,,,,,,,,,,,,,,,,,,,,,,,,,,,,,,,,,,,,,,,,,,,,,,,,,0.092826024040805866,0.62238473449191811,0.65132533624979638,0.88598531086523047,0.34398463809017477,0.049779256736298905,0.35952671487536225,0.66881494023873633,0.80273593230740037,0.81781596979984883,0.69766450132800439,0.94905719614131279,0.94501639248204516,0.60250369570071716,0.58240524350240952,0.28961425860202572,0.64252249875214951,0.52922522843847597,0.039961888797765743,0.34585183815493281,0.87701171736729611,0.059382266620624735,0.73756461965490172,0.89857367504137986,0.35710666468926888,0.21388370228256615,0.49526117406681081,0.75536427987868837,0.2625400016176318,0.20004336314835791,0.061372088265849833,0.31364246967543996,0.51106913354884398,0.14512918268172148,0.69302240765421264,0.64677750064228867,0.57806210101901012,0.65493241587897733,0.52669494207105561,0.84825328910750031,0.20014772086358956,0.93446936317120677,0.74473320967534284,0.51433199958084197,0.51330651642622704,0.59871754123342358,0.75530351315157873,0.61354578389185566,0.47247631168203252,0.69580504920284125,0.67925820773579448,0.55317228214474223,0.6312165336915242,0.96571628297491741
sample,V087,test,0,1,0,,,,,,,,,,,,,,,,,,,,,,,,,,,,,,,,,,,,,,,,,,,,,,,,,,,,,,,,,,,,,,,,,,,,,,,,,,,,,,,,,,,,,,,,,,,,,,,,,,,,,0.12964890424178088,0.76286265466405223,0.092584647601590131,0.49045963751000976,0.47925329135696437,0.62937794013830328,0.41142727345459118,0.98175661565061367,0.19212658749884359,0.21736428664510576,0.44803257427224019,0.30742032875608283,0.67630392230147862,0.90936412634482466,0.075515783819019799,0.85150612039721707,0.034892673476465408,0.90198961232867569,0.87972756934759677,0.69617607138489268,0.96028685357778354,0.021542036287982014,0.31711427857061103,0.45017838804319188,0.83957818519182215,0.63514749867082454,0.2856905805293003,0.16343482874676352,0.85233087004553731,0.28030650815865277,0.11126892030608282,0.096861131854601989,0.46398295449314131,0.99099896179399893,0.51478963424798552,0.017638060047176829,0.054091371126027687,0.21908572969095297,0.87800579899664977,0.38643359626531981,0.54461062292543239,0.62309470659964428,0.69478115481337488,0.33462404830265635,0.22532845671107338,0.22604121691800783,0.70819983027950462,0.10357843443888504,0.38008559891511551,0.29713883178996192,0.92954213823486598,0.24769298769216086,0.21539473354746919,0.89826182933232079
sample,V088,test,0,0,1,,,,,,,,,,,,,,,,,,,,,,,,,,,,,,,,,,,,,,,,,,,,,,,,,,,,,,,,,,,,,,,,,,,,,,,,,,,,,,,,,,,,,,,,,,,,,,,,,,,,,0.79897640916881962,0.2101374619706905,0.78947816754232047,0.91177954707057129,0.25978347446305339,0.53949208319579611,0.13492646453993939,0.70436926205360728,0.48179080671194274,0.63701214833099351,0.86791752914922782,0.062172151648154261,0.86326974745729179,0.28670708628262542,0.56908108505502142,0.73521518490353566,0.22677048693205915,0.11233434494280004,0.86966306554995876,0.20858188768894947,0.39588587083276505,0.12195333446866985,0.50798995389122159,0.94506105033112875,0.72302805543572535,0.51949369128928446,0.40693739089521752,0.21600871994572513,0.59602196674074337,0.3013161031976086,0.54530424291475033,0.75081603268058661,0.56932357921555177,0.79483547722059322,0.95193726399201972,0.27259843522849425,0.22515352411345091,0.36284294164429687,0.45261750153457014,0.32023744639861829,0.20381291810105728,0.050038490517315792,0.53935450862257484,0.76114671243756493,0.93399348305743612,0.095902308042224216,0.54763043231901198,0.52428685515238627,0.61271234629307758,0.72779997554863596,0.2485735219662325,0.52749510502132158,0.32855939925113475,0.50659446517412099
sample,V089,test,0,1,1,,,,,,,,,,,,,,,,,,,,,,,,,,,,,,,,,,,,,,,,,,,,,,,,,,,,,,,,,,,,,,,,,,,,,,,,,,,,,,,,,,,,,,,,,,,,,,,,,,,,,0.59055234720444683,0.99013555276510867,0.32654939183935949,0.73890360775416197,0.80444372669760733,0.050730139831951182,0.66336674392030315,0.63893382856111947,0.11391971129400102,0.37218662970710503,0.37719774026945097,0.66174775147699472,0.45553170919044716,0.042541610355944948,0.76246361832537624,0.61728950816185535,0.15247782575890612,0.096600520294902514,0.77283566847585905,0.38231933146214692,0.63322070482380077,0.86962716573427756,0.80674439602354742,0.079719492097944045,0.16913346237751481,0.79387688849476956,0.23167975668217944,0.11941383056133636,0.41190801257611742,0.36920794684697633,0.087708241838504675,0.030686001316893918,0.33716797444597857,0.87848444152204397,0.21100127135220204,0.44592670259720812,0.060088580811263892,0.88539324559274868,0.38815396359725951,0.037644751960949741,0.70299676415331669,0.66831047322982218,0.62354334542068668,0.45225612889172651,0.8042770174851821,0.3064846462157943,0.28748667245082749,0.68099149316105756,0.6058457733410888,0.39134630970553441,0.57446743390658439,0.91774705834166104,0.33907607664865047,0.081108652053042074
sample,V090,test,0,0,0,,,,,,,,,,,,,,,,,,,,,,,,,,,,,,,,,,,,,,,,,,,,,,,,,,,,,,,,,,,,,,,,,,,,,,,,,,,,,,,,,,,,,,,,,,,,,,,,,,,,,0.96882412497291082,0.41023994985787127,0.047935408734809171,0.73556548000410349,0.88973745139855287,0.7296701223644162,0.56727604319423763,0.18361821232828601,0.78595013012483905,0.54976632257126612,0.56871486593048404,0.36476791972833833,0.78621829890645867,0.58432400337698165,0.2485717673939174,0.026860689419405226,0.46512600112964619,0.32558040501037522,0.92448386802514515,0.63146176933928755,0.92925704529419018,0.88001992019497144,0.84491744279256054,0.30499299764027743,0.28047411783166665,0.87544731326078329,0.993594408132906,0.96381244194050786,0.56722924839837874,0.19206310322488263,0.89260642224204989,0.75127998567552046,0.14682077832156792,0.270579255921787,0.72937589586121487,0.18863469831425639,0.2660776860336308,0.63637437517819939,0.63058164473109324,0.61012588876918572,0.018788199557362995,0.60673546719146498,0.4098746598832379,0.82750104049922846,0.79408080170581685,0.91414347272621344,0.43536242010707182,0.58892817711432532,0.53492797083138388,0.45864868959698468,0.37695692261249036,0.60336491369882772,0.67269659924493364,0.015042811430751479
sample,V091,test,0,0,0,,,,,,,,,,,,,,,,,,,,,,,,,,,,,,,,,,,,,,,,,,,,,,,,,,,,,,,,,,,,,,,,,,,,,,,,,,,,,,,,,,,,,,,,,,,,,,,,,,,,,0.11348697281398368,0.89912937434654494,0.66047571385672732,0.059982490961359214,0.27663211361730278,0.36980190112147493,0.58446381596360331,0.62501164454721003,0.070869227776595656,0.29971631601968052,0.16954816786388538,0.68016653019091655,0.024579428521871227,0.60877054486700855,0.45675651954324359,0.56299598012890661,0.4534677333683379,0.45848234631182483,0.088814999676725903,0.9109778498130785,0.59903865016034785,0.36826985379726285,0.69557225598290018,0.62109574160659264,0.58011135732401364,0.76663137118282343,0.93916645761262074,0.76462005624610963,0.99076542257772737,0.054868730381865904,0.3680141127691704,0.15200122154729756,0.2136957876133182,0.019404239671683365,0.027563376183532662,0.03043376255391006,0.42089764989973322,0.12020029312890768,0.79382724184109177,0.79154827707346465,0.15676259404436488,0.18772806992454028,0.9195626346563085,0.11845779501907405,0.48069111475105686,0.40372967967563489,0.22920230184041135,0.24297235429852204,0.30266538283074818,0.83997021098075031,0.95128607601005843,0.066085565650316425,0.15452795690731402,0.027714154110663247
sample,V092,test,0,1,1,,,,,,,,,,,,,,,,,,,,,,,,,,,,,,,,,,,,,,,,,,,,,,,,,,,,,,,,,,,,,,,,,,,,,,,,,,,,,,,,,,,,,,,,,,,,,,,,,,,,,0.3009960719295508,0.38672031210640689,0.81843830492929648,0.52228491757216511,0.51642424888781779,0.21766832342130737,0.94663384607241685,0.42436178197796293,0.34864371575643205,0.23959922333823269,0.57789319760881097,0.852742406133294,0.40045430740485122,0.096028333424047485,0.54506341139017467,0.4191049416216962,0.26849291331590353,0.064860726352442333,0.064218638989179788,0.81534728743922513,0.06905728564925917,0.95535483181930658,0.79112698563945794,0.88923851901179551,0.43573506621917302,0.33740304992013592,0.069292771352397642,0.093531994424490228,0.90592935215406467,0.34096391170866647,0.24305482018807556,0.081375771719998435,0.84479077255982382,0.12218008656521362,0.16750992504816609,0.16302406122830149,0.049338984202606517,0.61277221442694885,0.20230497077288956,0.41034841307269299,0.49461083227146752,0.70670643921910237,0.78609045352339968,0.92288483702854784,0.85392085121049033,0.19541780627694572,0.53725431762812326,0.48328289143090197,0.11231742682511636,0.3197422622770415,0.49431069727493393,0.018689302683985942,0.86273832499530678,0.34249390445658601
sample,V093,test,0,0,1,,,,,,,,,,,,,,,,,,,,,,,,,,,,,,,,,,,,,,,,,,,,,,,,,,,,,,,,,,,,,,,,,,,,,,,,,,,,,,,,,,,,,,,,,,,,,,,,,,,,,0.64347670922243883,0.79675806093879642,0.29397127359914099,0.20354435077080213,0.74059082281768451,0.060988065342002407,0.18666255153947942,0.65686483334359802,0.6067587556153462,0.46613606313593825,0.43376852675897004,0.40087864557452968,0.8960958425193114,0.74626624343600101,0.10861567987591669,0.13822858656500581,0.90161750863612522,0.089637324725161838,0.01522656832406355,0.7579989347077154,0.2064234483137487,0.34035448729932427,0.46492643105310005,0.35467537417736261,0.62011619388805583,0.15384191122475022,0.59711806094114617,0.13585015051287408,0.74717592334241223,0.11884112764050436,0.39377475438438447,0.7993436945437763,0.89416790497172849,0.30974725903813138,0.61683695156109586,0.31363433890018244,0.62210311368614302,0.17254128524050549,0.87160557494366775,0.45565145353900049,0.59037422908545978,0.27821532576376573,0.91699557415808186,0.74832083514588144,0.21853491678564985,0.37325613222770937,0.14774909594183139,0.180697013432085,0.48571059544423434,0.76158178751678951,0.49398013666184448,0.42736659216495076,0.98048814097248937,0.77123475296059663
sample,V094,test,0,1,1,,,,,,,,,,,,,,,,,,,,,,,,,,,,,,,,,,,,,,,,,,,,,,,,,,,,,,,,,,,,,,,,,,,,,,,,,,,,,,,,,,,,,,,,,,,,,,,,,,,,,0.39682082681023934,0.96680629177352584,0.56866379383775523,0.15326491969148992,0.32971244728022242,0.98500227210568536,0.14413838149722424,0.18835465849351041,0.7689842845231093,0.75451933430975249,0.8620680250729329,0.24709055748612108,0.15885104002143369,0.074889480841884737,0.22366565635444513,0.76028362767872892,0.21980058417844295,0.55514579314318047,0.75148253488098982,0.97973555783333544,0.83501620356738371,0.6905886961556601,0.20695651827617623,0.67017045158094668,0.18471840150750074,0.34656989874798549,0.57900139028330244,0.90092651468160556,0.79049700066845963,0.85703092511183465,0.2830397665886023,0.92081913672889837,0.24056658940567488,0.53507052321454163,0.88092585577934046,0.36530167748886466,0.48344841551452433,0.81080166413238797,0.84943371176714744,0.63677646399909449,0.22461465197764086,0.98028101844850823,0.38204560111718955,0.71741539434010071,0.99591451827800315,0.47645255856998647,0.38597467836397059,0.80984359942638895,0.57940089872983813,0.93003563476150319,0.92991845942402562,0.5487836690224237,0.56441007331571513,0.75005757273242479
sample,V095,test,1,0,1,,,,,,,,,,,,,,,,,,,,,,,,,,,,,,,,,,,,,,,,,,,,,,,,,,,,,,,,,,,,,,,,,,,,,,,,,,,,,,,,,,,,,,,,,,,,,,,,,,,,,0.21690295583413732,0.60959088075222667,0.7163617437930111,0.35483479526876593,0.34183473180716162,0.76709281024714726,0.19164430285033418,0.1312210763977838,0.80980171923613065,0.29942959058014529,0.36639545904414039,0.017688462917221703,0.095260976733312686,0.55330229707970058,0.016175181616441936,0.51344998653022855,0.11478265787386532,0.30184485607512446,0.59608526620093027,0.53657766728045442,0.34373832302134366,0.4758108144990596,0.091595103975545378,0.39519675688144507,0.15284792640932443,0.89349645126433974,0.092236102616204629,0.868600614260991,0.16204704823546545,0.75330515229742723,0.4680074438616304,0.51532352773664625,0.48649511994040529,0.52942712154609417,0.27479360497738547,0.42164444451957306,0.60059471057532243,0.59421575121143144,0.85681210087908166,0.64609836741798599,0.30180614632280955,0.63266514283352415,0.46655072636201389,0.31924558531196445,0.25614933891277236,0.8307558216129789,0.78632656631881725,0.11664672336979731,0.39504453813666296,0.5145018365844255,0.31663861797475301,0.71550674535311265,0.59484326185045178,0.64419877557740202
sample,V096,test,0,0,0,,,,,,,,,,,,,,,,,,,,,,,,,,,,,,,,,,,,,,,,,,,,,,,,,,,,,,,,,,,,,,,,,,,,,,,,,,,,,,,,,,,,,,,,,,,,,,,,,,,,,0.79456995613569747,0.51955414945530498,0.9939116822952474,0.84207920500086875,0.94605186170532718,0.36554252110564112,0.72075771194805072,0.25255535364788273,0.47948067769811131,0.39744076377128323,0.20458202451926244,0.55972381511258817,0.50283632090914665,0.71140171503425553,0.55552781433445864,0.41555435591522438,0.5365621228951577,0.93364552935234957,0.6944777807732414,0.40373321041035271,0.43552006971161161,0.97174644481403794,0.095898812999239968,0.60553399048357692,0.079927046210912622,0.9786709897706114,0.78901024650883211,0.94128919840084102,0.52950501342737355,0.80494442211429029,0.96066280095888534,0.82953694310213077,0.97370929704239217,0.99445027755077331,0.48191825103496932,0.96790775405044105,0.5052749396932914,0.54242799398316988,0.5381054775477685,0.96654328181964133,0.12774443786354561,0.39380585272795554,0.31386443123652152,0.14638527025617898,0.26895534301202828,0.46768102624599273,0.096177106587034267,0.67475237809915667,0.65260260301880435,0.90573121012863378,0.54262221303099412,0.21230528708021135,0.898930031073642,0.65086229574734178
sample,V097,test,0,0,0,,,,,,,,,,,,,,,,,,,,,,,,,,,,,,,,,,,,,,,,,,,,,,,,,,,,,,,,,,,,,,,,,,,,,,,,,,,,,,,,,,,,,,,,,,,,,,,,,,,,,0.90600931736083878,0.73695255182208386,0.8889413507137317,0.15768705621197943,0.91374854683731577,0.81937370459739767,0.36871536283149942,0.84536401213881385,0.059448492451610879,0.82542126676292671,0.20076299930301988,0.33336196027681975,0.62523290961256883,0.81601631606777447,0.76327654579484272,0.14377927584943517,0.11127900911348099,0.91318249154011,0.16085989655514699,0.79553526852350676,0.29108820202617969,0.70342294625119572,0.26959713291070009,0.19482748373070258,0.33542719148147893,0.82787298540969789,0.64066758816966052,0.89915112784258677,0.31889031521917466,0.014265316859311428,0.44701278653348786,0.31711030666719364,0.63522981056761862,0.034105919045312794,0.79249875623204402,0.61223683059525968,0.56118838294494255,0.43697053415450404,0.21360158185876532,0.41049222083577341,0.78789735440723874,0.93885760125750883,0.34395687619583504,0.31371138257366638,0.40266092477510318,0.77894724982037067,0.87383174360896065,0.4521008513399587,0.91082997837253921,0.20078014128824406,0.57032529156804457,0.25473690622100442,0.48034271503950365,0.62924529711108168
sample,V098,test,0,0,0,,,,,,,,,,,,,,,,,,,,,,,,,,,,,,,,,,,,,,,,,,,,,,,,,,,,,,,,,,,,,,,,,,,,,,,,,,,,,,,,,,,,,,,,,,,,,,,,,,,,,0.38852111333481965,0.69212866377533278,0.96183761532286194,0.55489562673171988,0.25314253261609854,0.61516015317488382,0.99902687728175033,0.13437960914450109,0.28408799127772866,0.77507744296089498,0.34070620949472497,0.085387517062322837,0.044487191097722922,0.6423643067355338,0.7198371254005651,0.87166282766402048,0.38532235614747057,0.06172881381342965,0.51246978476006311,0.62827616273128506,0.094062736543576664,0.67515359070717973,0.68883087980374469,0.38786891781608424,0.33471978557376791,0.96795142121615918,0.60182726961917343,0.98860447948916497,0.74414195572725195,0.38415006308027333,0.65113573934533386,0.028949784660675104,0.33130514948017831,0.19648006438098908,0.077569582564864459,0.64258272999023547,0.4101610031918872,0.59345571645057382,0.12171795081216608,0.34391692328560974,0.3361908060915455,0.37125136768859612,0.15876278850946646,0.053521982593115136,0.47795619358202845,0.54811821285463291,0.027509044782749847,0.87607726199099067,0.77423204709178939,0.16370094290661708,0.1377198621515261,0.63077133318338696,0.90223491753607399,0.07049360738011623
sample,V099,test,1,0,0,,,,,,,,,,,,,,,,,,,,,,,,,,,,,,,,,,,,,,,,,,,,,,,,,,,,,,,,,,,,,,,,,,,,,,,,,,,,,,,,,,,,,,,,,,,,,,,,,,,,,0.67677484558982226,0.6251079893119591,0.32643852257309502,0.81094112667306539,0.96260742633540919,0.99530103527801084,0.12293790629877888,0.15237680555016309,0.67392468980753761,0.71174104638544766,0.54868257667386156,0.72606260441433412,0.88969701195439366,0.43025059045914726,0.18652572790622213,0.22691355949602676,0.20951089256662292,0.87173665858927929,0.23836230144551362,0.31995955285987998,0.67722310494823856,0.62282227926321687,0.5245912958608796,0.57632285352755419,0.66328409865271332,0.87820649856822386,0.6466263882491875,0.70856916773948864,0.16107485609777128,0.50845659704414836,0.62113688765771713,0.28583408125282306,0.69506199925791723,0.44230062769043532,0.53077561863987344,0.099127365583461691,0.65664310548636784,0.10430133689978272,0.48458342865626969,0.91632286563402998,0.18372495850601411,0.88059978368375502,0.47933792235469408,0.53822069282911378,0.24040414003303912,0.0049423335782367017,0.5507340160961971,0.92190178880425855,0.218139991758591,0.14143763039885782,0.58958434929883041,0.14727076078014156,0.38002829156284157,0.2359599948311053
sample,V100,test,0,0,0,,,,,,,,,,,,,,,,,,,,,,,,,,,,,,,,,,,,,,,,,,,,,,,,,,,,,,,,,,,,,,,,,,,,,,,,,,,,,,,,,,,,,,,,,,,,,,,,,,,,,0.67354321765102432,0.71738009894517418,0.9800258703870296,0.38911423378367105,0.08421739549619045,0.71199104162625659,0.36139315381571668,0.78950284196512965,0.47302753361987238,0.54616012168539196,0.69483461769424559,0.067420036671756445,0.022689516731370207,0.15573021691406486,0.95932436434619994,0.27208824370638363,0.8549746089022543,0.1075809021139561,0.25684046856133569,0.8716857550331345,0.70799397257225516,0.042703010658091456,0.47377456208853408,0.90628984805895452,0.54615287428847492,0.85603575670697263,0.049413785070469896,0.31698760647643176,0.20740942774038074,0.45125775971423665,0.033534031436947331,0.086979205005265459,0.75798154719917377,0.51693691440476364,0.8172904786115508,0.57001736629835387,0.64357331623708791,0.83990311273380958,0.4613698425582119,0.29166178420674016,0.51685507706370004,0.15085192487274357,0.0051600039082063676,0.48151938400720051,0.24683504111611476,0.44175882999054283,0.91784498510306156,0.88903467354667842,0.77664026178632728,0.17768247436747964,0.076334899042115545,0.8997693968359437,0.46804784926895859,0.90705289426716118
sample,V101,test,0,0,0,,,,,,,,,,,,,,,,,,,,,,,,,,,,,,,,,,,,,,,,,,,,,,,,,,,,,,,,,,,,,,,,,,,,,,,,,,,,,,,,,,,,,,,,,,,,,,,,,,,,,0.6996781864774676,0.8750901515276418,0.94704300101603522,0.37069512823708906,0.72210499675161732,0.41564670748084775,0.63372223133749439,0.7732575826534489,0.64856143833955204,0.83295576913138714,0.48419689790737575,0.30782271652881021,0.35815603160048559,0.33470308545679939,0.64218558583143792,0.32968858934844081,0.99759612296735789,0.81960541674021625,0.4911294850673803,0.97893519970277931,0.96112312428915825,0.86318083976108229,0.099581841245567793,0.92280514729196716,0.1259422408330072,0.40856149269438369,0.88277893370845073,0.7909558747645089,0.87740627850163488,0.0058743406252095287,0.29582637736292483,0.98443128604159957,0.91494142772253018,0.82755292767381428,0.059575592209115569,0.76652838457869998,0.56126212856969526,0.8725179774553623,0.77938617301015944,0.27412554360743857,0.96800282963786399,0.13692891715877509,0.71241784098276839,0.10302410902971026,0.081739554945665427,0.63396453400462061,0.52657700085717596,0.59569782524812609,0.66066960803867325,0.04212109915787543,0.4637067886175773,0.60105614280316866,0.589316531151305,0.35561844385864616
sample,V102,test,0,1,1,,,,,,,,,,,,,,,,,,,,,,,,,,,,,,,,,,,,,,,,,,,,,,,,,,,,,,,,,,,,,,,,,,,,,,,,,,,,,,,,,,,,,,,,,,,,,,,,,,,,,0.6493494577314235,0.56950341044509922,0.96168920489069831,0.41729734974383659,0.37095172560461465,0.17722967442924509,0.70716517778024901,0.49560895467384958,0.54402131515758412,0.22240369524630532,0.20509454841725316,0.52971315043946887,0.65828061316483877,0.90103296861563087,0.40125456279087546,0.945061946688455,0.48339499852053325,0.81260376818998847,0.47001933687933939,0.26777071528161667,0.55981264783220175,0.77007407233963332,0.31729177586087443,0.65644350641372096,0.0060360163088233332,0.82137643761188439,0.29253741427018676,0.81433840664697632,0.69911780920247857,0.76950349467071522,0.65332241263844093,0.36107436051322528,0.78359404202114891,0.31491259481373057,0.85054948543023545,0.6943101181814707,0.12218773716493703,0.035502893022368975,0.38729612171654604,0.10783884382693798,0.12907403545975282,0.15114759471937989,0.35346772886020139,0.96958511151230076,0.65808677091867529,0.34617664355845912,0.78189468525684991,0.32744832575132221,0.48202787757204513,0.79596961837604763,0.26068940266968699,0.048620101439217134,0.68520590255578773,0.069810986467158553
sample,V103,test,0,0,1,,,,,,,,,,,,,,,,,,,,,,,,,,,,,,,,,,,,,,,,,,,,,,,,,,,,,,,,,,,,,,,,,,,,,,,,,,,,,,,,,,,,,,,,,,,,,,,,,,,,,0.92021720104628391,0.22033024305790705,0.35191786256405155,0.1336510579909993,0.22054059337497156,0.93894997205776243,0.72849843113265567,0.8090951563874943,0.29071302172697699,0.30393557279703853,0.12988650964528481,0.064621602897157238,0.9005740168530616,0.61930538997193429,0.18549804289165328,0.69278512913679779,0.72254465722824157,0.55085683439077993,0.34004810248645356,0.25791624360805843,0.71840428618233432,0.95015963542525983,0.81326289478083613,0.77557742323484258,0.50174075318035405,0.46698340664257287,0.668857665289738,0.487512189583865,0.47679614804283876,0.75123576938992842,0.52030439117860605,0.91205887245954276,0.41837505635168704,0.62056518065971256,0.79639255475022852,0.16939861223307062,0.99557881783825564,0.34710023943694723,0.63377835330456345,0.019593176669803425,0.78506075833776068,0.6682558628314077,0.98503630167637579,0.86452644842219628,0.70704243545500889,0.15449465455115308,0.12684276182702048,0.54130137760695585,0.18692539304322875,0.81020198461764836,0.56021789811883071,0.98392858077438738,0.16121391338243751,0.15367813771534444
sample,V104,test,0,0,0,,,,,,,,,,,,,,,,,,,,,,,,,,,,,,,,,,,,,,,,,,,,,,,,,,,,,,,,,,,,,,,,,,,,,,,,,,,,,,,,,,,,,,,,,,,,,,,,,,,,,0.6918544427528458,0.17350727241534092,0.65701612343464411,0.74240242046636062,0.65134588342771771,0.90201374474706464,0.72526416783281211,0.60965708656505158,0.69021112916327398,0.19124474632656352,0.036025502701395595,0.72237406847450969,0.41159779510981687,0.34557431972362695,0.93207849519245878,0.90525463491058278,0.33590089478237017,0.35011073428883432,0.92285231327285067,0.44929058177524772,0.33929686160295225,0.52306709020918829,0.7309805346039826,0.38882518091539042,0.5406607653072093,0.82592134617368662,0.98711833659669845,0.67848987651101189,0.16184378151839951,0.5982417923101514,0.48217230099643227,0.17976020144804605,0.96408280336402263,0.70322397342272625,0.17828508295224454,0.76559386072740543,0.60195866585453572,0.066815736428438299,0.9942703639346997,0.96638449602350607,0.40934942319283651,0.24708718808256469,0.97528312039202636,0.84955021558934862,0.95372772278050189,0.59180776968935001,0.77252845456402675,0.18494302160119713,0.21632929108330201,0.39030966337928064,0.33287144346155428,0.45800997562342449,0.066886029814719694,0.16266687690509429
sample,V105,test,1,0,0,,,,,,,,,,,,,,,,,,,,,,,,,,,,,,,,,,,,,,,,,,,,,,,,,,,,,,,,,,,,,,,,,,,,,,,,,,,,,,,,,,,,,,,,,,,,,,,,,,,,,0.80510943358569687,0.0026427933625982059,0.5259355381167945,0.49077930518399759,0.89547031197960958,0.57039536495517174,0.034639481791233329,0.25955402164241803,0.24125466783237803,0.56872284043768728,0.62762095474773272,0.87626745963228125,0.5688176801640763,0.72755975261280881,0.60390000637389418,0.71200489978714365,0.28773269069586571,0.24941916770918271,0.93726012434115058,0.23047016791454888,0.92540725425799075,0.070602405069044472,0.35101591157339385,0.58915378512437533,0.66005684788929475,0.51267016685335665,0.25470828430562509,0.50782743343570214,0.4662124282316954,0.040049141718386694,0.85059852030584548,0.14800122312263486,0.39917444130464719,0.50979655850094985,0.0042469083918016404,0.28836159935910555,0.29406667706051448,0.067168936783811417,0.13575612169078177,0.77029278730633355,0.099622999038353477,0.30680555864756875,0.9500823532078011,0.52481251764939829,0.47572788433161228,0.24439141223071825,0.70976990498543902,0.26943806568138995,0.93380959708117239,0.77119818740266954,0.042214239987095392,0.91965658084421009,0.076435799291463047,0.91911984114668865
sample,V106,test,0,1,1,,,,,,,,,,,,,,,,,,,,,,,,,,,,,,,,,,,,,,,,,,,,,,,,,,,,,,,,,,,,,,,,,,,,,,,,,,,,,,,,,,,,,,,,,,,,,,,,,,,,,0.68485314229607075,0.32083868773633351,0.14840338123332697,0.7706648447568929,0.63395910945093792,0.72715952716460064,0.13597894382005415,0.82519912037438703,0.75796139011149355,0.95569988585637089,0.71898185056907848,0.57140085735253909,0.92120076372795545,0.34865887848961763,0.62457618779639901,0.21362991480851645,0.45693219606103663,0.65525426783413365,0.89112438653263337,0.51577295597110284,0.34660909370441662,0.70502682767907421,0.0043072011963807277,0.77969938818060291,0.50712864248483813,0.33649077470498112,0.053499467451812333,0.57237540675564214,0.34202617851892414,0.54213544684584036,0.56742474900001527,0.81367393006293542,0.87814717512654594,0.61241343068579934,0.52718993998889274,0.98019454062177891,0.25958247606634888,0.33727964799211552,0.56622288143706578,0.93973450442362849,0.085759444403294194,0.93691472014277777,0.14786263385438847,0.81450655091509316,0.15229872722049143,0.82772089954672923,0.83476879667442572,0.72865741195973877,0.33125130692790095,0.68543061382020132,0.89435237456522887,0.45776059390925083,0.95704051814444546,0.11578518636986534
sample,V107,test,1,0,0,,,,,,,,,,,,,,,,,,,,,,,,,,,,,,,,,,,,,,,,,,,,,,,,,,,,,,,,,,,,,,,,,,,,,,,,,,,,,,,,,,,,,,,,,,,,,,,,,,,,,0.8166728476135281,0.88874042888647131,0.44734040549684773,0.26220830822288899,0.844382625027158,0.48192817176245395,0.50768914319188196,0.43303946018592743,0.12486641024678102,0.74321533542601081,0.31511433216521856,0.18956774688319822,0.80388829955855035,0.03554322635284457,0.60737588666116038,0.62997797891080731,0.22703809967014243,0.22225341665705112,0.69756436401680755,0.14136056450441559,0.63113494122643632,0.35098393730943589,0.88782650080337866,0.39936502679517605,0.10159217779815233,0.10478647856293921,0.5576144339902952,0.98422038248554278,0.69650127218746538,0.41297319789459419,0.77697558015337831,0.14044334667854552,0.03913443700514907,0.9740549162519303,0.31855942267511805,0.66210546030370421,0.54229379533405686,0.6557285438681586,0.79575881650527169,0.85775271869288516,0.35953184977842145,0.99328659078599058,0.0057423385810494443,0.41393874593114699,0.62269426762775348,0.81336500872990547,0.14241754940768214,0.84031734051601037,0.4874657143250839,0.29675904292404243,0.40467983629989757,0.13054499572909517,0.19896513673670491,0.047454567941291992
sample,V108,test,1,0,0,,,,,,,,,,,,,,,,,,,,,,,,,,,,,,,,,,,,,,,,,,,,,,,,,,,,,,,,,,,,,,,,,,,,,,,,,,,,,,,,,,,,,,,,,,,,,,,,,,,,,0.28829135301199371,0.10967228363975601,0.74818847353019946,0.87325039825424966,0.71491753100483857,0.24584928553719976,0.43124289100137314,0.67427717397969766,0.49454134800177063,0.20136991092783285,0.76875651555842794,0.84776570166366771,0.31733798414773207,0.94436151545181191,0.50884003044588999,0.95120556855616756,0.53774681281240433,0.21609956928500418,0.70443124710486704,0.96570874542747331,0.70871188712775013,0.23919291356509298,0.88198663256032139,0.90360592095714132,0.61439112361571446,0.9862283036131434,0.56843480655304657,0.24734993749745027,0.0050303406425528108,0.091551448792804524,0.8276363931429257,0.83421653075305291,0.88914094153975987,0.58205113809592524,0.9453845151713467,0.86448281199900057,0.06254734081104929,0.88144062734660178,0.27200738343540354,0.11901219242440908,0.70387370606329969,0.16583111596055633,0.22870772993449984,0.42895893756872638,0.61490783845896602,0.50809478810122111,0.64942885544484796,0.018055687367601325,0.19131956572145259,0.61058311483433203,0.68890163776898594,0.13995416024563312,0.88536654505028756,0.29846152657675684
sample,V109,test,0,0,1,,,,,,,,,,,,,,,,,,,,,,,,,,,,,,,,,,,,,,,,,,,,,,,,,,,,,,,,,,,,,,,,,,,,,,,,,,,,,,,,,,,,,,,,,,,,,,,,,,,,,0.85525535241985395,0.54658387149965293,0.063236004218508612,0.46452665683130379,0.77804845665641242,0.82029269391618964,0.34148917841035054,0.62902362756441277,0.37614686634920991,0.12226795819514591,0.14627288890355172,0.44698031237159686,0.92685352120913556,0.082015663600775057,0.53905563130292133,0.94227852622128472,0.64041316096541601,0.73756246099695566,0.40276995525799475,0.23035339944311994,0.18271079913017041,0.26817562990409838,0.44347937362941081,0.60334870718087996,0.81860123450649713,0.1853939876589582,0.12519159666115454,0.47937316510760419,0.19461684048514438,0.9889413490074016,0.65749559072546337,0.69390961311688537,0.85519002153787438,0.46786181130452842,0.15364291138120534,0.93665964642776178,0.52788050430709621,0.07463769701906664,0.60590684780585014,0.43663829477264415,0.61693486830038236,0.85421237294999319,0.16465568524008511,0.66149509924372063,0.58407239972613856,0.63244071307264815,0.55017336546975881,0.37984809428523969,0.020592542368110922,0.68059230307319074,0.90699048366627977,0.89425329691464472,0.63139329349011653,0.24762274578622678
sample,V110,test,0,0,0,,,,,,,,,,,,,,,,,,,,,,,,,,,,,,,,,,,,,,,,,,,,,,,,,,,,,,,,,,,,,,,,,,,,,,,,,,,,,,,,,,,,,,,,,,,,,,,,,,,,,0.58167147385064855,0.93426726089988121,0.51593125717401889,0.69897017929500971,0.63881220422185003,0.80796850352830696,0.4745561474789638,0.20785937336449567,0.17847602869650359,0.17288545182543547,0.78215727276345914,0.46429280666399808,0.3080027038546741,0.20404347987866234,0.30994138233405943,0.37329369751498054,0.66409516327206397,0.45932352577508373,0.10735997720414969,0.99630012582299077,0.2067719841318989,0.39188294378730348,0.11690994184199344,0.35784879014437831,0.83118877283514503,0.5216307331460186,0.76136200184714387,0.23267274135606519,0.62064148629851779,0.1660961704449393,0.20682193472158716,0.068868165826153294,0.77578836429853637,0.12000464737011962,0.59404337839519028,0.76458023913477158,0.33280986507898036,0.49033596451120398,0.13214093685043404,0.66644602272100217,0.43748264629519651,0.91567482877593576,0.84112266452067153,0.18481018795694748,0.73036042387263911,0.80553821676315407,0.68085108044358733,0.26569633669572967,0.27911766061832377,0.14228970254893647,0.22530911564670075,0.97912674873796446,0.067957316488683306,0.33501383189822498
sample,V111,test,0,0,1,,,,,,,,,,,,,,,,,,,,,,,,,,,,,,,,,,,,,,,,,,,,,,,,,,,,,,,,,,,,,,,,,,,,,,,,,,,,,,,,,,,,,,,,,,,,,,,,,,,,,0.20100764373730762,0.77543922736555371,0.44412634748847146,0.26615671744246772,0.70148170154525447,0.88437138925277881,0.27793601295600867,0.9591130546479425,0.066797334258213437,0.33174902581668408,0.65181625310088809,0.90257045230381794,0.99401835611087097,0.7508352476071305,0.3192230738905415,0.68142793940062618,0.53832995039732034,0.5732769082467809,0.28168489163523891,0.5682952489296007,0.9573932200496349,0.91497446473299615,0.0018257376666434011,0.004987783256973688,0.31973784709874009,0.66285001033404412,0.081962424733697081,0.70067158522120432,0.13725588302595948,0.88091463297921879,0.9066596114098171,0.84809808228253314,0.17489850903470716,0.91349202802894114,0.31418632805674229,0.4732816298315643,0.68806922082775657,0.40604988885880722,0.79569350827389396,0.077548638956737692,0.59338631836914513,0.66015506957981962,0.78608854142762952,0.81891284003272036,0.28405365741743316,0.11363578087922022,0.048763466140825162,0.11062205036580475,0.61388976268720141,0.66278198192463378,0.25065555490060154,0.3159754735003153,0.5289421009037456,0.80133605845075873
sample,V112,test,0,0,1,,,,,,,,,,,,,,,,,,,,,,,,,,,,,,,,,,,,,,,,,,,,,,,,,,,,,,,,,,,,,,,,,,,,,,,,,,,,,,,,,,,,,,,,,,,,,,,,,,,,,0.1062260288721113,0.49957716468081492,0.6007672811498691,0.72553845063478661,0.31317198169461002,0.10607768753330216,0.20263971015167725,0.99565061144315092,0.79000339125891028,0.88288414374880997,0.768904428017674,0.36765261371883484,0.51091993634677069,0.25164721496266751,0.88846393143477898,0.78645558827177708,0.79862317397304372,0.787164126783228,0.95896560670885522,0.45046230277599053,0.36347013774880432,0.14483165340503745,0.63597578152068945,0.84776057898357104,0.74816968006215401,0.23079399358610675,0.64380862993770294,0.23432638066782874,0.64134308627657455,0.41235673966685071,0.75754577413685753,0.77728595679983004,0.12996783963051772,0.36577149314615731,0.48334829786051636,0.61158174166832802,0.32391006452027438,0.58434665763610172,0.97698255576892723,0.58474377669964361,0.2666152416191262,0.062749791732648608,0.77790069002986451,0.052727376990046926,0.56089203410070854,0.14499463989547523,0.57222034739244743,0.2024643285209321,0.68475344325623977,0.60910763797529399,0.57541995173925908,0.36005628457650996,0.38565509773614903,0.99496469562594536
sample,V113,test,0,0,0,,,,,,,,,,,,,,,,,,,,,,,,,,,,,,,,,,,,,,,,,,,,,,,,,,,,,,,,,,,,,,,,,,,,,,,,,,,,,,,,,,,,,,,,,,,,,,,,,,,,,0.62731790947524013,0.11704742257333456,0.81929083647982859,0.045042438781903615,0.54055201584252155,0.96122175970002988,0.2749654327308535,0.1953243353262023,0.93609254530354857,0.03039330325692613,0.54590708468973492,0.89903237462059293,0.47369008879710561,0.61482986257696148,0.83123435638775267,0.71531662061048273,0.89557344690077589,0.93708347359268107,0.53314698427804896,0.11272125814459688,0.56849014180700075,0.95844153939397991,0.64320836530559988,0.3533865107962576,0.81333315817144169,0.71570210984344795,0.58571374441942259,0.44898514881201368,0.85105305076021986,0.97697686838027709,0.44405767058472623,0.083697548916194631,0.11924474630138293,0.49747805192492589,0.17203984632511915,0.31077261512604926,0.79610092202747096,0.49216420018439133,0.13264423451090201,0.62719030275575927,0.83485457152664666,0.32217081936836245,0.21710062861752388,0.13498943864272939,0.76297072284911793,0.17915371128041624,0.40226617712690527,0.81280106958772336,0.64974426517696893,0.019630193370242188,0.93708875560771465,0.38602558999500947,0.0036086437549076589,0.57554003044904167
sample,V114,test,0,0,0,,,,,,,,,,,,,,,,,,,,,,,,,,,,,,,,,,,,,,,,,,,,,,,,,,,,,,,,,,,,,,,,,,,,,,,,,,,,,,,,,,,,,,,,,,,,,,,,,,,,,0.95955393028243796,0.92666846125600077,0.33057424328780383,0.21578310708815673,0.12318391511991655,0.78143294440459832,0.21642185749449339,0.65205255556763364,0.81744865627172913,0.83115491327635782,0.78541667903138201,0.086139558386899573,0.86151631333808776,0.55075285906601668,0.16158391775721437,0.94702538136649228,0.75669440684534206,0.22070141024070467,0.058080964861784823,0.2083015850900457,0.57803144109371651,0.62896709817787477,0.31376791915321889,0.21228198325528114,0.98839107728279718,0.18913530622842811,0.1290428366981744,0.68063871032918744,0.32656307413607477,0.82062537098632005,0.9065208398461585,0.4167532392866562,0.36803589109985158,0.55316778647943632,0.66125587104968619,0.29348017527516179,0.35768519820578526,0.75015736568867453,0.61509951860187173,0.99657173853241499,0.71175354727525109,0.21296746614158923,0.17076775242759434,0.73478985942536001,0.22868149532538995,0.60323091988346977,0.99243022451226315,0.84589958852912606,0.22327564119834398,0.58300856697125591,0.40476165446502577,0.97053198735127189,0.45556024477372836,0.69230829761696011
sample,V115,test,0,0,0,,,,,,,,,,,,,,,,,,,,,,,,,,,,,,,,,,,,,,,,,,,,,,,,,,,,,,,,,,,,,,,,,,,,,,,,,,,,,,,,,,,,,,,,,,,,,,,,,,,,,0.18920349567776407,0.78101312454126115,0.2645430109691943,0.0016197408642588673,0.74207968705743832,0.43026339897661181,0.17389115541594236,0.045866776420404709,0.74415589156149575,0.45715951405442312,0.22611781561643451,0.63627666631152646,0.13390593457316768,0.46546953127115187,0.13582358867816724,0.53517054920784346,0.48213113455449985,0.88217887610286616,0.64281952248641061,0.22940842664221195,0.47658507610546219,0.81997841884814249,0.8141579495435477,0.56334297113335952,0.99472408958569047,0.067303728269510366,0.06930706678658427,0.52841854884729922,0.74031514089368389,0.67499452810678118,0.52120174862390134,0.65656970209737475,0.14093994207765537,0.51855687429549835,0.46372896787358098,0.84502136711705422,0.44353742219564174,0.046649997651245112,0.12997506533077152,0.55613944073423116,0.38118131653361509,0.57176707777435687,0.14800197073637511,0.840491717404517,0.98649897831979116,0.97203852930537826,0.0012415992066562298,0.11914304854584412,0.070961860581930991,0.79336650028599709,0.28824022840857866,0.018421021104220281,0.53733268365783615,0.39407369465276021
sample,V116,test,1,0,1,,,,,,,,,,,,,,,,,,,,,,,,,,,,,,,,,,,,,,,,,,,,,,,,,,,,,,,,,,,,,,,,,,,,,,,,,,,,,,,,,,,,,,,,,,,,,,,,,,,,,0.26133393848132125,0.27918760115517527,0.43670068759126968,0.87531000567672657,0.61599846709886252,0.62571421157074814,0.16093159589020511,0.67353920063321271,0.66180361783095487,0.025807260900348017,0.97330360792706772,0.83365881802671649,0.94619051994412151,0.83941308122495983,0.9452020781695144,0.56372337451791377,0.66628392538777781,0.37726564951922903,0.71238971803296414,0.15746986437633881,0.42566639225207681,0.29206521282733366,0.33817880202825401,0.70603045027762734,0.44410272048666843,0.62535232599445789,0.69714567237893732,0.10634970302045921,0.71833325141712523,0.23010301056051441,0.94235413119423372,0.018898694070267119,0.33404297966979557,0.32986096814912824,0.91700026566904791,0.35118733241128497,0.3118179098986481,0.16875756667926045,0.35921815383475519,0.90782018677224419,0.74913884756915206,0.10139347358803674,0.65434633775272522,0.83064566023736697,0.78784912842986243,0.5797575010588697,0.43430469577034037,0.79758370709380788,0.19308883030822777,0.63855821916187239,0.30243694667800747,0.56850610947868263,0.01451829928085302,0.40744102288488748
sample,V117,test,0,0,0,,,,,,,,,,,,,,,,,,,,,,,,,,,,,,,,,,,,,,,,,,,,,,,,,,,,,,,,,,,,,,,,,,,,,,,,,,,,,,,,,,,,,,,,,,,,,,,,,,,,,0.89860464509970506,0.45920362359004652,0.31333061080168612,0.87812262771716687,0.18522705915004933,0.01992914540515256,0.75002489958437846,0.071702562023949756,0.44809208233993769,0.18285521842552876,0.24839707605603656,0.014085986951023921,0.96797640901581117,0.7492735475582899,0.64041455691518978,0.22670156915866135,0.33830938091884211,0.074700396049273698,0.21361343138386846,0.2229940001311661,0.017018228329012008,0.91884339768919487,0.020063409995514703,0.68867303897193299,0.098720811808484243,0.86119712660562464,0.051153349330567588,0.023593714256432974,0.80759284063778225,0.95894842749612275,0.84564817790150093,0.12639393321143455,0.54590054108363661,0.99326016202693368,0.49193718206664139,0.88689013259301219,0.12829504126669589,0.51850778002690778,0.91438611622233512,0.69276549008354171,0.97104924888263777,0.95208049899131997,0.81245306179142596,0.11735313625844634,0.92286080234441814,0.43650791377836307,0.88871496034102726,0.57032271472329543,0.47292746201266644,0.47422244790146273,0.78174567296462738,0.12328706645849297,0.2601212899294294,0.24385305190881834
sample,V118,test,0,0,0,,,,,,,,,,,,,,,,,,,,,,,,,,,,,,,,,,,,,,,,,,,,,,,,,,,,,,,,,,,,,,,,,,,,,,,,,,,,,,,,,,,,,,,,,,,,,,,,,,,,,0.44142760464925113,0.73975117512217636,0.42945962162219198,0.057170336892654716,0.3225947650322778,0.88652545781741265,0.026902828255513711,0.63927988571476824,0.17778547529717348,0.22058988136913904,0.25023167636681887,0.13641157897944611,0.23566042397959719,0.72055834894571624,0.95713689320721651,0.72179833175969621,0.96499024599942462,0.51832669679245946,0.69781509309229839,0.66073754859314271,0.8823305502163894,0.24511687901222978,0.9067995390293534,0.13767408254720237,0.52182267086611167,0.69960278748236382,0.55615150813716063,0.59332393151604057,0.43147532972503211,0.21054047708938628,0.79523677237553059,0.66795280313213867,0.32677968972405558,0.62837037987585453,0.54624361447089986,0.54934805403145803,0.91517113623893587,0.15801993241661905,0.31153105071313969,0.61303085084538167,0.29247070054935309,0.8956339287739965,0.056549152731259822,0.69190619608565451,0.89103669845112665,0.11605341574807604,0.5793202199033286,0.73650105016152501,0.82810370362228858,0.79742256919510046,0.13938881864567587,0.036997541497427955,0.69073293974045946,0.28298236517203768
sample,V119,test,0,0,0,,,,,,,,,,,,,,,,,,,,,,,,,,,,,,,,,,,,,,,,,,,,,,,,,,,,,,,,,,,,,,,,,,,,,,,,,,,,,,,,,,,,,,,,,,,,,,,,,,,,,0.61653043654463535,0.76699136002978285,0.1082470531581502,0.61566247837101262,0.17773055996401399,0.58683888173184073,0.16704920884110752,0.57887647002470621,0.10211574917048427,0.081872657247487268,0.6054647290373637,0.45579597280958051,0.2028415888941375,0.60059498738077743,0.93801102609278508,0.65245290175501325,0.1005657936630967,0.47381534811508796,0.34866448694311514,0.51493758084823582,0.80055463916085012,0.20173824037307253,0.057894973458711085,0.86185365061582775,0.99895692067743946,0.72671352845404624,0.42999048041689414,0.41154817944217092,0.87541647550544899,0.46060484722279138,0.82580943365187687,0.50396533308177294,0.15484834450158402,0.21771933191237769,0.84892301834918249,0.78936163587611774,0.49699481631815812,0.66745704531206484,0.98550974838146277,0.89388694298093807,0.75372654571263653,0.81801592641368626,0.071055236972855318,0.45355100214207356,0.54114819081346921,0.82029174313574627,0.33670779555902308,0.011200160352131339,0.96929975461785767,0.41425840046744355,0.53273179171154361,0.18342513086848489,0.56461256439991225,0.024655945723219941
sample,V120,test,0,0,1,,,,,,,,,,,,,,,,,,,,,,,,,,,,,,,,,,,,,,,,,,,,,,,,,,,,,,,,,,,,,,,,,,,,,,,,,,,,,,,,,,,,,,,,,,,,,,,,,,,,,0.6346111914361352,0.64195347363083233,0.21071582164596769,0.83776929114791698,0.25184317650238819,0.41140329777055817,0.462053745110245,0.72592667104150699,0.91175871805063324,0.71489480636082059,0.15816095989575996,0.010979668938497888,0.09006598704967117,0.95059849019940768,0.70453992062290738,0.45198417754879117,0.86037306816181336,0.90210522378976021,0.040468240754650497,0.9780891827582493,0.65573280739978601,0.93498673402957921,0.57769692099610914,0.36559563001970175,0.61890037237733708,0.72940720782489998,0.36952394404507038,0.30092175705843272,0.7063366987673777,0.94512934606540144,0.4094204775988104,0.79198639051633446,0.44847992746415299,0.70974070983723458,0.57350307187363436,0.24046847166330476,0.42566457573405192,0.074718815912880432,0.85431879160529356,0.5291844588097141,0.57243164564338511,0.57867504891965094,0.44708179532857506,0.81557654902943755,0.92033277954400505,0.17380348315109184,0.23223617918707151,0.29163720943756521,0.6221772269672049,0.025766909155798601,0.36439159090782913,0.67757713103725958,0.49556262419599784,0.68727139501910339
sample,V121,test,0,0,0,,,,,,,,,,,,,,,,,,,,,,,,,,,,,,,,,,,,,,,,,,,,,,,,,,,,,,,,,,,,,,,,,,,,,,,,,,,,,,,,,,,,,,,,,,,,,,,,,,,,,0.069301461282509247,0.066283154026910207,0.35841821828792142,0.93533915754792996,0.064080003779838801,0.40377806836782337,0.93210675462522885,0.47577260948714872,0.16813332212456655,0.77551735504193564,0.6633914918306375,0.45422917627343773,0.82277921863349146,0.92879104479004282,0.99142124640624951,0.51216097223746027,0.19179856479584956,0.31521824421459577,0.47194542316056753,0.68672792587961995,0.18897538247455548,0.34648873705509842,0.19348951543776471,0.61653872222526396,0.33593046110774083,0.51709922261598873,0.4237119322668319,0.76046324219644779,0.047306146874503852,0.90248443804227596,0.52570792189053506,0.59209814866367483,0.51703602059071485,0.43375686217883169,0.72940026714053641,0.43490473559033072,0.370618560690819,0.093910442378934422,0.47044263249645057,0.59405037116704751,0.78222426487302377,0.83205661896274596,0.84665142099576041,0.21434960605615261,0.94511871356606814,0.47158181653319786,0.86577843923614117,0.42586690300322727,0.9526920166623466,0.18129764445003138,0.12958504593551778,0.95175599982252101,0.79272045503693644,0.62004649680806179
sample,V122,test,0,0,0,,,,,,,,,,,,,,,,,,,,,,,,,,,,,,,,,,,,,,,,,,,,,,,,,,,,,,,,,,,,,,,,,,,,,,,,,,,,,,,,,,,,,,,,,,,,,,,,,,,,,0.018550833071509065,0.79204491626046447,0.28191962028948037,0.87497791801638281,0.71081851441178001,0.12593153199567642,0.53321206186643244,0.021378658392978034,0.72666807115470022,0.59623211324718017,0.13324885128718145,0.74700229160761256,0.071953972620732665,0.017850972743245541,0.34279095696344508,0.57637517059766752,0.5545415997106683,0.4035562298957287,0.42193785001527806,0.46116555683436777,0.42806079560361332,0.98496758881827995,0.85915508658873119,0.30604496302293216,0.77482693805755609,0.63956150488274921,0.96639418199848992,0.59749590523455076,0.90738056171053438,0.93720766866296989,0.89695881860997073,0.34270193223352896,0.77882659979220592,0.00067411152087470949,0.48714112379041197,0.17007821323656247,0.86215452462995446,0.46590713651425986,0.29531634795217754,0.61738684756875006,0.33299026895024231,0.85846071878593955,0.61563639801119208,0.64661093221902233,0.35872288033964217,0.40239521753414198,0.078864440053051266,0.6701364619072534,0.92470510260401206,0.76234360235769294,0.86663782812723278,0.6121025221869183,0.40672702221248602,0.2996421791984164
sample,V123,test,0,1,0,,,,,,,,,,,,,,,,,,,,,,,,,,,,,,,,,,,,,,,,,,,,,,,,,,,,,,,,,,,,,,,,,,,,,,,,,,,,,,,,,,,,,,,,,,,,,,,,,,,,,0.64843268788579633,0.24514869287864394,0.37082872545867707,0.29896812096584924,0.56802681328009796,0.76858761712258894,0.64404015723415331,0.10326648905145752,0.30188051144850336,0.60423114991950355,0.5155945547755576,0.44723686108996052,0.095639042815856445,0.023070231057032542,0.83447305780534431,0.57096902354112811,0.41238131868771422,0.45635542663800244,0.54994948162875834,0.41032222579296163,0.77281905304249443,0.38926954211931086,0.03030713970896437,0.0011568864181433769,0.90007046411348701,0.42132833232876543,0.21836373311396529,0.7338323338490168,0.48355436097434923,0.93837417566721804,0.15438987169277696,0.13579878033865733,0.31828120606963095,0.65289082465300485,0.60082706185821588,0.027650217531474786,0.64314001653122543,0.14603623793035048,0.41701637105740041,0.96470233438955866,0.41247498392572979,0.53203386619628601,0.43339268710923973,0.29794532676123675,0.75531769530074144,0.93484447301263773,0.31712428957754868,0.52969383139168569,0.62277490246019407,0.31076321216599068,0.53854328976422294,0.20021881788454132,0.65998916521080475,0.68195375733167829
sample,V124,test,0,0,1,,,,,,,,,,,,,,,,,,,,,,,,,,,,,,,,,,,,,,,,,,,,,,,,,,,,,,,,,,,,,,,,,,,,,,,,,,,,,,,,,,,,,,,,,,,,,,,,,,,,,0.38827789059548001,0.01027291130885466,0.98908273282262837,0.2500591967778687,0.7090098231081251,0.18557842205171848,0.51504095974026287,0.93044560183156544,0.96202866402959331,0.67842987359670026,0.99898260154600937,0.40135941162425182,0.65691588522419031,0.64409553475013193,0.091705905572061042,0.2832554887126485,0.47106912082033803,0.012362559912545312,0.98857718120364146,0.35955989819282175,0.087385687569197179,0.56760492988833477,0.79012834713580837,0.41223705821278012,0.35452835274165506,0.30283934106129107,0.49914581830110016,0.28164802927265942,0.70712763906387344,0.27082834983118986,0.12590800860713758,0.058833341407777073,0.46408482587451594,0.38640158414349324,0.37222345598009277,0.87752329843448318,0.98930755379036761,0.29613737673635598,0.092121311662387129,0.010610758096953665,0.97778849911558852,0.74004474125056907,0.11759438099814401,0.0059161865691320648,0.14913951058754882,0.63645279637753005,0.68092395549524476,0.27018068866908573,0.089867854284847559,0.88581612025357936,0.29766646737922109,0.64056669210250627,0.34056926427949896,0.43619968571541823
sample,V125,test,1,0,0,,,,,,,,,,,,,,,,,,,,,,,,,,,,,,,,,,,,,,,,,,,,,,,,,,,,,,,,,,,,,,,,,,,,,,,,,,,,,,,,,,,,,,,,,,,,,,,,,,,,,0.70976690104205364,0.0058641677599371445,0.0042165229394566239,0.33017270170932578,0.11698487969038596,0.052144965332010851,0.73947184354372519,0.80517656582461239,0.49174833075693003,0.44574098619925773,0.94403456892697035,0.86381332674787614,0.58305496339109253,0.55989160190402476,0.072555047808492645,0.91140671632912107,0.54117808787258381,0.63621763056054936,0.81839952398209626,0.1681911514030312,0.69129218066026255,0.70442066298786865,0.98727895790665765,0.35179891156372489,0.61968517632618147,0.60106766470069384,0.93251162743987126,0.37742071481526229,0.32400990575158783,0.01300777934831987,0.79147540547070427,0.6243464901531276,0.96893898247726939,0.74244704517934956,0.7086418940235526,0.53750588009285549,0.083382680994445679,0.012446768785762563,0.09238801583800571,0.94780317023058192,0.52900203353502484,0.51836498089691718,0.15470179401818118,0.18385285911339988,0.37856186535382563,0.70580054340361909,0.56828903475374659,0.19751379013765724,0.86601146326098355,0.99574581514833782,0.42742378835249284,0.92805506803182314,0.48542471076983618,0.64679648731679174
sample,V126,test,0,0,1,,,,,,,,,,,,,,,,,,,,,,,,,,,,,,,,,,,,,,,,,,,,,,,,,,,,,,,,,,,,,,,,,,,,,,,,,,,,,,,,,,,,,,,,,,,,,,,,,,,,,0.41790166730172462,0.29426633253117829,0.62594076360812723,0.53282265563543907,0.34263222957882755,0.84485593900021549,0.2308507759054832,0.37566134017241593,0.50837435158755429,0.87851323836998607,0.066644338675758585,0.16560630070471516,0.89794833756110537,0.13221327549399386,0.83085781328951325,0.53510508554185698,0.54485238319179907,0.074855570538251315,0.49005566022409985,0.82911851820063276,0.94314543469027845,0.044871077820926808,0.78656213009966736,0.18187613969509075,0.45932665411601814,0.51360116315217319,0.73300915017319956,0.68375556847944752,0.043055834381017233,0.89468896379630036,0.40005799944324971,0.15965237829279122,0.89978929306717481,0.35699633805832043,0.73312323133261903,0.36164809198966807,0.38809393588199603,0.41999253608166676,0.031753795530340967,0.60444871650572485,0.84708059964254157,0.20319082207427097,0.87611340045069996,0.63619054215557369,0.065442066078532535,0.038283289359621331,0.5781632958823627,0.11345661882177571,0.35711440579623743,0.18938254085505468,0.11684738536203054,0.74229918710592857,0.54467124507987541,0.6542633418177527
sample,V127,test,0,0,0,,,,,,,,,,,,,,,,,,,,,,,,,,,,,,,,,,,,,,,,,,,,,,,,,,,,,,,,,,,,,,,,,,,,,,,,,,,,,,,,,,,,,,,,,,,,,,,,,,,,,0.36652455233179515,0.30543227012779595,0.78206190479932658,0.9390833317803674,0.020594497403306322,0.5615141059641644,0.72170713752646687,0.18076594433421556,0.025610466040173141,0.12122328473280575,0.29670803996634709,0.55321935126858468,0.74237785009454471,0.22166760987379452,0.1444390118797283,0.42102881955235272,0.22850155196020183,0.70872994757649121,0.77905720423253277,0.66245259855528238,0.81744137023451324,0.12371040742220196,0.83041220747898936,0.73132048553122908,0.69791064689520643,0.21534188489117956,0.89359372349729516,0.80900592299563456,0.33509650944604341,0.60556575433601234,0.20003157247306846,0.67523327500847907,0.21618945816831103,0.83903253019294788,0.026752241086495543,0.99222456665514924,0.055381258230809194,0.22822317083938481,0.67660348674102788,0.71214338121656495,0.40696431263257682,0.96664558958539981,0.042919191575851667,0.78360316999332613,0.87646554249505004,0.80173061344071195,0.72101411386526959,0.62593114315999088,0.68187567297550533,0.93966127077810757,0.57885867438425742,0.069500054774376485,0.5328713395554121,0.50670633273174348
